KC-OPX-hem_1,
W,R
0.50012,0.30885
0.50031,0.3042
0.5005,0.29981
0.5007,0.29306
0.50089,0.2912
0.50108,0.29562
0.50128,0.29737
0.50147,0.29284
0.50166,0.27708
0.50186,0.26384
0.50205,0.27144
0.50225,0.28827
0.50244,0.29058
0.50264,0.28416
0.50283,0.28503
0.50303,0.28747
0.50322,0.2882
0.50342,0.29102
0.50361,0.29535
0.50381,0.29513
0.50401,0.29845
0.5042,0.30392
0.5044,0.29604
0.50459,0.29221
0.50479,0.29162
0.50499,0.28532
0.50518,0.2857
0.50538,0.28267
0.50558,0.27573
0.50577,0.2768
0.50597,0.28135
0.50617,0.28819
0.50637,0.2936
0.50657,0.29283
0.50676,0.29382
0.50696,0.29516
0.50716,0.28544
0.50736,0.27259
0.50756,0.26854
0.50776,0.27224
0.50795,0.28241
0.50815,0.29222
0.50835,0.28944
0.50855,0.28007
0.50875,0.27435
0.50895,0.27247
0.50915,0.2808
0.50935,0.29662
0.50955,0.30146
0.50975,0.29967
0.50995,0.29905
0.51015,0.2889
0.51035,0.28095
0.51056,0.28587
0.51076,0.2849
0.51096,0.28096
0.51116,0.28511
0.51136,0.28964
0.51156,0.29215
0.51177,0.28821
0.51197,0.28285
0.51217,0.28551
0.51237,0.28801
0.51257,0.28843
0.51278,0.29196
0.51298,0.29153
0.51318,0.28688
0.51339,0.28948
0.51359,0.29265
0.51379,0.28716
0.514,0.28459
0.5142,0.29185
0.51441,0.30122
0.51461,0.30105
0.51481,0.29302
0.51502,0.29176
0.51522,0.29828
0.51543,0.3018
0.51563,0.29467
0.51584,0.28605
0.51604,0.29323
0.51625,0.30214
0.51645,0.29881
0.51666,0.29674
0.51687,0.29879
0.51707,0.30342
0.51728,0.30351
0.51749,0.29548
0.51769,0.29183
0.5179,0.29337
0.51811,0.29399
0.51831,0.29102
0.51852,0.28909
0.51873,0.29591
0.51894,0.30624
0.51914,0.30522
0.51935,0.29589
0.51956,0.29467
0.51977,0.29756
0.51998,0.30102
0.52018,0.30485
0.52039,0.30351
0.5206,0.30115
0.52081,0.30028
0.52102,0.2969
0.52123,0.28941
0.52144,0.288
0.52165,0.29134
0.52186,0.2908
0.52207,0.29442
0.52228,0.29555
0.52249,0.29105
0.5227,0.29152
0.52291,0.29273
0.52312,0.29214
0.52333,0.292
0.52355,0.29642
0.52376,0.30263
0.52397,0.30257
0.52418,0.30075
0.52439,0.29878
0.52461,0.29491
0.52482,0.29415
0.52503,0.30115
0.52524,0.30627
0.52546,0.29764
0.52567,0.28887
0.52588,0.29057
0.5261,0.29266
0.52631,0.29229
0.52652,0.29256
0.52674,0.29518
0.52695,0.29969
0.52717,0.30154
0.52738,0.30171
0.5276,0.30235
0.52781,0.30411
0.52802,0.30312
0.52824,0.29715
0.52846,0.29664
0.52867,0.30036
0.52889,0.3005
0.5291,0.29771
0.52932,0.2943
0.52953,0.2942
0.52975,0.29555
0.52997,0.29668
0.53018,0.29762
0.5304,0.29978
0.53062,0.30265
0.53084,0.29868
0.53105,0.29684
0.53127,0.3018
0.53149,0.30224
0.53171,0.2987
0.53192,0.29696
0.53214,0.29961
0.53236,0.30386
0.53258,0.30708
0.5328,0.30715
0.53302,0.3022
0.53324,0.29938
0.53346,0.30213
0.53368,0.30521
0.5339,0.30116
0.53412,0.29541
0.53434,0.29562
0.53456,0.29525
0.53478,0.29805
0.535,0.30269
0.53522,0.30159
0.53544,0.30083
0.53566,0.30184
0.53588,0.30294
0.5361,0.3009
0.53633,0.29718
0.53655,0.29822
0.53677,0.30073
0.53699,0.30613
0.53722,0.31045
0.53744,0.30488
0.53766,0.29826
0.53788,0.29771
0.53811,0.30059
0.53833,0.30373
0.53855,0.30487
0.53878,0.30296
0.539,0.30191
0.53923,0.30111
0.53945,0.29827
0.53968,0.30053
0.5399,0.30309
0.54013,0.30288
0.54035,0.30679
0.54058,0.31013
0.5408,0.30855
0.54103,0.30315
0.54125,0.29881
0.54148,0.29954
0.54171,0.30327
0.54193,0.30387
0.54216,0.30268
0.54239,0.30436
0.54261,0.30368
0.54284,0.3068
0.54307,0.30964
0.54329,0.30119
0.54352,0.29554
0.54375,0.29784
0.54398,0.30094
0.54421,0.30267
0.54444,0.30273
0.54466,0.29992
0.54489,0.29947
0.54512,0.30428
0.54535,0.30602
0.54558,0.30638
0.54581,0.30495
0.54604,0.30201
0.54627,0.30231
0.5465,0.30379
0.54673,0.30617
0.54696,0.30505
0.54719,0.3033
0.54742,0.30388
0.54766,0.3043
0.54789,0.30355
0.54812,0.29957
0.54835,0.29728
0.54858,0.29757
0.54881,0.30114
0.54905,0.30433
0.54928,0.30293
0.54951,0.30447
0.54975,0.30574
0.54998,0.30315
0.55021,0.30103
0.55045,0.30215
0.55068,0.30379
0.55091,0.30147
0.55115,0.30021
0.55138,0.30224
0.55162,0.30641
0.55185,0.30817
0.55209,0.30429
0.55232,0.30264
0.55256,0.30342
0.55279,0.30335
0.55303,0.30473
0.55327,0.30574
0.5535,0.3054
0.55374,0.30591
0.55397,0.30612
0.55421,0.30553
0.55445,0.30796
0.55469,0.30889
0.55492,0.30314
0.55516,0.30041
0.5554,0.3042
0.55564,0.30658
0.55588,0.30613
0.55611,0.30636
0.55635,0.30946
0.55659,0.31198
0.55683,0.31068
0.55707,0.30946
0.55731,0.30871
0.55755,0.30655
0.55779,0.30528
0.55803,0.30371
0.55827,0.30251
0.55851,0.30467
0.55875,0.30653
0.55899,0.30772
0.55923,0.3078
0.55947,0.30661
0.55972,0.30816
0.55996,0.30878
0.5602,0.30883
0.56044,0.31013
0.56068,0.30856
0.56093,0.30635
0.56117,0.3051
0.56141,0.30506
0.56166,0.30846
0.5619,0.31119
0.56214,0.31074
0.56239,0.31031
0.56263,0.3075
0.56287,0.30491
0.56312,0.3078
0.56336,0.31071
0.56361,0.31107
0.56385,0.30945
0.5641,0.30873
0.56435,0.30919
0.56459,0.30903
0.56484,0.31038
0.56508,0.30938
0.56533,0.30638
0.56558,0.30496
0.56582,0.30567
0.56607,0.30775
0.56632,0.30805
0.56657,0.308
0.56681,0.30806
0.56706,0.30805
0.56731,0.30711
0.56756,0.30582
0.56781,0.30828
0.56805,0.31123
0.5683,0.31074
0.56855,0.30942
0.5688,0.30959
0.56905,0.30981
0.5693,0.31007
0.56955,0.31224
0.5698,0.31401
0.57005,0.31152
0.5703,0.30957
0.57056,0.31106
0.57081,0.3091
0.57106,0.30766
0.57131,0.30869
0.57156,0.30899
0.57181,0.31222
0.57207,0.31478
0.57232,0.31546
0.57257,0.31411
0.57282,0.31021
0.57308,0.30998
0.57333,0.31284
0.57358,0.31273
0.57384,0.3095
0.57409,0.30946
0.57435,0.31158
0.5746,0.31271
0.57486,0.31431
0.57511,0.31347
0.57537,0.31084
0.57562,0.30991
0.57588,0.31116
0.57613,0.31321
0.57639,0.31367
0.57665,0.31312
0.5769,0.31271
0.57716,0.31284
0.57742,0.31347
0.57767,0.31395
0.57793,0.31559
0.57819,0.31819
0.57845,0.31923
0.57871,0.31782
0.57896,0.31277
0.57922,0.30876
0.57948,0.31144
0.57974,0.31589
0.58,0.3178
0.58026,0.31724
0.58052,0.3169
0.58078,0.31707
0.58104,0.31509
0.5813,0.31455
0.58156,0.31611
0.58182,0.31705
0.58208,0.31678
0.58235,0.31438
0.58261,0.31261
0.58287,0.31459
0.58313,0.31778
0.58339,0.3181
0.58366,0.31588
0.58392,0.31279
0.58418,0.31077
0.58445,0.31226
0.58471,0.31438
0.58497,0.31502
0.58524,0.31546
0.5855,0.31516
0.58577,0.31477
0.58603,0.31473
0.5863,0.31535
0.58656,0.3166
0.58683,0.3178
0.58709,0.32072
0.58736,0.32318
0.58763,0.32234
0.58789,0.32002
0.58816,0.31879
0.58843,0.32011
0.58869,0.32071
0.58896,0.31917
0.58923,0.31769
0.5895,0.31695
0.58976,0.31647
0.59003,0.31556
0.5903,0.31622
0.59057,0.31765
0.59084,0.31828
0.59111,0.31881
0.59138,0.31849
0.59165,0.31811
0.59192,0.31736
0.59219,0.31694
0.59246,0.3181
0.59273,0.31811
0.593,0.31737
0.59327,0.31779
0.59354,0.31895
0.59382,0.31899
0.59409,0.31728
0.59436,0.31658
0.59463,0.31653
0.59491,0.31767
0.59518,0.31989
0.59545,0.31889
0.59573,0.31751
0.596,0.3178
0.59627,0.319
0.59655,0.32054
0.59682,0.32027
0.5971,0.3204
0.59737,0.31987
0.59765,0.31878
0.59792,0.31947
0.5982,0.32089
0.59848,0.32199
0.59875,0.32139
0.59903,0.32138
0.59931,0.32202
0.59958,0.32196
0.59986,0.31981
0.60014,0.31683
0.60042,0.31746
0.6007,0.31877
0.60097,0.31988
0.60125,0.32138
0.60153,0.32262
0.60181,0.32305
0.60209,0.32184
0.60237,0.32135
0.60265,0.32184
0.60293,0.3224
0.60321,0.32102
0.60349,0.32024
0.60377,0.32146
0.60405,0.32116
0.60434,0.32073
0.60462,0.32044
0.6049,0.32091
0.60518,0.32222
0.60547,0.323
0.60575,0.32331
0.60603,0.32341
0.60631,0.32391
0.6066,0.3243
0.60688,0.32424
0.60717,0.32331
0.60745,0.32357
0.60774,0.3238
0.60802,0.32286
0.60831,0.32221
0.60859,0.32144
0.60888,0.32274
0.60916,0.32329
0.60945,0.32264
0.60974,0.32353
0.61002,0.32498
0.61031,0.32562
0.6106,0.32544
0.61089,0.32636
0.61117,0.32618
0.61146,0.32544
0.61175,0.3255
0.61204,0.32566
0.61233,0.32539
0.61262,0.32415
0.61291,0.32449
0.6132,0.32563
0.61349,0.32609
0.61378,0.32546
0.61407,0.3261
0.61436,0.32664
0.61465,0.32542
0.61494,0.32518
0.61524,0.32435
0.61553,0.32538
0.61582,0.32577
0.61611,0.32533
0.61641,0.32662
0.6167,0.32632
0.61699,0.32661
0.61729,0.32596
0.61758,0.32639
0.61787,0.32881
0.61817,0.32974
0.61846,0.32946
0.61876,0.32869
0.61905,0.32785
0.61935,0.32602
0.61965,0.32676
0.61994,0.32686
0.62024,0.3264
0.62054,0.32789
0.62083,0.32716
0.62113,0.32705
0.62143,0.32716
0.62173,0.32772
0.62203,0.32867
0.62232,0.32874
0.62262,0.328
0.62292,0.32699
0.62322,0.32743
0.62352,0.3267
0.62382,0.3277
0.62412,0.32963
0.62442,0.33008
0.62472,0.32845
0.62502,0.32665
0.62533,0.329
0.62563,0.33079
0.62593,0.33061
0.62623,0.32855
0.62654,0.32817
0.62684,0.32961
0.62714,0.33055
0.62744,0.33212
0.62775,0.33083
0.62805,0.3302
0.62836,0.32938
0.62866,0.32878
0.62897,0.32882
0.62927,0.32868
0.62958,0.32995
0.62988,0.32974
0.63019,0.33168
0.6305,0.33088
0.6308,0.32994
0.63111,0.33016
0.63142,0.33003
0.63173,0.33107
0.63203,0.33087
0.63234,0.3233
0.63327,0.35318
0.63358,0.32465
0.63389,0.33384
0.6342,0.33469
0.63451,0.33317
0.63482,0.33369
0.63513,0.33294
0.63544,0.33254
0.63575,0.3329
0.63607,0.33247
0.63638,0.33281
0.63669,0.33259
0.637,0.33425
0.63732,0.33582
0.63763,0.33617
0.63794,0.335
0.63826,0.33381
0.63857,0.33359
0.63889,0.33319
0.6392,0.334
0.63952,0.33493
0.63983,0.33564
0.64015,0.33614
0.64046,0.33598
0.64078,0.3351
0.6411,0.33452
0.64142,0.33502
0.64173,0.33551
0.64205,0.33589
0.64237,0.33622
0.64269,0.33682
0.64301,0.33692
0.64333,0.33626
0.64364,0.33543
0.64396,0.33552
0.64428,0.33679
0.64461,0.33778
0.64493,0.3389
0.64525,0.33855
0.64557,0.33725
0.64589,0.33799
0.64621,0.33877
0.64653,0.3384
0.64686,0.33821
0.64718,0.33845
0.6475,0.33921
0.64783,0.33972
0.64815,0.33852
0.64847,0.33732
0.6488,0.33767
0.64912,0.33829
0.64945,0.33909
0.64978,0.3399
0.6501,0.34031
0.65043,0.34078
0.65075,0.34081
0.65108,0.34009
0.65141,0.33936
0.65173,0.33975
0.65206,0.34162
0.65239,0.34213
0.65272,0.34041
0.65305,0.33954
0.65338,0.34028
0.65371,0.34127
0.65404,0.3413
0.65437,0.34103
0.6547,0.34079
0.65503,0.34056
0.65536,0.34174
0.65569,0.34269
0.65602,0.3432
0.65635,0.34408
0.65669,0.34404
0.65702,0.3435
0.65735,0.34317
0.65769,0.34301
0.65802,0.34333
0.65836,0.34363
0.65869,0.34295
0.65902,0.34278
0.65936,0.34345
0.6597,0.34391
0.66003,0.34419
0.66037,0.34348
0.6607,0.34314
0.66104,0.34354
0.66138,0.34362
0.66172,0.34412
0.66205,0.34484
0.66239,0.3455
0.66273,0.34562
0.66307,0.34469
0.66341,0.34371
0.66375,0.3443
0.66409,0.34534
0.66443,0.34555
0.66477,0.34607
0.66511,0.34613
0.66545,0.34598
0.66579,0.34641
0.66614,0.34652
0.66648,0.34632
0.66682,0.34597
0.66716,0.34597
0.66751,0.3467
0.66785,0.34786
0.6682,0.34839
0.66854,0.34786
0.66889,0.34718
0.66923,0.34738
0.66958,0.34841
0.66992,0.34919
0.67027,0.3493
0.67062,0.34882
0.67096,0.34866
0.67131,0.34929
0.67166,0.34992
0.67201,0.35002
0.67236,0.34962
0.6727,0.34962
0.67305,0.35032
0.6734,0.35111
0.67375,0.35148
0.6741,0.35116
0.67445,0.35096
0.67481,0.35147
0.67516,0.35177
0.67551,0.35191
0.67586,0.35194
0.67621,0.35169
0.67657,0.35241
0.67692,0.35337
0.67727,0.35358
0.67763,0.35349
0.67798,0.35299
0.67834,0.35283
0.67869,0.35312
0.67905,0.35352
0.6794,0.354
0.67976,0.35376
0.68012,0.3532
0.68047,0.35295
0.68083,0.35312
0.68119,0.35326
0.68155,0.35333
0.6819,0.35399
0.68226,0.35477
0.68262,0.35518
0.68298,0.35561
0.68334,0.35606
0.6837,0.35619
0.68406,0.35594
0.68443,0.35629
0.68479,0.35754
0.68515,0.35777
0.68551,0.35696
0.68587,0.35655
0.68624,0.35644
0.6866,0.35649
0.68696,0.35642
0.68733,0.35648
0.68769,0.35698
0.68806,0.35746
0.68842,0.35785
0.68879,0.35783
0.68916,0.35734
0.68952,0.3573
0.68989,0.35759
0.69026,0.35777
0.69062,0.35855
0.69099,0.35953
0.69136,0.36002
0.69173,0.36038
0.6921,0.36006
0.69247,0.35946
0.69284,0.35987
0.69321,0.36071
0.69358,0.36072
0.69395,0.36065
0.69432,0.36114
0.6947,0.36126
0.69507,0.36127
0.69544,0.36172
0.69581,0.362
0.69619,0.36184
0.69656,0.36179
0.69694,0.36217
0.69731,0.36255
0.69769,0.36242
0.69806,0.36218
0.69844,0.36223
0.69881,0.36238
0.69919,0.3633
0.69957,0.36433
0.69995,0.36401
0.70032,0.36341
0.7007,0.36379
0.70108,0.3644
0.70146,0.36417
0.70184,0.36388
0.70222,0.36393
0.7026,0.36401
0.70298,0.36434
0.70336,0.3648
0.70375,0.36526
0.70413,0.36541
0.70451,0.36535
0.70489,0.36548
0.70528,0.36598
0.70566,0.36696
0.70605,0.36734
0.70643,0.36695
0.70682,0.36654
0.7072,0.36649
0.70759,0.36708
0.70797,0.36797
0.70836,0.36836
0.70875,0.36824
0.70914,0.36849
0.70952,0.36902
0.70991,0.36899
0.7103,0.36817
0.71069,0.36786
0.71108,0.3683
0.71147,0.36861
0.71186,0.36917
0.71225,0.36962
0.71265,0.36963
0.71304,0.36962
0.71343,0.37005
0.71382,0.37067
0.71422,0.37069
0.71461,0.37095
0.715,0.37141
0.7154,0.37163
0.71579,0.37175
0.71619,0.37172
0.71658,0.37193
0.71698,0.37173
0.71738,0.3715
0.71777,0.37168
0.71817,0.37148
0.71857,0.37168
0.71897,0.37222
0.71937,0.37242
0.71977,0.37263
0.72017,0.37272
0.72057,0.37303
0.72097,0.37351
0.72137,0.37381
0.72177,0.3745
0.72217,0.37495
0.72258,0.3749
0.72298,0.37504
0.72338,0.37504
0.72379,0.37491
0.72419,0.37497
0.7246,0.375
0.725,0.37485
0.72541,0.3753
0.72581,0.37623
0.72622,0.37648
0.72663,0.37667
0.72703,0.37696
0.72744,0.37648
0.72785,0.37606
0.72826,0.37643
0.72867,0.37669
0.72908,0.37657
0.72949,0.37679
0.7299,0.37712
0.73031,0.37719
0.73072,0.3776
0.73113,0.37777
0.73155,0.37743
0.73196,0.37757
0.73237,0.37798
0.73279,0.37826
0.7332,0.37836
0.73362,0.37819
0.73403,0.37826
0.73445,0.37822
0.73486,0.37792
0.73528,0.37739
0.7357,0.37698
0.73612,0.37755
0.73653,0.37858
0.73695,0.3792
0.73737,0.37921
0.73779,0.37913
0.73821,0.37918
0.73863,0.37919
0.73905,0.37917
0.73948,0.37915
0.7399,0.37931
0.74032,0.37922
0.74074,0.379
0.74117,0.37914
0.74159,0.37936
0.74202,0.3796
0.74244,0.38004
0.74287,0.38029
0.74329,0.37964
0.74372,0.37917
0.74415,0.37948
0.74457,0.37972
0.745,0.38041
0.74543,0.38086
0.74586,0.38077
0.74629,0.38097
0.74672,0.38101
0.74715,0.38067
0.74758,0.38027
0.74801,0.38012
0.74844,0.37992
0.74887,0.37944
0.74931,0.3797
0.74974,0.38037
0.75017,0.3802
0.75061,0.37967
0.75104,0.37968
0.75148,0.37965
0.75191,0.37944
0.75235,0.37935
0.75279,0.37927
0.75323,0.37955
0.75366,0.37969
0.7541,0.37933
0.75454,0.37916
0.75498,0.37938
0.75542,0.38013
0.75586,0.38009
0.7563,0.3791
0.75674,0.37905
0.75719,0.37967
0.75763,0.38019
0.75807,0.38041
0.75851,0.38016
0.75896,0.37975
0.7594,0.37941
0.75985,0.37921
0.76029,0.37906
0.76074,0.37916
0.76119,0.37933
0.76163,0.37901
0.76208,0.37832
0.76253,0.37788
0.76298,0.378
0.76343,0.37823
0.76388,0.37842
0.76433,0.3784
0.76478,0.37805
0.76523,0.3778
0.76568,0.37766
0.76614,0.37737
0.76659,0.37671
0.76704,0.37621
0.7675,0.3763
0.76795,0.3764
0.76841,0.37628
0.76886,0.37615
0.76932,0.37581
0.76977,0.37538
0.77023,0.37546
0.77069,0.37586
0.77115,0.37598
0.77161,0.37563
0.77207,0.37493
0.77253,0.37433
0.77299,0.37399
0.77345,0.37372
0.77391,0.37367
0.77437,0.37371
0.77484,0.37314
0.7753,0.3722
0.77576,0.37164
0.77623,0.37168
0.77669,0.37197
0.77716,0.37177
0.77762,0.3715
0.77809,0.3713
0.77856,0.37071
0.77903,0.37039
0.7795,0.3701
0.77996,0.36942
0.78043,0.36888
0.7809,0.3689
0.78138,0.36897
0.78185,0.36849
0.78232,0.36804
0.78279,0.36801
0.78326,0.36787
0.78374,0.36691
0.78421,0.36582
0.78469,0.36557
0.78516,0.36541
0.78564,0.36505
0.78611,0.36471
0.78659,0.36433
0.78707,0.36382
0.78755,0.36329
0.78803,0.36274
0.7885,0.36179
0.78898,0.36104
0.78946,0.36042
0.78995,0.35954
0.79043,0.35886
0.79091,0.35827
0.79139,0.35782
0.79188,0.35763
0.79236,0.35723
0.79284,0.3567
0.79333,0.35632
0.79382,0.3557
0.7943,0.355
0.79479,0.35453
0.79528,0.35388
0.79576,0.35315
0.79625,0.35253
0.79674,0.35198
0.79723,0.35141
0.79772,0.35091
0.79822,0.35053
0.79871,0.34981
0.7992,0.34932
0.79969,0.34929
0.80019,0.34847
0.80068,0.34726
0.80117,0.34663
0.80167,0.34605
0.80217,0.345
0.80266,0.34397
0.80316,0.34345
0.80366,0.34311
0.80416,0.34254
0.80466,0.34198
0.80516,0.34166
0.80566,0.34118
0.80616,0.34027
0.80666,0.33926
0.80716,0.33844
0.80766,0.33764
0.80817,0.33663
0.80867,0.33582
0.80918,0.33534
0.80968,0.33447
0.81019,0.33354
0.81069,0.33317
0.8112,0.3324
0.81171,0.33108
0.81222,0.33019
0.81273,0.32961
0.81324,0.32896
0.81375,0.32833
0.81426,0.32772
0.81477,0.3271
0.81528,0.32629
0.8158,0.32529
0.81631,0.32415
0.81682,0.32304
0.81734,0.32257
0.81786,0.32245
0.81837,0.32186
0.81889,0.32096
0.81941,0.32014
0.81992,0.31946
0.82044,0.31892
0.82096,0.31803
0.82148,0.31673
0.822,0.31587
0.82253,0.31532
0.82305,0.31456
0.82357,0.31383
0.82409,0.31328
0.82462,0.31251
0.82514,0.31147
0.82567,0.31057
0.8262,0.30995
0.82672,0.30939
0.82725,0.30875
0.82778,0.30799
0.82831,0.30701
0.82884,0.30623
0.82937,0.30565
0.8299,0.30474
0.83043,0.30385
0.83096,0.30308
0.8315,0.30196
0.83203,0.3007
0.83256,0.29995
0.8331,0.29925
0.83363,0.29834
0.83417,0.29792
0.83471,0.29759
0.83525,0.29686
0.83578,0.29592
0.83632,0.29497
0.83686,0.29432
0.8374,0.29387
0.83794,0.29339
0.83849,0.29275
0.83903,0.29184
0.83957,0.29075
0.84012,0.28988
0.84066,0.28952
0.84121,0.28904
0.84175,0.28801
0.8423,0.28722
0.84285,0.28688
0.8434,0.28611
0.84395,0.28504
0.8445,0.28415
0.84505,0.28321
0.8456,0.28228
0.84615,0.28159
0.8467,0.28105
0.84726,0.28029
0.84781,0.27949
0.84836,0.27868
0.84892,0.27777
0.84948,0.27732
0.85003,0.27698
0.85059,0.27623
0.85115,0.27533
0.85171,0.27454
0.85227,0.27415
0.85283,0.27372
0.85339,0.273
0.85395,0.27206
0.85452,0.27119
0.85508,0.27057
0.85564,0.26989
0.85621,0.2692
0.85678,0.26846
0.85734,0.26776
0.85791,0.26713
0.85848,0.26646
0.85905,0.26586
0.85962,0.26516
0.86019,0.26459
0.86076,0.2641
0.86133,0.26344
0.8619,0.26291
0.86248,0.26249
0.86305,0.26191
0.86362,0.26113
0.8642,0.2605
0.86478,0.25995
0.86535,0.25953
0.86593,0.25909
0.86651,0.25835
0.86709,0.25761
0.86767,0.25704
0.86825,0.25662
0.86883,0.25621
0.86942,0.25563
0.87,0.25498
0.87058,0.25434
0.87117,0.25381
0.87176,0.25331
0.87234,0.2528
0.87293,0.25224
0.87352,0.25174
0.87411,0.25134
0.8747,0.25084
0.87529,0.25031
0.87588,0.24985
0.87647,0.24943
0.87706,0.24888
0.87766,0.24827
0.87825,0.24786
0.87885,0.24744
0.87944,0.2469
0.88004,0.24635
0.88064,0.24595
0.88124,0.24577
0.88184,0.2455
0.88244,0.24501
0.88304,0.24444
0.88364,0.24393
0.88424,0.24354
0.88485,0.24323
0.88545,0.24298
0.88606,0.24255
0.88666,0.24206
0.88727,0.24175
0.88788,0.24145
0.88849,0.24115
0.8891,0.24078
0.88971,0.2403
0.89032,0.23987
0.89093,0.23965
0.89154,0.23959
0.89215,0.23933
0.89277,0.23887
0.89338,0.2385
0.894,0.23815
0.89462,0.23786
0.89524,0.23761
0.89585,0.23737
0.89647,0.23708
0.89709,0.23678
0.89772,0.2365
0.89834,0.23616
0.89896,0.23591
0.89958,0.23581
0.90021,0.23569
0.90083,0.23547
0.90146,0.23529
0.90209,0.23513
0.90272,0.23482
0.90335,0.23452
0.90398,0.23431
0.90461,0.23412
0.90524,0.23408
0.90587,0.23409
0.9065,0.23396
0.90714,0.23373
0.90777,0.23357
0.90841,0.23347
0.90905,0.23335
0.90968,0.23324
0.91032,0.23313
0.91096,0.23306
0.9116,0.23302
0.91225,0.23293
0.91289,0.23286
0.91353,0.23279
0.91418,0.23273
0.91482,0.23279
0.91547,0.23276
0.91611,0.23269
0.91676,0.23267
0.91741,0.23257
0.91806,0.23249
0.91871,0.23258
0.91936,0.23267
0.92001,0.23276
0.92067,0.23287
0.92132,0.23298
0.92198,0.23309
0.92263,0.23321
0.92329,0.23326
0.92395,0.23329
0.92461,0.23338
0.92527,0.2335
0.92593,0.23366
0.92659,0.23387
0.92725,0.23403
0.92792,0.23411
0.92858,0.23416
0.92925,0.23428
0.92991,0.2345
0.93058,0.23471
0.93125,0.23488
0.93192,0.23506
0.93259,0.23527
0.93326,0.23545
0.93393,0.23564
0.93461,0.23591
0.93528,0.23619
0.93596,0.23643
0.93663,0.23661
0.93731,0.23684
0.93799,0.23706
0.93867,0.23727
0.93935,0.23756
0.94003,0.2379
0.94071,0.23822
0.9414,0.23854
0.94208,0.23895
0.94276,0.23933
0.94345,0.23959
0.94414,0.23996
0.94483,0.24034
0.94551,0.24064
0.94621,0.24095
0.9469,0.24127
0.94759,0.24168
0.94828,0.2421
0.94898,0.24247
0.94967,0.24286
0.95037,0.2433
0.95106,0.24373
0.95176,0.24415
0.95246,0.24459
0.95316,0.24515
0.95386,0.24574
0.95457,0.2463
0.95527,0.24685
0.95597,0.24738
0.95668,0.24794
0.95739,0.24846
0.95809,0.24893
0.9588,0.24948
0.95951,0.25008
0.96022,0.25067
0.96094,0.25125
0.96165,0.25186
0.96236,0.25249
0.96308,0.25313
0.96379,0.25379
0.96451,0.25452
0.96523,0.25521
0.96595,0.25586
0.96667,0.25659
0.96739,0.25733
0.96811,0.25805
0.96883,0.25875
0.96956,0.25944
0.97029,0.26014
0.97101,0.26086
0.97174,0.26158
0.97247,0.26234
0.9732,0.26315
0.97393,0.26396
0.97466,0.26481
0.9754,0.26574
0.97613,0.26665
0.97687,0.26747
0.9776,0.26827
0.97834,0.26908
0.97908,0.26989
0.97982,0.27072
0.98056,0.27158
0.9813,0.27242
0.98205,0.27324
0.98279,0.27412
0.98354,0.27504
0.98428,0.27594
0.98503,0.27692
0.98578,0.27802
0.98653,0.27911
0.98728,0.28017
0.98803,0.28121
0.98879,0.28216
0.98954,0.28314
0.9903,0.28412
0.99106,0.28513
0.99181,0.28618
0.99257,0.28728
0.99333,0.28833
0.9941,0.28939
0.99486,0.29055
0.99562,0.29165
0.99639,0.29263
0.99715,0.2936
0.99792,0.29464
0.99869,0.29573
0.99946,0.29685
1.0002,0.29798
1.001,0.2991
1.0018,0.30022
1.0026,0.30128
1.0033,0.30238
1.0041,0.30351
1.0047,0.30475
1.0049,0.30488
1.0051,0.30465
1.0053,0.30535
1.0055,0.30571
1.0057,0.30482
1.0059,0.30401
1.0061,0.30406
1.0062,0.3049
1.0064,0.30623
1.0066,0.30672
1.0068,0.30632
1.007,0.30661
1.0072,0.30787
1.0074,0.30959
1.0076,0.31124
1.0078,0.31183
1.008,0.31133
1.0082,0.3102
1.0084,0.30833
1.0086,0.30701
1.0088,0.30779
1.009,0.30986
1.0092,0.31183
1.0094,0.313
1.0096,0.31263
1.0098,0.31148
1.01,0.31136
1.0102,0.31257
1.0104,0.31406
1.0106,0.31489
1.0108,0.31501
1.011,0.31538
1.0112,0.31595
1.0114,0.31551
1.0115,0.31424
1.0117,0.31384
1.0119,0.31521
1.0121,0.31754
1.0123,0.31903
1.0125,0.31911
1.0127,0.31889
1.0129,0.31908
1.0131,0.31982
1.0133,0.32069
1.0135,0.3202
1.0137,0.31843
1.0139,0.31778
1.0141,0.31865
1.0143,0.31923
1.0145,0.31914
1.0147,0.31923
1.0149,0.32017
1.0151,0.32175
1.0153,0.32206
1.0155,0.32011
1.0157,0.31856
1.0159,0.31991
1.0161,0.32231
1.0163,0.32263
1.0165,0.32137
1.0167,0.32156
1.0169,0.32372
1.0171,0.32561
1.0173,0.32635
1.0175,0.32664
1.0177,0.32686
1.0179,0.32753
1.0181,0.32857
1.0183,0.32857
1.0185,0.32723
1.0187,0.32603
1.0189,0.3257
1.0191,0.32595
1.0193,0.32654
1.0195,0.32716
1.0197,0.32787
1.0199,0.32889
1.0201,0.32959
1.0203,0.32924
1.0205,0.3282
1.0207,0.32711
1.0209,0.32606
1.0211,0.32551
1.0213,0.32667
1.0215,0.3295
1.0217,0.33175
1.0219,0.33203
1.0221,0.33193
1.0223,0.33302
1.0225,0.33424
1.0227,0.33437
1.0229,0.33421
1.0231,0.33476
1.0233,0.33567
1.0235,0.33611
1.0237,0.33551
1.0239,0.33412
1.0241,0.33342
1.0243,0.3339
1.0245,0.33418
1.0247,0.33425
1.0249,0.33559
1.0251,0.33744
1.0254,0.33792
1.0256,0.33725
1.0258,0.33642
1.026,0.33596
1.0262,0.33609
1.0264,0.33622
1.0266,0.33638
1.0268,0.33755
1.027,0.33878
1.0272,0.33848
1.0274,0.33817
1.0276,0.33948
1.0278,0.34088
1.028,0.34099
1.0282,0.34085
1.0284,0.34142
1.0286,0.34246
1.0288,0.34325
1.029,0.34309
1.0292,0.34223
1.0294,0.34218
1.0296,0.34355
1.0298,0.34494
1.03,0.34551
1.0302,0.34587
1.0304,0.34575
1.0307,0.34493
1.0309,0.34538
1.0311,0.34777
1.0313,0.3491
1.0315,0.34767
1.0317,0.34581
1.0319,0.34564
1.0321,0.34667
1.0323,0.34791
1.0325,0.34882
1.0327,0.34889
1.0329,0.34786
1.0331,0.3462
1.0333,0.34519
1.0335,0.34616
1.0337,0.34868
1.0339,0.35101
1.0341,0.35249
1.0344,0.35319
1.0346,0.3524
1.0348,0.3508
1.035,0.35098
1.0352,0.35336
1.0354,0.35571
1.0356,0.35687
1.0358,0.35675
1.036,0.35513
1.0362,0.35331
1.0364,0.35328
1.0366,0.35481
1.0368,0.35602
1.037,0.35603
1.0372,0.35537
1.0375,0.35479
1.0377,0.35477
1.0379,0.35546
1.0381,0.35624
1.0383,0.35654
1.0385,0.35704
1.0387,0.35837
1.0389,0.35983
1.0391,0.36092
1.0393,0.36156
1.0395,0.36144
1.0397,0.36101
1.04,0.36056
1.0402,0.35945
1.0404,0.35867
1.0406,0.35977
1.0408,0.36118
1.041,0.36091
1.0412,0.36025
1.0414,0.36108
1.0416,0.36305
1.0418,0.36437
1.042,0.36391
1.0423,0.36293
1.0425,0.36336
1.0427,0.36471
1.0429,0.36521
1.0431,0.3648
1.0433,0.36455
1.0435,0.36477
1.0437,0.36506
1.0439,0.3652
1.0441,0.36532
1.0444,0.36556
1.0446,0.36617
1.0448,0.36754
1.045,0.36922
1.0452,0.37019
1.0454,0.37038
1.0456,0.3704
1.0458,0.37039
1.046,0.37013
1.0462,0.36985
1.0465,0.36989
1.0467,0.37019
1.0469,0.37063
1.0471,0.37165
1.0473,0.37326
1.0475,0.37409
1.0477,0.37316
1.0479,0.37154
1.0482,0.37084
1.0484,0.37141
1.0486,0.37241
1.0488,0.37285
1.049,0.37255
1.0492,0.37246
1.0494,0.37351
1.0496,0.37486
1.0498,0.37477
1.0501,0.37351
1.0503,0.37284
1.0505,0.37344
1.0507,0.37516
1.0509,0.37745
1.0511,0.37871
1.0513,0.37841
1.0516,0.37805
1.0518,0.37821
1.052,0.37824
1.0522,0.3782
1.0524,0.37811
1.0526,0.37766
1.0528,0.37726
1.053,0.37764
1.0533,0.3789
1.0535,0.38024
1.0537,0.38068
1.0539,0.38045
1.0541,0.38038
1.0543,0.38032
1.0545,0.38017
1.0548,0.38043
1.055,0.38111
1.0552,0.38212
1.0554,0.38315
1.0556,0.38318
1.0558,0.38232
1.056,0.38202
1.0563,0.38268
1.0565,0.38376
1.0567,0.38467
1.0569,0.38476
1.0571,0.38429
1.0573,0.38408
1.0576,0.38409
1.0578,0.38451
1.058,0.38568
1.0582,0.38627
1.0584,0.38542
1.0586,0.38497
1.0589,0.38631
1.0591,0.38785
1.0593,0.3877
1.0595,0.38659
1.0597,0.38668
1.0599,0.38824
1.0602,0.38957
1.0604,0.38989
1.0606,0.38989
1.0608,0.38948
1.061,0.38846
1.0612,0.3882
1.0615,0.38962
1.0617,0.3912
1.0619,0.39146
1.0621,0.39109
1.0623,0.39144
1.0625,0.39265
1.0628,0.39358
1.063,0.39317
1.0632,0.39211
1.0634,0.39177
1.0636,0.39182
1.0639,0.3916
1.0641,0.39219
1.0643,0.39412
1.0645,0.39582
1.0647,0.39613
1.0649,0.3957
1.0652,0.39543
1.0654,0.39567
1.0656,0.39641
1.0658,0.39706
1.066,0.39696
1.0663,0.39661
1.0665,0.39681
1.0667,0.39689
1.0669,0.39633
1.0671,0.39655
1.0674,0.39784
1.0676,0.39814
1.0678,0.39713
1.068,0.39692
1.0682,0.39827
1.0685,0.40025
1.0687,0.40198
1.0689,0.40258
1.0691,0.40183
1.0693,0.40084
1.0696,0.40046
1.0698,0.40053
1.07,0.40079
1.0702,0.40136
1.0704,0.40249
1.0707,0.40377
1.0709,0.40403
1.0711,0.40317
1.0713,0.40257
1.0715,0.40294
1.0718,0.40373
1.072,0.40436
1.0722,0.40477
1.0724,0.4051
1.0727,0.40558
1.0729,0.4063
1.0731,0.40706
1.0733,0.40754
1.0735,0.40772
1.0738,0.40769
1.074,0.40721
1.0742,0.40615
1.0744,0.40559
1.0747,0.40646
1.0749,0.40814
1.0751,0.40953
1.0753,0.41008
1.0755,0.40981
1.0758,0.40949
1.076,0.40971
1.0762,0.4097
1.0764,0.40891
1.0767,0.40859
1.0769,0.40971
1.0771,0.4112
1.0773,0.41169
1.0776,0.41164
1.0778,0.41217
1.078,0.41289
1.0782,0.41281
1.0785,0.41224
1.0787,0.41188
1.0789,0.41178
1.0791,0.41235
1.0794,0.4138
1.0796,0.41502
1.0798,0.41542
1.08,0.41559
1.0803,0.4156
1.0805,0.4152
1.0807,0.41499
1.0809,0.41529
1.0812,0.41574
1.0814,0.41613
1.0816,0.41622
1.0818,0.41577
1.0821,0.41531
1.0823,0.41559
1.0825,0.41626
1.0827,0.41638
1.083,0.41599
1.0832,0.4162
1.0834,0.41739
1.0836,0.41854
1.0839,0.41872
1.0841,0.41836
1.0843,0.41834
1.0845,0.41871
1.0848,0.41917
1.085,0.41997
1.0852,0.42099
1.0855,0.4212
1.0857,0.42041
1.0859,0.41974
1.0861,0.41976
1.0864,0.42038
1.0866,0.42129
1.0868,0.42153
1.087,0.42096
1.0873,0.42113
1.0875,0.42248
1.0877,0.42337
1.088,0.42291
1.0882,0.42232
1.0884,0.42311
1.0886,0.42484
1.0889,0.42571
1.0891,0.42532
1.0893,0.42462
1.0896,0.42425
1.0898,0.42477
1.09,0.42584
1.0902,0.42576
1.0905,0.42478
1.0907,0.42476
1.0909,0.42523
1.0912,0.42533
1.0914,0.42586
1.0916,0.42641
1.0919,0.42632
1.0921,0.4267
1.0923,0.42752
1.0925,0.42772
1.0928,0.42787
1.093,0.42847
1.0932,0.42888
1.0935,0.42883
1.0937,0.42834
1.0939,0.42831
1.0942,0.42986
1.0944,0.43165
1.0946,0.43177
1.0948,0.43102
1.0951,0.43055
1.0953,0.43025
1.0955,0.43014
1.0958,0.43023
1.096,0.43062
1.0962,0.43156
1.0965,0.43207
1.0967,0.43157
1.0969,0.43137
1.0972,0.4321
1.0974,0.43289
1.0976,0.43327
1.0979,0.43317
1.0981,0.43297
1.0983,0.43343
1.0986,0.43417
1.0988,0.43437
1.099,0.43447
1.0993,0.43474
1.0995,0.43483
1.0997,0.43496
1.1,0.43532
1.1002,0.43584
1.1004,0.43666
1.1007,0.4375
1.1009,0.43789
1.1011,0.43781
1.1014,0.43726
1.1016,0.43662
1.1018,0.43683
1.1021,0.43768
1.1023,0.43811
1.1025,0.4381
1.1028,0.43814
1.103,0.43811
1.1032,0.43799
1.1035,0.43819
1.1037,0.43908
1.1039,0.44047
1.1042,0.44127
1.1044,0.44064
1.1046,0.43945
1.1049,0.43905
1.1051,0.43954
1.1054,0.4405
1.1056,0.4416
1.1058,0.44215
1.1061,0.44222
1.1063,0.44275
1.1065,0.44339
1.1068,0.44302
1.107,0.44235
1.1072,0.44247
1.1075,0.44274
1.1077,0.44237
1.1079,0.44184
1.1082,0.44164
1.1084,0.44201
1.1087,0.44303
1.1089,0.44413
1.1091,0.44458
1.1094,0.44448
1.1096,0.44437
1.1098,0.44446
1.1101,0.44475
1.1103,0.44535
1.1106,0.44601
1.1108,0.44589
1.111,0.44508
1.1113,0.44501
1.1115,0.44606
1.1118,0.44682
1.112,0.44659
1.1122,0.44627
1.1125,0.44655
1.1127,0.44691
1.1129,0.44663
1.1132,0.44602
1.1134,0.44593
1.1137,0.44634
1.1139,0.44659
1.1141,0.44666
1.1144,0.44686
1.1146,0.44694
1.1149,0.4468
1.1151,0.44708
1.1153,0.44793
1.1156,0.44865
1.1158,0.44915
1.1161,0.44999
1.1163,0.4508
1.1165,0.45098
1.1168,0.45106
1.117,0.45124
1.1173,0.4509
1.1175,0.45037
1.1177,0.45054
1.118,0.45112
1.1182,0.45142
1.1185,0.45123
1.1187,0.45076
1.1189,0.45049
1.1192,0.45059
1.1194,0.45064
1.1197,0.45073
1.1199,0.45125
1.1202,0.4518
1.1204,0.45191
1.1206,0.45197
1.1209,0.45237
1.1211,0.4527
1.1214,0.45254
1.1216,0.45224
1.1219,0.4523
1.1221,0.45269
1.1223,0.45336
1.1226,0.45422
1.1228,0.45472
1.1231,0.45434
1.1233,0.45364
1.1236,0.45363
1.1238,0.45446
1.124,0.45521
1.1243,0.45512
1.1245,0.45443
1.1248,0.45355
1.125,0.45315
1.1253,0.45398
1.1255,0.45545
1.1257,0.45624
1.126,0.45626
1.1262,0.45608
1.1265,0.45587
1.1267,0.45595
1.127,0.4563
1.1272,0.4564
1.1275,0.45637
1.1277,0.45655
1.128,0.45685
1.1282,0.45721
1.1284,0.45759
1.1287,0.45782
1.1289,0.45779
1.1292,0.45729
1.1294,0.45658
1.1297,0.45663
1.1299,0.45739
1.1302,0.45792
1.1304,0.45815
1.1307,0.45834
1.1309,0.45847
1.1312,0.45881
1.1314,0.45938
1.1316,0.45977
1.1319,0.46005
1.1321,0.4604
1.1324,0.46042
1.1326,0.46
1.1329,0.45976
1.1331,0.46008
1.1334,0.46025
1.1336,0.45983
1.1339,0.45975
1.1341,0.46059
1.1344,0.46127
1.1346,0.46115
1.1349,0.46079
1.1351,0.46055
1.1354,0.46057
1.1356,0.46102
1.1359,0.46164
1.1361,0.4622
1.1364,0.46265
1.1366,0.46274
1.1369,0.46262
1.1371,0.46275
1.1374,0.46312
1.1376,0.46371
1.1379,0.46444
1.1381,0.46479
1.1384,0.46482
1.1386,0.46498
1.1389,0.46493
1.1391,0.46447
1.1394,0.46429
1.1396,0.4646
1.1399,0.46483
1.1401,0.46475
1.1404,0.46473
1.1406,0.46514
1.1409,0.46596
1.1411,0.46675
1.1414,0.46697
1.1416,0.46652
1.1419,0.46591
1.1421,0.46577
1.1424,0.4659
1.1426,0.46575
1.1429,0.46556
1.1431,0.46582
1.1434,0.46618
1.1436,0.46626
1.1439,0.46628
1.1441,0.46624
1.1444,0.46606
1.1446,0.4662
1.1449,0.46667
1.1451,0.46677
1.1454,0.46649
1.1456,0.46662
1.1459,0.4675
1.1462,0.46848
1.1464,0.46871
1.1467,0.4684
1.1469,0.46868
1.1472,0.46942
1.1474,0.4693
1.1477,0.4684
1.1479,0.46788
1.1482,0.46805
1.1484,0.46865
1.1487,0.46929
1.1489,0.46945
1.1492,0.46941
1.1495,0.46962
1.1497,0.46961
1.15,0.46929
1.1502,0.46922
1.1505,0.46937
1.1507,0.46948
1.151,0.46977
1.1512,0.47023
1.1515,0.4705
1.1518,0.47044
1.152,0.47016
1.1523,0.47006
1.1525,0.47028
1.1528,0.4704
1.153,0.47054
1.1533,0.47125
1.1535,0.47209
1.1538,0.47231
1.1541,0.47228
1.1543,0.47266
1.1546,0.47308
1.1548,0.47295
1.1551,0.4725
1.1553,0.47219
1.1556,0.47196
1.1559,0.47199
1.1561,0.47243
1.1564,0.47282
1.1566,0.47281
1.1569,0.47264
1.1572,0.47241
1.1574,0.47221
1.1577,0.47233
1.1579,0.47268
1.1582,0.47307
1.1584,0.47339
1.1587,0.47328
1.159,0.47296
1.1592,0.4732
1.1595,0.47392
1.1597,0.47432
1.16,0.47433
1.1603,0.47428
1.1605,0.47415
1.1608,0.47415
1.161,0.47446
1.1613,0.47459
1.1616,0.47411
1.1618,0.47357
1.1621,0.47384
1.1623,0.47504
1.1626,0.47636
1.1629,0.47699
1.1631,0.4768
1.1634,0.47624
1.1636,0.47566
1.1639,0.4752
1.1642,0.47516
1.1644,0.47555
1.1647,0.47597
1.165,0.47638
1.1652,0.47686
1.1655,0.47675
1.1657,0.47608
1.166,0.47595
1.1663,0.47649
1.1665,0.47678
1.1668,0.47682
1.1671,0.47705
1.1673,0.47713
1.1676,0.47694
1.1678,0.47707
1.1681,0.47771
1.1684,0.47835
1.1686,0.47853
1.1689,0.47831
1.1692,0.47802
1.1694,0.47795
1.1697,0.47811
1.1699,0.47846
1.1702,0.4789
1.1705,0.47904
1.1707,0.47864
1.171,0.47814
1.1713,0.47806
1.1715,0.4783
1.1718,0.47856
1.1721,0.47877
1.1723,0.47888
1.1726,0.47897
1.1729,0.47906
1.1731,0.47907
1.1734,0.47919
1.1737,0.4796
1.1739,0.47988
1.1742,0.47961
1.1745,0.47918
1.1747,0.47925
1.175,0.47966
1.1752,0.47975
1.1755,0.47978
1.1758,0.4803
1.176,0.48071
1.1763,0.48034
1.1766,0.48
1.1769,0.48024
1.1771,0.48047
1.1774,0.48049
1.1777,0.48058
1.1779,0.48074
1.1782,0.48097
1.1785,0.48124
1.1787,0.48142
1.179,0.48163
1.1793,0.48186
1.1795,0.48178
1.1798,0.48132
1.1801,0.48079
1.1803,0.48062
1.1806,0.481
1.1809,0.48151
1.1811,0.48174
1.1814,0.48186
1.1817,0.48197
1.1819,0.48209
1.1822,0.48231
1.1825,0.48237
1.1828,0.4822
1.183,0.48215
1.1833,0.48228
1.1836,0.4825
1.1838,0.48291
1.1841,0.48321
1.1844,0.4833
1.1846,0.48366
1.1849,0.48406
1.1852,0.48385
1.1855,0.48333
1.1857,0.48293
1.186,0.48258
1.1863,0.48241
1.1865,0.48258
1.1868,0.48296
1.1871,0.48344
1.1874,0.48369
1.1876,0.48344
1.1879,0.48312
1.1882,0.48339
1.1884,0.48412
1.1887,0.48452
1.189,0.48432
1.1893,0.48416
1.1895,0.48431
1.1898,0.48437
1.1901,0.48434
1.1904,0.48459
1.1906,0.48484
1.1909,0.4848
1.1912,0.48477
1.1915,0.48476
1.1917,0.48467
1.192,0.48479
1.1923,0.485
1.1925,0.48496
1.1928,0.48495
1.1931,0.48513
1.1934,0.48515
1.1936,0.48525
1.1939,0.48582
1.1942,0.48616
1.1945,0.48568
1.1947,0.4851
1.195,0.48526
1.1953,0.48595
1.1956,0.48656
1.1958,0.48683
1.1961,0.48687
1.1964,0.48706
1.1967,0.48751
1.197,0.48773
1.1972,0.48731
1.1975,0.48666
1.1978,0.4864
1.1981,0.48658
1.1983,0.48687
1.1986,0.48695
1.1989,0.48677
1.1992,0.48655
1.1994,0.48659
1.1997,0.48685
1.2,0.487
1.2003,0.48697
1.2006,0.48719
1.2008,0.48786
1.2011,0.48821
1.2014,0.4877
1.2017,0.48719
1.2019,0.48751
1.2022,0.48821
1.2025,0.48874
1.2028,0.4891
1.2031,0.48916
1.2033,0.48877
1.2036,0.4883
1.2039,0.48829
1.2042,0.48867
1.2045,0.48885
1.2047,0.4888
1.205,0.48911
1.2053,0.48966
1.2056,0.48989
1.2059,0.48996
1.2061,0.49004
1.2064,0.48993
1.2067,0.48999
1.207,0.49052
1.2073,0.49093
1.2075,0.49092
1.2078,0.49079
1.2081,0.49061
1.2084,0.4904
1.2087,0.49023
1.209,0.49004
1.2092,0.49008
1.2095,0.49042
1.2098,0.49051
1.2101,0.49033
1.2104,0.4904
1.2106,0.49067
1.2109,0.49079
1.2112,0.49092
1.2115,0.49101
1.2118,0.4909
1.2121,0.49084
1.2123,0.49091
1.2126,0.49087
1.2129,0.4909
1.2132,0.49126
1.2135,0.49163
1.2138,0.4917
1.214,0.49162
1.2143,0.49162
1.2146,0.49175
1.2149,0.49184
1.2152,0.4918
1.2155,0.49186
1.2158,0.49201
1.216,0.49202
1.2163,0.49207
1.2166,0.49249
1.2169,0.49283
1.2172,0.49263
1.2175,0.4924
1.2178,0.49262
1.218,0.49291
1.2183,0.49296
1.2186,0.49299
1.2189,0.4931
1.2192,0.49318
1.2195,0.49324
1.2198,0.49338
1.22,0.4935
1.2203,0.49357
1.2206,0.4937
1.2209,0.49379
1.2212,0.49358
1.2215,0.49316
1.2218,0.49301
1.2221,0.49348
1.2223,0.49425
1.2226,0.49458
1.2229,0.49433
1.2232,0.49406
1.2235,0.49398
1.2238,0.49406
1.2241,0.49448
1.2244,0.49492
1.2247,0.4949
1.2249,0.49476
1.2252,0.49492
1.2255,0.49512
1.2258,0.49519
1.2261,0.49517
1.2264,0.49502
1.2267,0.49488
1.227,0.49484
1.2273,0.49491
1.2276,0.49523
1.2278,0.49557
1.2281,0.49561
1.2284,0.49561
1.2287,0.49564
1.229,0.49539
1.2293,0.49517
1.2296,0.49537
1.2299,0.49566
1.2302,0.49587
1.2305,0.49618
1.2308,0.49642
1.2311,0.49656
1.2313,0.4969
1.2316,0.49735
1.2319,0.49765
1.2322,0.49771
1.2325,0.49742
1.2328,0.49682
1.2331,0.49649
1.2334,0.49678
1.2337,0.49721
1.234,0.49726
1.2343,0.49724
1.2346,0.49767
1.2349,0.49827
1.2352,0.49841
1.2355,0.49812
1.2357,0.49768
1.236,0.49704
1.2363,0.4965
1.2366,0.49654
1.2369,0.49689
1.2372,0.49698
1.2375,0.4971
1.2378,0.49756
1.2381,0.49798
1.2384,0.4982
1.2387,0.49848
1.239,0.49871
1.2393,0.49864
1.2396,0.49857
1.2399,0.49866
1.2402,0.49873
1.2405,0.49877
1.2408,0.49884
1.2411,0.49888
1.2414,0.49896
1.2417,0.49912
1.242,0.49918
1.2423,0.49902
1.2426,0.49896
1.2429,0.49914
1.2432,0.49924
1.2435,0.49912
1.2438,0.49916
1.2441,0.49945
1.2443,0.4996
1.2446,0.49956
1.2449,0.49947
1.2452,0.49939
1.2455,0.49946
1.2458,0.49969
1.2461,0.49979
1.2464,0.49984
1.2467,0.50006
1.247,0.50007
1.2473,0.49973
1.2476,0.49943
1.2479,0.49927
1.2482,0.49939
1.2485,0.50009
1.2488,0.50099
1.2491,0.50136
1.2494,0.5012
1.2497,0.501
1.25,0.50101
1.2504,0.50122
1.2507,0.50128
1.251,0.50107
1.2513,0.50093
1.2516,0.501
1.2519,0.50111
1.2522,0.50118
1.2525,0.50128
1.2528,0.50159
1.2531,0.50214
1.2534,0.50231
1.2537,0.50162
1.254,0.50073
1.2543,0.50051
1.2546,0.50073
1.2549,0.50073
1.2552,0.50063
1.2555,0.50075
1.2558,0.5008
1.2561,0.5006
1.2564,0.5006
1.2567,0.50089
1.257,0.50101
1.2573,0.50104
1.2576,0.5012
1.2579,0.50123
1.2582,0.5012
1.2585,0.50164
1.2588,0.50223
1.2592,0.50225
1.2595,0.50178
1.2598,0.50144
1.2601,0.50141
1.2604,0.50151
1.2607,0.50152
1.261,0.50125
1.2613,0.50075
1.2616,0.50065
1.2619,0.50117
1.2622,0.50168
1.2625,0.50171
1.2628,0.50144
1.2631,0.50109
1.2635,0.50104
1.2638,0.50173
1.2641,0.5027
1.2644,0.50294
1.2647,0.50245
1.265,0.50205
1.2653,0.50223
1.2656,0.50265
1.2659,0.50267
1.2662,0.50241
1.2665,0.50248
1.2668,0.50281
1.2672,0.50294
1.2675,0.50293
1.2678,0.50299
1.2681,0.5031
1.2684,0.50318
1.2687,0.50312
1.269,0.50284
1.2693,0.50259
1.2696,0.50258
1.2699,0.50266
1.2703,0.50265
1.2706,0.50254
1.2709,0.5024
1.2712,0.50245
1.2715,0.5027
1.2718,0.5029
1.2721,0.50294
1.2724,0.50308
1.2728,0.50332
1.2731,0.5034
1.2734,0.50335
1.2737,0.50326
1.274,0.50297
1.2743,0.50266
1.2746,0.50278
1.2749,0.50325
1.2753,0.50378
1.2756,0.5043
1.2759,0.50465
1.2762,0.50459
1.2765,0.50417
1.2768,0.50362
1.2771,0.50326
1.2775,0.50328
1.2778,0.50347
1.2781,0.50352
1.2784,0.50331
1.2787,0.50304
1.279,0.50304
1.2793,0.50339
1.2797,0.50371
1.28,0.50389
1.2803,0.50413
1.2806,0.50443
1.2809,0.50452
1.2812,0.50446
1.2816,0.50454
1.2819,0.50463
1.2822,0.50438
1.2825,0.50382
1.2828,0.50335
1.2831,0.50336
1.2835,0.50407
1.2838,0.50507
1.2841,0.50541
1.2844,0.50515
1.2847,0.5051
1.2851,0.50502
1.2854,0.50459
1.2857,0.5044
1.286,0.50459
1.2863,0.50468
1.2867,0.50471
1.287,0.50477
1.2873,0.50472
1.2876,0.50461
1.2879,0.50444
1.2882,0.50427
1.2886,0.5044
1.2889,0.50454
1.2892,0.5044
1.2895,0.5044
1.2899,0.50463
1.2902,0.5047
1.2905,0.50465
1.2908,0.50462
1.2911,0.50454
1.2915,0.50468
1.2918,0.50502
1.2921,0.50509
1.2924,0.5049
1.2927,0.50472
1.2931,0.50462
1.2934,0.50479
1.2937,0.50518
1.294,0.50536
1.2944,0.50522
1.2947,0.50509
1.295,0.50516
1.2953,0.50522
1.2957,0.50493
1.296,0.5046
1.2963,0.50483
1.2966,0.50525
1.2969,0.50507
1.2973,0.50453
1.2976,0.5042
1.2979,0.50412
1.2982,0.50431
1.2986,0.50471
1.2989,0.50491
1.2992,0.50481
1.2996,0.50479
1.2999,0.5049
1.3002,0.50501
1.3005,0.50503
1.3009,0.5049
1.3012,0.50481
1.3015,0.505
1.3018,0.50519
1.3022,0.50496
1.3025,0.50461
1.3028,0.50463
1.3031,0.505
1.3035,0.50528
1.3038,0.50522
1.3041,0.50499
1.3045,0.5048
1.3048,0.5047
1.3051,0.50461
1.3054,0.50453
1.3058,0.50439
1.3061,0.50432
1.3064,0.50444
1.3068,0.50454
1.3071,0.50437
1.3074,0.50415
1.3077,0.50411
1.3081,0.50416
1.3084,0.50411
1.3087,0.50391
1.3091,0.50364
1.3094,0.50356
1.3097,0.50369
1.3101,0.50384
1.3104,0.50397
1.3107,0.50406
1.3111,0.50406
1.3114,0.50409
1.3117,0.50417
1.312,0.50404
1.3124,0.50368
1.3127,0.50338
1.313,0.50342
1.3134,0.50364
1.3137,0.50371
1.314,0.50365
1.3144,0.50375
1.3147,0.50385
1.315,0.50376
1.3154,0.50389
1.3157,0.50431
1.316,0.50449
1.3164,0.50438
1.3167,0.50424
1.317,0.50385
1.3174,0.50325
1.3177,0.50301
1.318,0.50329
1.3184,0.50361
1.3187,0.5037
1.3191,0.50353
1.3194,0.50321
1.3197,0.5031
1.3201,0.50343
1.3204,0.50372
1.3207,0.5036
1.3211,0.50362
1.3214,0.504
1.3217,0.50413
1.3221,0.50389
1.3224,0.50371
1.3228,0.50359
1.3231,0.50335
1.3234,0.50311
1.3238,0.50292
1.3241,0.50288
1.3244,0.50312
1.3248,0.50334
1.3251,0.50323
1.3255,0.50298
1.3258,0.50281
1.3261,0.5026
1.3265,0.50232
1.3268,0.50215
1.3272,0.50208
1.3275,0.50182
1.3278,0.50159
1.3282,0.502
1.3285,0.50271
1.3289,0.50297
1.3292,0.50298
1.3295,0.50307
1.3299,0.50288
1.3302,0.50241
1.3306,0.50217
1.3309,0.5023
1.3312,0.50255
1.3316,0.5025
1.3319,0.50199
1.3323,0.50144
1.3326,0.50106
1.333,0.50078
1.3333,0.50078
1.3336,0.50106
1.334,0.50134
1.3343,0.50157
1.3347,0.50162
1.335,0.5013
1.3354,0.50104
1.3357,0.50123
1.336,0.50137
1.3364,0.50103
1.3367,0.50059
1.3371,0.50059
1.3374,0.50093
1.3378,0.5011
1.3381,0.50094
1.3385,0.50062
1.3388,0.50032
1.3392,0.50012
1.3395,0.49989
1.3398,0.49965
1.3402,0.49979
1.3405,0.50022
1.3409,0.50027
1.3412,0.49996
1.3416,0.49985
1.3419,0.49991
1.3423,0.49988
1.3426,0.49965
1.343,0.49918
1.3433,0.49869
1.3437,0.49834
1.344,0.4981
1.3444,0.49815
1.3447,0.49844
1.3451,0.49856
1.3454,0.49853
1.3458,0.49857
1.3461,0.49865
1.3465,0.49883
1.3468,0.49888
1.3472,0.49844
1.3475,0.49798
1.3479,0.49814
1.3482,0.49847
1.3486,0.49831
1.3489,0.4978
1.3493,0.49754
1.3496,0.49767
1.35,0.49763
1.3503,0.49719
1.3507,0.49699
1.351,0.49724
1.3514,0.49736
1.3517,0.49718
1.3521,0.497
1.3524,0.49702
1.3528,0.49717
1.3531,0.49721
1.3535,0.49699
1.3538,0.49658
1.3542,0.49607
1.3545,0.49575
1.3549,0.49598
1.3553,0.49653
1.3556,0.49692
1.356,0.4971
1.3563,0.49682
1.3567,0.49586
1.357,0.49487
1.3574,0.49477
1.3577,0.49534
1.3581,0.49588
1.3585,0.49612
1.3588,0.4961
1.3592,0.49587
1.3595,0.49562
1.3599,0.49552
1.3602,0.49545
1.3606,0.49535
1.3609,0.49529
1.3613,0.49537
1.3617,0.49563
1.362,0.49585
1.3624,0.4957
1.3627,0.49541
1.3631,0.49522
1.3635,0.49488
1.3638,0.4945
1.3642,0.49447
1.3645,0.49458
1.3649,0.49454
1.3652,0.49463
1.3656,0.49498
1.366,0.49499
1.3663,0.4943
1.3667,0.49353
1.367,0.49348
1.3674,0.49385
1.3678,0.49387
1.3681,0.4936
1.3685,0.49334
1.3689,0.49294
1.3692,0.4925
1.3696,0.49237
1.3699,0.49262
1.3703,0.49289
1.3707,0.49278
1.371,0.49244
1.3714,0.49258
1.3717,0.49289
1.3721,0.4926
1.3725,0.49208
1.3728,0.49202
1.3732,0.49193
1.3736,0.49128
1.3739,0.49064
1.3743,0.49054
1.3747,0.49086
1.375,0.49106
1.3754,0.49081
1.3758,0.49032
1.3761,0.49012
1.3765,0.49022
1.3768,0.49006
1.3772,0.48938
1.3776,0.48886
1.3779,0.48905
1.3783,0.48948
1.3787,0.48942
1.379,0.48886
1.3794,0.48837
1.3798,0.48833
1.3801,0.48868
1.3805,0.48889
1.3809,0.48858
1.3812,0.48794
1.3816,0.48739
1.382,0.48703
1.3824,0.48664
1.3827,0.48622
1.3831,0.48608
1.3835,0.48609
1.3838,0.48593
1.3842,0.48568
1.3846,0.48553
1.3849,0.48543
1.3853,0.48528
1.3857,0.48501
1.386,0.48463
1.3864,0.48431
1.3868,0.48407
1.3872,0.48384
1.3875,0.48365
1.3879,0.48344
1.3883,0.483
1.3886,0.48231
1.389,0.48155
1.3894,0.4808
1.3898,0.47997
1.3901,0.47884
1.3905,0.47726
1.3909,0.4756
1.3913,0.47473
1.3916,0.47507
1.392,0.47605
1.3924,0.47696
1.3927,0.47768
1.3931,0.47824
1.3935,0.47847
1.3939,0.47838
1.3942,0.47808
1.3946,0.47764
1.395,0.47731
1.3954,0.47723
1.3957,0.47711
1.3961,0.47637
1.3965,0.47479
1.3969,0.47295
1.3973,0.47177
1.3976,0.47161
1.398,0.47217
1.3984,0.4732
1.3988,0.4743
1.3991,0.47487
1.3995,0.47469
1.3999,0.4745
1.4003,0.47489
1.4006,0.47536
1.401,0.47511
1.4014,0.47442
1.4018,0.47401
1.4022,0.4741
1.4025,0.47449
1.4029,0.47465
1.4033,0.47418
1.4037,0.47336
1.4041,0.47258
1.4044,0.472
1.4048,0.47205
1.4052,0.47285
1.4056,0.47367
1.406,0.474
1.4063,0.47391
1.4067,0.47362
1.4071,0.47343
1.4075,0.4733
1.4079,0.47307
1.4083,0.47301
1.4086,0.47314
1.409,0.47305
1.4094,0.47288
1.4098,0.47284
1.4102,0.47259
1.4106,0.47209
1.4109,0.4718
1.4113,0.47178
1.4117,0.47188
1.4121,0.47202
1.4125,0.47187
1.4129,0.47137
1.4132,0.47095
1.4136,0.47096
1.414,0.47127
1.4144,0.4716
1.4148,0.4716
1.4152,0.47123
1.4156,0.47088
1.4159,0.47083
1.4163,0.47089
1.4167,0.4709
1.4171,0.47096
1.4175,0.47106
1.4179,0.47103
1.4183,0.47082
1.4187,0.47043
1.419,0.47004
1.4194,0.46977
1.4198,0.46939
1.4202,0.469
1.4206,0.4691
1.421,0.4694
1.4214,0.46924
1.4218,0.46888
1.4222,0.46879
1.4226,0.46876
1.4229,0.4686
1.4233,0.46838
1.4237,0.46815
1.4241,0.46803
1.4245,0.46802
1.4249,0.46788
1.4253,0.4675
1.4257,0.46707
1.4261,0.46677
1.4265,0.46664
1.4269,0.46654
1.4273,0.46638
1.4276,0.46627
1.428,0.46615
1.4284,0.4659
1.4288,0.46564
1.4292,0.46557
1.4296,0.46558
1.43,0.46546
1.4304,0.46526
1.4308,0.46517
1.4312,0.46507
1.4316,0.46477
1.432,0.46436
1.4324,0.46389
1.4328,0.4634
1.4332,0.46309
1.4336,0.4629
1.434,0.4625
1.4344,0.46204
1.4348,0.46211
1.4352,0.46261
1.4356,0.46276
1.4359,0.46211
1.4363,0.46116
1.4367,0.46067
1.4371,0.46062
1.4375,0.4606
1.4379,0.46061
1.4383,0.4607
1.4387,0.46073
1.4391,0.46057
1.4395,0.46021
1.4399,0.45985
1.4403,0.4597
1.4407,0.45957
1.4411,0.45922
1.4415,0.45887
1.4419,0.45868
1.4423,0.45865
1.4427,0.45879
1.4431,0.45888
1.4435,0.45865
1.4439,0.45831
1.4443,0.4581
1.4447,0.4579
1.4452,0.45761
1.4456,0.45726
1.446,0.4569
1.4464,0.45654
1.4468,0.45613
1.4472,0.45576
1.4476,0.45571
1.448,0.45588
1.4484,0.45573
1.4488,0.45518
1.4492,0.45478
1.4496,0.45471
1.45,0.45467
1.4504,0.45454
1.4508,0.45447
1.4512,0.4545
1.4516,0.45447
1.452,0.45425
1.4524,0.45384
1.4528,0.45346
1.4533,0.45325
1.4537,0.453
1.4541,0.45279
1.4545,0.45293
1.4549,0.45309
1.4553,0.45274
1.4557,0.45202
1.4561,0.45134
1.4565,0.45075
1.4569,0.45035
1.4573,0.45034
1.4577,0.45059
1.4582,0.45079
1.4586,0.45078
1.459,0.45054
1.4594,0.45007
1.4598,0.44959
1.4602,0.44933
1.4606,0.44912
1.461,0.44864
1.4614,0.44811
1.4619,0.44791
1.4623,0.44789
1.4627,0.44767
1.4631,0.44729
1.4635,0.44698
1.4639,0.44677
1.4643,0.44653
1.4647,0.44634
1.4652,0.44635
1.4656,0.44628
1.466,0.446
1.4664,0.44584
1.4668,0.44572
1.4672,0.44519
1.4676,0.44445
1.4681,0.44399
1.4685,0.44373
1.4689,0.44355
1.4693,0.44343
1.4697,0.44314
1.4701,0.44285
1.4706,0.44286
1.471,0.44281
1.4714,0.44237
1.4718,0.44191
1.4722,0.4418
1.4726,0.44199
1.4731,0.44213
1.4735,0.44184
1.4739,0.44126
1.4743,0.44089
1.4747,0.44087
1.4752,0.44085
1.4756,0.44056
1.476,0.43996
1.4764,0.43932
1.4768,0.43891
1.4773,0.43857
1.4777,0.43811
1.4781,0.43786
1.4785,0.43792
1.479,0.43778
1.4794,0.43734
1.4798,0.43713
1.4802,0.43723
1.4806,0.43708
1.4811,0.43653
1.4815,0.43595
1.4819,0.43559
1.4823,0.43531
1.4828,0.43496
1.4832,0.43458
1.4836,0.43422
1.484,0.43382
1.4845,0.43343
1.4849,0.43319
1.4853,0.43298
1.4857,0.43259
1.4862,0.43215
1.4866,0.43192
1.487,0.43195
1.4874,0.43204
1.4879,0.43189
1.4883,0.43147
1.4887,0.43107
1.4891,0.43082
1.4896,0.43062
1.49,0.43046
1.4904,0.4302
1.4909,0.42977
1.4913,0.42941
1.4917,0.42916
1.4921,0.42883
1.4926,0.42857
1.493,0.42842
1.4934,0.428
1.4939,0.42751
1.4943,0.4274
1.4947,0.42738
1.4952,0.42707
1.4956,0.42679
1.496,0.42687
1.4965,0.42712
1.4969,0.42721
1.4973,0.42691
1.4977,0.4262
1.4982,0.42538
1.4986,0.42495
1.499,0.42493
1.4995,0.42483
1.4999,0.4245
1.5003,0.42414
1.5008,0.42382
1.5012,0.4236
1.5017,0.42344
1.5021,0.42309
1.5025,0.42259
1.503,0.42218
1.5034,0.42178
1.5038,0.42137
1.5043,0.42108
1.5047,0.42076
1.5051,0.4205
1.5056,0.4206
1.506,0.42083
1.5065,0.42074
1.5069,0.42041
1.5073,0.42004
1.5078,0.41983
1.5082,0.41975
1.5086,0.41946
1.5091,0.41904
1.5095,0.41878
1.51,0.41862
1.5104,0.41847
1.5108,0.41827
1.5113,0.41782
1.5117,0.41738
1.5122,0.41718
1.5126,0.41693
1.513,0.41671
1.5135,0.41671
1.5139,0.4165
1.5144,0.41604
1.5148,0.4157
1.5153,0.41533
1.5157,0.41499
1.5161,0.41501
1.5166,0.4149
1.517,0.41413
1.5175,0.41327
1.5179,0.41288
1.5184,0.41273
1.5188,0.41257
1.5193,0.41241
1.5197,0.41218
1.5201,0.41177
1.5206,0.4113
1.521,0.41093
1.5215,0.41064
1.5219,0.41049
1.5224,0.41066
1.5228,0.41066
1.5233,0.40993
1.5237,0.40903
1.5242,0.40869
1.5246,0.40864
1.5251,0.40836
1.5255,0.40795
1.526,0.4077
1.5264,0.40763
1.5269,0.40762
1.5273,0.40749
1.5278,0.40715
1.5282,0.40678
1.5287,0.40657
1.5291,0.40634
1.5296,0.40593
1.53,0.40556
1.5305,0.40534
1.5309,0.40511
1.5314,0.40489
1.5318,0.40474
1.5323,0.40447
1.5327,0.40404
1.5332,0.40361
1.5336,0.40325
1.5341,0.40295
1.5345,0.40269
1.535,0.40257
1.5354,0.40261
1.5359,0.40259
1.5364,0.40225
1.5368,0.40173
1.5373,0.40129
1.5377,0.40099
1.5382,0.40073
1.5386,0.40041
1.5391,0.40007
1.5396,0.39976
1.54,0.39935
1.5405,0.39897
1.5409,0.39897
1.5414,0.39905
1.5418,0.39878
1.5423,0.39838
1.5428,0.39803
1.5432,0.39751
1.5437,0.39708
1.5441,0.39718
1.5446,0.39747
1.5451,0.39734
1.5455,0.39682
1.546,0.39637
1.5464,0.39628
1.5469,0.39627
1.5474,0.39598
1.5478,0.39545
1.5483,0.39487
1.5487,0.3944
1.5492,0.39423
1.5497,0.39426
1.5501,0.39415
1.5506,0.39395
1.5511,0.39389
1.5515,0.39368
1.552,0.39322
1.5525,0.3929
1.5529,0.39278
1.5534,0.39242
1.5539,0.39175
1.5543,0.39117
1.5548,0.39083
1.5553,0.39043
1.5557,0.38998
1.5562,0.38988
1.5567,0.39007
1.5571,0.39
1.5576,0.38955
1.5581,0.38895
1.5585,0.38846
1.559,0.3882
1.5595,0.38805
1.5599,0.38778
1.5604,0.38755
1.5609,0.38739
1.5613,0.38709
1.5618,0.38674
1.5623,0.38659
1.5627,0.38648
1.5632,0.38626
1.5637,0.38589
1.5642,0.38551
1.5646,0.3854
1.5651,0.38544
1.5656,0.38513
1.5661,0.38465
1.5665,0.38436
1.567,0.38409
1.5675,0.38386
1.5679,0.38378
1.5684,0.38351
1.5689,0.38295
1.5694,0.38255
1.5698,0.38248
1.5703,0.38249
1.5708,0.38226
1.5713,0.38169
1.5718,0.38109
1.5722,0.38088
1.5727,0.381
1.5732,0.38098
1.5737,0.38074
1.5741,0.38064
1.5746,0.38072
1.5751,0.38047
1.5756,0.37985
1.576,0.37928
1.5765,0.37901
1.577,0.37898
1.5775,0.37891
1.578,0.37848
1.5784,0.37791
1.5789,0.37763
1.5794,0.37745
1.5799,0.37709
1.5804,0.37679
1.5809,0.37662
1.5813,0.37638
1.5818,0.37609
1.5823,0.37582
1.5828,0.37559
1.5833,0.37541
1.5838,0.37525
1.5842,0.37519
1.5847,0.37515
1.5852,0.37485
1.5857,0.37444
1.5862,0.37423
1.5867,0.37394
1.5871,0.37346
1.5876,0.37325
1.5881,0.37329
1.5886,0.37309
1.5891,0.37276
1.5896,0.3726
1.5901,0.37236
1.5906,0.3717
1.591,0.37095
1.5915,0.3706
1.592,0.37059
1.5925,0.37056
1.593,0.3704
1.5935,0.37015
1.594,0.36987
1.5945,0.36963
1.595,0.36936
1.5954,0.36901
1.5959,0.3688
1.5964,0.36872
1.5969,0.36844
1.5974,0.3679
1.5979,0.36749
1.5984,0.36731
1.5989,0.36708
1.5994,0.36682
1.5999,0.36667
1.6004,0.36647
1.6009,0.36613
1.6014,0.36577
1.6019,0.36542
1.6024,0.36512
1.6028,0.36497
1.6033,0.36475
1.6038,0.3643
1.6043,0.36381
1.6048,0.36344
1.6053,0.36314
1.6058,0.3629
1.6063,0.36272
1.6068,0.3625
1.6073,0.36225
1.6078,0.36214
1.6083,0.36219
1.6088,0.36221
1.6093,0.36206
1.6098,0.3618
1.6103,0.36156
1.6108,0.36131
1.6113,0.361
1.6118,0.36062
1.6123,0.36017
1.6128,0.35972
1.6133,0.35947
1.6138,0.35944
1.6143,0.35943
1.6148,0.35917
1.6153,0.35875
1.6158,0.35864
1.6163,0.35881
1.6168,0.35875
1.6173,0.35848
1.6178,0.35829
1.6184,0.35809
1.6189,0.35777
1.6194,0.35744
1.6199,0.35703
1.6204,0.35654
1.6209,0.35614
1.6214,0.35597
1.6219,0.35587
1.6224,0.35549
1.6229,0.35488
1.6234,0.35461
1.6239,0.35475
1.6244,0.35476
1.6249,0.35458
1.6255,0.35451
1.626,0.35434
1.6265,0.354
1.627,0.35378
1.6275,0.3536
1.628,0.35321
1.6285,0.35279
1.629,0.35251
1.6295,0.35238
1.6301,0.35241
1.6306,0.35247
1.6311,0.35232
1.6316,0.35185
1.6321,0.35116
1.6326,0.35068
1.6331,0.35067
1.6337,0.35078
1.6342,0.35064
1.6347,0.35037
1.6352,0.35007
1.6357,0.34983
1.6362,0.34982
1.6367,0.34983
1.6373,0.34942
1.6378,0.34882
1.6383,0.34849
1.6388,0.34831
1.6393,0.34799
1.6398,0.34762
1.6404,0.34736
1.6409,0.34716
1.6414,0.34688
1.6419,0.3466
1.6424,0.34642
1.643,0.3462
1.6435,0.34584
1.644,0.34556
1.6445,0.34542
1.6451,0.3452
1.6456,0.34492
1.6461,0.34472
1.6466,0.34444
1.6471,0.34406
1.6477,0.34386
1.6482,0.34384
1.6487,0.34372
1.6492,0.34337
1.6498,0.34284
1.6503,0.34232
1.6508,0.34205
1.6513,0.342
1.6519,0.34193
1.6524,0.34173
1.6529,0.34139
1.6534,0.34099
1.654,0.34075
1.6545,0.34073
1.655,0.34075
1.6556,0.34059
1.6561,0.34014
1.6566,0.3396
1.6571,0.33934
1.6577,0.33931
1.6582,0.33911
1.6587,0.3387
1.6593,0.33828
1.6598,0.33795
1.6603,0.33789
1.6609,0.3381
1.6614,0.33812
1.6619,0.33781
1.6625,0.33754
1.663,0.33734
1.6635,0.33707
1.6641,0.3368
1.6646,0.33662
1.6651,0.33653
1.6657,0.33648
1.6662,0.33628
1.6667,0.3359
1.6673,0.33554
1.6678,0.33538
1.6683,0.33529
1.6689,0.33506
1.6694,0.33472
1.67,0.33455
1.6705,0.33451
1.671,0.33432
1.6716,0.33402
1.6721,0.33385
1.6726,0.33372
1.6732,0.33353
1.6737,0.33342
1.6743,0.33331
1.6748,0.33309
1.6753,0.33294
1.6759,0.33291
1.6764,0.33282
1.677,0.33258
1.6775,0.3323
1.6781,0.33214
1.6786,0.332
1.6791,0.33176
1.6797,0.33143
1.6802,0.33107
1.6808,0.33076
1.6813,0.33053
1.6819,0.33023
1.6824,0.32989
1.683,0.32988
1.6835,0.33012
1.6841,0.33011
1.6846,0.32981
1.6851,0.32954
1.6857,0.32935
1.6862,0.32905
1.6868,0.32853
1.6873,0.32795
1.6879,0.32763
1.6884,0.32765
1.689,0.32775
1.6895,0.32766
1.6901,0.32737
1.6906,0.32705
1.6912,0.32687
1.6917,0.32691
1.6923,0.327
1.6929,0.32689
1.6934,0.32668
1.694,0.32662
1.6945,0.32661
1.6951,0.32648
1.6956,0.32626
1.6962,0.32593
1.6967,0.3256
1.6973,0.32555
1.6978,0.32568
1.6984,0.32554
1.699,0.32515
1.6995,0.32494
1.7001,0.32492
1.7006,0.32494
1.7012,0.32499
1.7017,0.32489
1.7023,0.3246
1.7029,0.32432
1.7034,0.32404
1.704,0.32365
1.7045,0.32325
1.7051,0.32301
1.7057,0.32291
1.7062,0.32278
1.7068,0.32255
1.7073,0.32231
1.7079,0.3221
1.7085,0.32174
1.709,0.32128
1.7096,0.32113
1.7102,0.32122
1.7107,0.32121
1.7113,0.32125
1.7119,0.32146
1.7124,0.32152
1.713,0.32126
1.7135,0.32088
1.7141,0.32052
1.7147,0.32022
1.7153,0.3201
1.7158,0.32016
1.7164,0.3202
1.717,0.32006
1.7175,0.31981
1.7181,0.31962
1.7187,0.3196
1.7192,0.31963
1.7198,0.31936
1.7204,0.31885
1.7209,0.31855
1.7215,0.31854
1.7221,0.31848
1.7227,0.3184
1.7232,0.31849
1.7238,0.31848
1.7244,0.31811
1.725,0.31767
1.7255,0.31746
1.7261,0.31735
1.7267,0.31718
1.7272,0.31708
1.7278,0.31713
1.7284,0.31716
1.729,0.31702
1.7296,0.31669
1.7301,0.31627
1.7307,0.31607
1.7313,0.31618
1.7319,0.31622
1.7324,0.316
1.733,0.31577
1.7336,0.31555
1.7342,0.31526
1.7348,0.31509
1.7353,0.31505
1.7359,0.31491
1.7365,0.31469
1.7371,0.3144
1.7377,0.31414
1.7383,0.31412
1.7388,0.31413
1.7394,0.31391
1.74,0.31371
1.7406,0.31373
1.7412,0.31365
1.7418,0.31338
1.7423,0.31318
1.7429,0.31316
1.7435,0.3132
1.7441,0.31311
1.7447,0.31281
1.7453,0.31241
1.7459,0.31218
1.7464,0.31225
1.747,0.31232
1.7476,0.31222
1.7482,0.31208
1.7488,0.3119
1.7494,0.31164
1.75,0.31155
1.7506,0.31156
1.7512,0.31134
1.7518,0.31102
1.7524,0.31088
1.7529,0.31084
1.7535,0.31086
1.7541,0.31088
1.7547,0.31069
1.7553,0.31052
1.7559,0.31059
1.7565,0.31067
1.7571,0.31056
1.7577,0.3103
1.7583,0.30996
1.7589,0.30975
1.7595,0.3097
1.7601,0.3096
1.7607,0.30944
1.7613,0.30937
1.7619,0.30929
1.7625,0.3091
1.7631,0.30891
1.7637,0.30886
1.7643,0.30898
1.7649,0.30906
1.7655,0.30881
1.7661,0.30843
1.7667,0.30825
1.7673,0.3082
1.7679,0.30819
1.7685,0.30831
1.7691,0.30844
1.7697,0.30832
1.7703,0.30794
1.7709,0.30767
1.7715,0.30771
1.7721,0.30771
1.7727,0.30748
1.7733,0.30736
1.7739,0.30737
1.7745,0.30726
1.7751,0.3072
1.7758,0.30732
1.7764,0.30738
1.777,0.30739
1.7776,0.30749
1.7782,0.30751
1.7788,0.30731
1.7794,0.30699
1.78,0.30683
1.7806,0.3068
1.7812,0.30673
1.7819,0.3066
1.7825,0.30647
1.7831,0.30624
1.7837,0.30588
1.7843,0.3058
1.7849,0.30608
1.7855,0.30629
1.7862,0.3062
1.7868,0.30597
1.7874,0.30575
1.788,0.30562
1.7886,0.30556
1.7892,0.30558
1.7899,0.30569
1.7905,0.30578
1.7911,0.30577
1.7917,0.30575
1.7923,0.30577
1.7929,0.30582
1.7936,0.30579
1.7942,0.3056
1.7948,0.30549
1.7954,0.30556
1.7961,0.30551
1.7967,0.30529
1.7973,0.30514
1.7979,0.30502
1.7985,0.3048
1.7992,0.3047
1.7998,0.30486
1.8004,0.30508
1.801,0.30512
1.8017,0.30494
1.8023,0.30471
1.8029,0.30463
1.8036,0.30473
1.8042,0.3049
1.8048,0.305
1.8054,0.3049
1.8061,0.30482
1.8067,0.30496
1.8073,0.30508
1.808,0.30501
1.8086,0.30486
1.8092,0.30469
1.8098,0.30445
1.8105,0.3043
1.8111,0.30448
1.8117,0.30483
1.8124,0.30492
1.813,0.30476
1.8136,0.30466
1.8143,0.30468
1.8149,0.30466
1.8155,0.30456
1.8162,0.30442
1.8168,0.30425
1.8175,0.30405
1.8181,0.30399
1.8187,0.30426
1.8194,0.30477
1.82,0.30511
1.8206,0.30498
1.8213,0.30472
1.8219,0.30453
1.8226,0.30423
1.8232,0.30395
1.8238,0.30403
1.8245,0.30432
1.8251,0.30458
1.8258,0.30474
1.8264,0.30468
1.8271,0.30431
1.8277,0.30396
1.8284,0.30396
1.829,0.30404
1.8296,0.30386
1.8303,0.3036
1.8309,0.30361
1.8316,0.3038
1.8322,0.30384
1.8329,0.3036
1.8335,0.30328
1.8342,0.30316
1.8348,0.30331
1.8355,0.30347
1.8361,0.30336
1.8368,0.30306
1.8374,0.30288
1.8381,0.3029
1.8387,0.30299
1.8394,0.30302
1.84,0.30299
1.8407,0.30298
1.8413,0.30309
1.842,0.30319
1.8426,0.30312
1.8433,0.30292
1.844,0.30264
1.8446,0.30238
1.8453,0.30229
1.8459,0.3024
1.8466,0.30264
1.8472,0.30288
1.8479,0.30293
1.8486,0.30276
1.8492,0.30257
1.8499,0.30255
1.8505,0.30276
1.8512,0.30323
1.8519,0.30372
1.8525,0.30397
1.8532,0.30393
1.8538,0.30369
1.8545,0.30339
1.8552,0.30332
1.8558,0.30354
1.8565,0.3038
1.8572,0.30379
1.8578,0.30362
1.8585,0.30358
1.8592,0.30377
1.8598,0.30401
1.8605,0.30411
1.8612,0.30407
1.8618,0.30392
1.8625,0.30376
1.8632,0.3038
1.8638,0.30406
1.8645,0.30433
1.8652,0.30434
1.8659,0.3042
1.8665,0.30423
1.8672,0.30441
1.8679,0.30451
1.8685,0.30445
1.8692,0.30442
1.8699,0.30466
1.8706,0.3051
1.8712,0.30542
1.8719,0.30553
1.8726,0.30564
1.8733,0.30579
1.8739,0.3059
1.8746,0.30596
1.8753,0.30606
1.876,0.30623
1.8767,0.30635
1.8773,0.30635
1.878,0.30623
1.8787,0.30608
1.8794,0.30609
1.8801,0.30623
1.8807,0.30622
1.8814,0.30593
1.8821,0.30579
1.8828,0.30603
1.8835,0.3063
1.8842,0.30637
1.8848,0.30635
1.8855,0.3065
1.8862,0.30686
1.8869,0.3071
1.8876,0.30702
1.8883,0.30692
1.889,0.30699
1.8897,0.30704
1.8903,0.30701
1.891,0.30697
1.8917,0.30697
1.8924,0.30697
1.8931,0.30685
1.8938,0.30674
1.8945,0.30688
1.8952,0.30712
1.8959,0.30727
1.8966,0.30747
1.8973,0.30777
1.898,0.30812
1.8986,0.30855
1.8993,0.30891
1.9,0.30897
1.9007,0.30875
1.9014,0.30859
1.9021,0.30878
1.9028,0.30913
1.9035,0.30933
1.9042,0.30947
1.9049,0.30962
1.9056,0.30962
1.9063,0.30958
1.907,0.30968
1.9077,0.30987
1.9084,0.31006
1.9091,0.31027
1.9098,0.31051
1.9105,0.31086
1.9112,0.31123
1.9119,0.31141
1.9127,0.31162
1.9134,0.31197
1.9141,0.3121
1.9148,0.31207
1.9155,0.31217
1.9162,0.31239
1.9169,0.3126
1.9176,0.31288
1.9183,0.31312
1.919,0.31334
1.9197,0.31364
1.9204,0.31387
1.9212,0.31393
1.9219,0.31397
1.9226,0.31408
1.9233,0.31423
1.924,0.31437
1.9247,0.31471
1.9254,0.31525
1.9262,0.3157
1.9269,0.31595
1.9276,0.3162
1.9283,0.3163
1.929,0.31614
1.9297,0.31608
1.9305,0.31624
1.9312,0.31641
1.9319,0.31656
1.9326,0.31673
1.9333,0.31691
1.9341,0.31696
1.9348,0.31693
1.9355,0.3171
1.9362,0.31756
1.9369,0.31794
1.9377,0.31801
1.9384,0.318
1.9391,0.3181
1.9398,0.31816
1.9406,0.31805
1.9413,0.31805
1.942,0.31845
1.9428,0.319
1.9435,0.31928
1.9442,0.31925
1.9449,0.31937
1.9457,0.31971
1.9464,0.31997
1.9471,0.32022
1.9479,0.32064
1.9486,0.32106
1.9493,0.32131
1.9501,0.32151
1.9508,0.32167
1.9515,0.32188
1.9523,0.3223
1.953,0.3228
1.9537,0.32306
1.9545,0.3231
1.9552,0.32318
1.9559,0.32348
1.9567,0.32385
1.9574,0.32402
1.9582,0.32397
1.9589,0.32399
1.9596,0.32415
1.9604,0.32428
1.9611,0.32446
1.9619,0.32476
1.9626,0.32505
1.9633,0.32544
1.9641,0.3259
1.9648,0.32624
1.9656,0.32641
1.9663,0.32642
1.9671,0.32636
1.9678,0.32651
1.9686,0.32692
1.9693,0.32729
1.9701,0.32742
1.9708,0.32746
1.9716,0.32767
1.9723,0.32809
1.9731,0.32853
1.9738,0.32884
1.9746,0.32899
1.9753,0.32909
1.9761,0.32927
1.9768,0.32957
1.9776,0.32978
1.9783,0.32997
1.9791,0.33029
1.9798,0.33076
1.9806,0.33132
1.9814,0.33182
1.9821,0.33216
1.9829,0.33255
1.9836,0.33302
1.9844,0.33334
1.9851,0.33357
1.9859,0.33398
1.9867,0.33438
1.9874,0.33444
1.9882,0.33444
1.989,0.33478
1.9897,0.33538
1.9905,0.3359
1.9912,0.33623
1.992,0.33642
1.9928,0.33647
1.9935,0.33649
1.9943,0.33668
1.9951,0.33712
1.9958,0.33763
1.9966,0.33806
1.9974,0.33843
1.9982,0.33893
1.9989,0.33946
1.9997,0.33966
2.0005,0.3397
2.0012,0.33999
2.002,0.34042
2.0028,0.34067
2.0036,0.34083
2.0043,0.34108
2.0051,0.34147
2.0059,0.34195
2.0067,0.34243
2.0074,0.34286
2.0082,0.34323
2.009,0.34356
2.0098,0.34396
2.0105,0.34435
2.0113,0.34448
2.0121,0.34441
2.0129,0.34448
2.0137,0.34479
2.0145,0.3453
2.0152,0.3459
2.016,0.34637
2.0168,0.34672
2.0176,0.34711
2.0184,0.34749
2.0192,0.34774
2.0199,0.34795
2.0207,0.34823
2.0215,0.34853
2.0223,0.34887
2.0231,0.34924
2.0239,0.34954
2.0247,0.34978
2.0255,0.34996
2.0263,0.35028
2.0271,0.35083
2.0278,0.3513
2.0286,0.3515
2.0294,0.35179
2.0302,0.35232
2.031,0.35282
2.0318,0.35324
2.0326,0.35381
2.0334,0.35438
2.0342,0.3548
2.035,0.35514
2.0358,0.35552
2.0366,0.35593
2.0374,0.35639
2.0382,0.35688
2.039,0.35743
2.0398,0.35793
2.0406,0.35824
2.0414,0.35853
2.0422,0.35898
2.043,0.35942
2.0438,0.35968
2.0446,0.35987
2.0454,0.36027
2.0463,0.36094
2.0471,0.36162
2.0479,0.36208
2.0487,0.36245
2.0495,0.36285
2.0503,0.36315
2.0511,0.36348
2.0519,0.36393
2.0527,0.36433
2.0535,0.36467
2.0544,0.36524
2.0552,0.36584
2.056,0.36637
2.0568,0.36703
2.0576,0.36788
2.0584,0.36859
2.0593,0.36912
2.0601,0.36957
2.0609,0.37
2.0617,0.37042
2.0625,0.37098
2.0634,0.37158
2.0642,0.37195
2.065,0.3722
2.0658,0.37277
2.0666,0.37362
2.0675,0.37416
2.0683,0.37436
2.0691,0.3746
2.0699,0.37492
2.0708,0.37539
2.0716,0.37592
2.0724,0.37638
2.0733,0.37677
2.0741,0.37713
2.0749,0.3773
2.0757,0.37745
2.0766,0.37803
2.0774,0.37882
2.0782,0.37938
2.0791,0.37978
2.0799,0.38027
2.0807,0.38091
2.0816,0.3816
2.0824,0.3822
2.0832,0.38264
2.0841,0.38308
2.0849,0.38364
2.0858,0.38422
2.0866,0.38478
2.0874,0.38528
2.0883,0.38569
2.0891,0.38603
2.09,0.38635
2.0908,0.38672
2.0917,0.38726
2.0925,0.38796
2.0933,0.38868
2.0942,0.38919
2.095,0.38951
2.0959,0.38981
2.0967,0.39014
2.0976,0.39057
2.0984,0.39114
2.0993,0.39185
2.1001,0.3925
2.101,0.39293
2.1018,0.39327
2.1027,0.39382
2.1035,0.39436
2.1044,0.39482
2.1052,0.39536
2.1061,0.39596
2.1069,0.39657
2.1078,0.39721
2.1087,0.39787
2.1095,0.39848
2.1104,0.39906
2.1112,0.39969
2.1121,0.40038
2.113,0.40101
2.1138,0.4016
2.1147,0.40207
2.1155,0.40245
2.1164,0.40306
2.1173,0.40395
2.1181,0.40472
2.119,0.40539
2.1199,0.40619
2.1207,0.40715
2.1216,0.40785
2.1225,0.40823
2.1233,0.40857
2.1242,0.40919
2.1251,0.41017
2.126,0.411
2.1268,0.41136
2.1277,0.41145
2.1286,0.41189
2.1294,0.41261
2.1303,0.41329
2.1312,0.41393
2.1321,0.41451
2.133,0.41511
2.1338,0.41566
2.1347,0.41621
2.1356,0.41678
2.1365,0.41733
2.1373,0.41791
2.1382,0.41867
2.1391,0.41952
2.14,0.42016
2.1409,0.4206
2.1418,0.4212
2.1426,0.42192
2.1435,0.42252
2.1444,0.42318
2.1453,0.4241
2.1462,0.42497
2.1471,0.42537
2.148,0.42552
2.1489,0.42574
2.1498,0.42636
2.1506,0.42711
2.1515,0.42768
2.1524,0.42816
2.1533,0.42872
2.1542,0.42923
2.1551,0.4297
2.156,0.43031
2.1569,0.43111
2.1578,0.43171
2.1587,0.43218
2.1596,0.4329
2.1605,0.43367
2.1614,0.43419
2.1623,0.43442
2.1632,0.43453
2.1641,0.43493
2.165,0.43561
2.1659,0.43641
2.1668,0.43702
2.1677,0.43755
2.1686,0.43789
2.1695,0.43815
2.1704,0.43857
2.1714,0.43911
2.1723,0.43976
2.1732,0.44061
2.1741,0.4414
2.175,0.442
2.1759,0.44269
2.1768,0.44348
2.1777,0.44405
2.1787,0.44438
2.1796,0.44462
2.1805,0.44499
2.1814,0.44561
2.1823,0.44628
2.1832,0.44688
2.1842,0.4476
2.1851,0.44853
2.186,0.44933
2.1869,0.45005
2.1878,0.45051
2.1888,0.4508
2.1897,0.45111
2.1906,0.45153
2.1916,0.45196
2.1925,0.45236
2.1934,0.45264
2.1943,0.45288
2.1953,0.45338
2.1962,0.45411
2.1971,0.45479
2.1981,0.45546
2.199,0.45635
2.1999,0.4573
2.2008,0.45781
2.2018,0.45797
2.2027,0.45829
2.2037,0.45876
2.2046,0.45923
2.2055,0.45969
2.2065,0.4602
2.2074,0.46077
2.2083,0.46144
2.2093,0.46216
2.2102,0.46291
2.2112,0.46363
2.2121,0.46419
2.2131,0.46451
2.214,0.46468
2.215,0.46501
2.2159,0.46548
2.2168,0.46609
2.2178,0.46676
2.2187,0.46754
2.2197,0.4682
2.2206,0.46858
2.2216,0.46884
2.2225,0.46923
2.2235,0.46976
2.2245,0.47025
2.2254,0.47066
2.2264,0.4711
2.2273,0.47168
2.2283,0.47232
2.2292,0.47283
2.2302,0.47313
2.2312,0.47344
2.2321,0.47389
2.2331,0.4745
2.234,0.47514
2.235,0.47576
2.236,0.47619
2.2369,0.4763
2.2379,0.47625
2.2389,0.47644
2.2398,0.47695
2.2408,0.47746
2.2418,0.47766
2.2427,0.47756
2.2437,0.47753
2.2447,0.4777
2.2456,0.47796
2.2466,0.47826
2.2476,0.4788
2.2486,0.47949
2.2495,0.48003
2.2505,0.48043
2.2515,0.48092
2.2525,0.48142
2.2535,0.48189
2.2544,0.48265
2.2554,0.48365
2.2564,0.48454
2.2574,0.48525
2.2584,0.48589
2.2593,0.48646
2.2603,0.48685
2.2613,0.4871
2.2623,0.48734
2.2633,0.48778
2.2643,0.4884
2.2653,0.48909
2.2663,0.48969
2.2672,0.49015
2.2682,0.4907
2.2692,0.49146
2.2702,0.49192
2.2712,0.49203
2.2722,0.49214
2.2732,0.49233
2.2742,0.49249
2.2752,0.49285
2.2762,0.49337
2.2772,0.49363
2.2782,0.49366
2.2792,0.49386
2.2802,0.49412
2.2812,0.49431
2.2822,0.49426
2.2832,0.49404
2.2842,0.49398
2.2852,0.49433
2.2862,0.49458
2.2873,0.49441
2.2883,0.4938
2.2893,0.49305
2.2903,0.49274
2.2913,0.4929
2.2923,0.49322
2.2933,0.49334
2.2943,0.49336
2.2954,0.49335
2.2964,0.49333
2.2974,0.49331
2.2984,0.49339
2.2994,0.49353
2.3004,0.49378
2.3015,0.49401
2.3025,0.49412
2.3035,0.49399
2.3045,0.49374
2.3056,0.49357
2.3066,0.49325
2.3076,0.49267
2.3086,0.49206
2.3097,0.4916
2.3107,0.49133
2.3117,0.49115
2.3128,0.49112
2.3138,0.49122
2.3148,0.49133
2.3159,0.49169
2.3169,0.49215
2.3179,0.49256
2.319,0.49279
2.32,0.49313
2.321,0.49354
2.3221,0.49393
2.3231,0.49433
2.3242,0.49483
2.3252,0.49558
2.3262,0.49639
2.3273,0.49746
2.3283,0.49853
2.3294,0.49955
2.3304,0.50051
2.3315,0.50121
2.3325,0.5018
2.3336,0.50257
2.3346,0.50347
2.3357,0.50436
2.3367,0.50512
2.3378,0.50577
2.3388,0.5063
2.3399,0.50682
2.341,0.50733
2.342,0.50774
2.3431,0.50803
2.3441,0.5085
2.3452,0.50915
2.3462,0.50978
2.3473,0.5103
2.3484,0.51074
2.3494,0.51107
2.3505,0.51153
2.3516,0.51241
2.3526,0.51336
2.3537,0.51404
2.3548,0.51447
2.3558,0.51481
2.3569,0.5151
2.358,0.51546
2.3591,0.51587
2.3601,0.51635
2.3612,0.51661
2.3623,0.51699
2.3634,0.51758
2.3644,0.51828
2.3655,0.51872
2.3666,0.51876
2.3677,0.51884
2.3688,0.51906
2.3698,0.51916
2.3709,0.51914
2.372,0.51938
2.3731,0.51969
2.3742,0.51984
2.3753,0.51993
2.3764,0.52009
2.3774,0.52022
2.3785,0.52031
2.3796,0.5203
2.3807,0.5201
2.3818,0.51963
2.3829,0.51929
2.384,0.51938
2.3851,0.51964
2.3862,0.51996
2.3873,0.52036
2.3884,0.52058
2.3895,0.52058
2.3906,0.52074
2.3917,0.5212
2.3928,0.52165
2.3939,0.52175
2.395,0.5216
2.3961,0.5216
2.3972,0.52172
2.3983,0.52198
2.3994,0.52253
2.4006,0.52338
2.4017,0.52404
2.4028,0.5244
2.4039,0.52495
2.405,0.52592
2.4061,0.52663
2.4072,0.52713
2.4084,0.52769
2.4095,0.5282
2.4106,0.52858
2.4117,0.52885
2.4128,0.52904
2.414,0.52927
2.4151,0.5296
2.4162,0.52995
2.4173,0.53023
2.4185,0.53053
2.4196,0.53096
2.4207,0.53145
2.4219,0.53173
2.423,0.53181
2.4241,0.53164
2.4253,0.5314
2.4264,0.53155
2.4275,0.53176
2.4287,0.53194
2.4298,0.53218
2.4309,0.53233
2.4321,0.53226
2.4332,0.53212
2.4344,0.53185
2.4355,0.53198
2.4367,0.53228
2.4378,0.53236
2.4389,0.53235
2.4401,0.53231
2.4412,0.53232
2.4424,0.53248
2.4435,0.53288
2.4447,0.53306
2.4458,0.53303
2.447,0.53248
2.4482,0.53219
2.4493,0.53204
2.4505,0.53176
2.4516,0.53143
2.4528,0.53098
2.454,0.53122
2.4551,0.53158
2.4563,0.53155
2.4574,0.53145
2.4586,0.5315
2.4598,0.53155
2.4609,0.53158
2.4621,0.53153
2.4633,0.53135
2.4645,0.5314
2.4656,0.53146
2.4668,0.53187
2.468,0.53185
2.4691,0.53167
2.4703,0.53184
2.4715,0.53228
2.4727,0.53241
2.4739,0.53256
2.475,0.53217
2.4762,0.53172
2.4774,0.53215
2.4786,0.53256
2.4798,0.53231
2.481,0.53255
2.4821,0.53298
2.4833,0.53363
2.4845,0.53359
2.4857,0.53331
2.4869,0.53335
2.4881,0.53295
2.4893,0.53432
2.4905,0.53391
2.4917,0.53376
2.4929,0.53517
2.4929,0.53484
2.4941,0.5347
2.4953,0.5349
2.4965,0.53444
2.4977,0.53358
2.4989,0.53388
2.5001,0.53534
2.5013,0.53595
2.5025,0.53491
2.5037,0.53419
2.5049,0.53516
2.5061,0.53654
2.5074,0.53677
2.5086,0.53613
2.5098,0.53604
2.511,0.53679
2.5122,0.5367
2.5134,0.53543
2.5146,0.53522
2.5159,0.53651
2.5171,0.53735
2.5183,0.53771
2.5195,0.53861
2.5208,0.53917
2.522,0.53871
2.5232,0.5381
2.5244,0.53785
2.5257,0.53797
2.5269,0.53835
2.5281,0.53849
2.5294,0.5387
2.5306,0.53977
2.5318,0.54077
2.5331,0.54032
2.5343,0.53924
2.5356,0.53899
2.5368,0.53942
2.538,0.53979
2.5393,0.5398
2.5405,0.53928
2.5418,0.53851
2.543,0.53847
2.5443,0.5392
2.5455,0.53933
2.5468,0.5387
2.548,0.53877
2.5493,0.53966
2.5505,0.53999
2.5518,0.53981
2.553,0.54004
2.5543,0.54022
2.5555,0.53999
2.5568,0.54012
2.5581,0.54075
2.5593,0.54135
2.5606,0.54214
2.5619,0.543
2.5631,0.54293
2.5644,0.5418
2.5657,0.54101
2.5669,0.54187
2.5682,0.54371
2.5695,0.54445
2.5708,0.54397
2.572,0.54405
2.5733,0.54469
2.5746,0.5445
2.5759,0.54398
2.5771,0.54426
2.5784,0.54496
2.5797,0.54527
2.581,0.54488
2.5823,0.54417
2.5836,0.5437
2.5848,0.54339
2.5861,0.54333
2.5874,0.54412
2.5887,0.54494
2.59,0.54485
2.5913,0.54504
2.5926,0.54604
2.5939,0.5464
2.5952,0.54592
2.5965,0.54563
2.5978,0.54551
2.5991,0.54559
