KC-OL-lvn_2,
W,R
0.50012,0.67929
0.50031,0.68028
0.5005,0.68436
0.5007,0.68679
0.50089,0.68883
0.50108,0.69013
0.50128,0.69098
0.50147,0.69221
0.50166,0.69062
0.50186,0.68762
0.50205,0.68726
0.50225,0.68397
0.50244,0.68163
0.50264,0.6847
0.50283,0.68632
0.50303,0.68513
0.50322,0.68695
0.50342,0.69421
0.50361,0.69647
0.50381,0.69219
0.50401,0.6898
0.5042,0.68918
0.5044,0.68947
0.50459,0.68904
0.50479,0.68814
0.50499,0.6901
0.50518,0.69336
0.50538,0.69587
0.50558,0.69699
0.50577,0.69621
0.50597,0.69595
0.50617,0.69441
0.50637,0.69377
0.50657,0.69312
0.50676,0.68903
0.50696,0.69185
0.50716,0.69532
0.50736,0.69477
0.50756,0.69737
0.50776,0.69635
0.50795,0.69465
0.50815,0.69605
0.50835,0.69811
0.50855,0.69801
0.50875,0.69488
0.50895,0.69285
0.50915,0.693
0.50935,0.69804
0.50955,0.70301
0.50975,0.70305
0.50995,0.70229
0.51015,0.70084
0.51035,0.69583
0.51056,0.69234
0.51076,0.69411
0.51096,0.69155
0.51116,0.68824
0.51136,0.69422
0.51156,0.70143
0.51177,0.69996
0.51197,0.6968
0.51217,0.69987
0.51237,0.69992
0.51257,0.69507
0.51278,0.69262
0.51298,0.69157
0.51318,0.6935
0.51339,0.70141
0.51359,0.70569
0.51379,0.70239
0.514,0.70158
0.5142,0.69986
0.51441,0.69551
0.51461,0.69434
0.51481,0.69558
0.51502,0.70165
0.51522,0.70757
0.51543,0.70834
0.51563,0.708
0.51584,0.70631
0.51604,0.70416
0.51625,0.70311
0.51645,0.69998
0.51666,0.697
0.51687,0.69872
0.51707,0.70211
0.51728,0.70423
0.51749,0.70785
0.51769,0.71188
0.5179,0.7097
0.51811,0.70742
0.51831,0.71136
0.51852,0.71352
0.51873,0.71395
0.51894,0.71463
0.51914,0.71452
0.51935,0.71419
0.51956,0.71017
0.51977,0.7073
0.51998,0.7121
0.52018,0.71648
0.52039,0.71363
0.5206,0.70989
0.52081,0.71018
0.52102,0.71204
0.52123,0.7133
0.52144,0.71415
0.52165,0.71367
0.52186,0.71389
0.52207,0.71654
0.52228,0.71845
0.52249,0.72024
0.5227,0.722
0.52291,0.72198
0.52312,0.71962
0.52333,0.71598
0.52355,0.71247
0.52376,0.71052
0.52397,0.7131
0.52418,0.7158
0.52439,0.71746
0.52461,0.71904
0.52482,0.71824
0.52503,0.71839
0.52524,0.71806
0.52546,0.71762
0.52567,0.71827
0.52588,0.71843
0.5261,0.719
0.52631,0.718
0.52652,0.71738
0.52674,0.71856
0.52695,0.71934
0.52717,0.71932
0.52738,0.71923
0.5276,0.72041
0.52781,0.72298
0.52802,0.72417
0.52824,0.72104
0.52846,0.71602
0.52867,0.71457
0.52889,0.71746
0.5291,0.71944
0.52932,0.71947
0.52953,0.71939
0.52975,0.71886
0.52997,0.71953
0.53018,0.71976
0.5304,0.71929
0.53062,0.72221
0.53084,0.7252
0.53105,0.72324
0.53127,0.72111
0.53149,0.72097
0.53171,0.7224
0.53192,0.72429
0.53214,0.72075
0.53236,0.71908
0.53258,0.72245
0.5328,0.72388
0.53302,0.72339
0.53324,0.72272
0.53346,0.72539
0.53368,0.72699
0.5339,0.72573
0.53412,0.72476
0.53434,0.72249
0.53456,0.72177
0.53478,0.72213
0.535,0.72217
0.53522,0.7239
0.53544,0.72681
0.53566,0.72688
0.53588,0.72566
0.5361,0.72715
0.53633,0.7283
0.53655,0.72833
0.53677,0.72851
0.53699,0.72904
0.53722,0.72822
0.53744,0.72711
0.53766,0.72789
0.53788,0.72934
0.53811,0.7307
0.53833,0.73091
0.53855,0.7327
0.53878,0.73432
0.539,0.733
0.53923,0.73114
0.53945,0.72996
0.53968,0.73023
0.5399,0.72957
0.54013,0.72861
0.54035,0.72892
0.54058,0.73081
0.5408,0.73352
0.54103,0.73529
0.54125,0.73624
0.54148,0.73579
0.54171,0.73681
0.54193,0.73881
0.54216,0.73923
0.54239,0.73675
0.54261,0.73334
0.54284,0.73347
0.54307,0.73463
0.54329,0.7354
0.54352,0.73499
0.54375,0.73426
0.54398,0.73528
0.54421,0.73615
0.54444,0.73637
0.54466,0.73788
0.54489,0.74019
0.54512,0.73869
0.54535,0.73666
0.54558,0.73679
0.54581,0.73698
0.54604,0.73802
0.54627,0.7395
0.5465,0.74176
0.54673,0.74207
0.54696,0.74099
0.54719,0.7407
0.54742,0.73964
0.54766,0.73884
0.54789,0.73904
0.54812,0.73998
0.54835,0.74072
0.54858,0.74169
0.54881,0.7409
0.54905,0.73895
0.54928,0.73941
0.54951,0.74058
0.54975,0.74252
0.54998,0.74313
0.55021,0.74147
0.55045,0.7407
0.55068,0.74117
0.55091,0.74129
0.55115,0.7398
0.55138,0.741
0.55162,0.74497
0.55185,0.74539
0.55209,0.74322
0.55232,0.74232
0.55256,0.7427
0.55279,0.74319
0.55303,0.74309
0.55327,0.74265
0.5535,0.74232
0.55374,0.74385
0.55397,0.7457
0.55421,0.7444
0.55445,0.74404
0.55469,0.74547
0.55492,0.7458
0.55516,0.7457
0.5554,0.74542
0.55564,0.74695
0.55588,0.74794
0.55611,0.74616
0.55635,0.74505
0.55659,0.74491
0.55683,0.74577
0.55707,0.74705
0.55731,0.7471
0.55755,0.74776
0.55779,0.74853
0.55803,0.74719
0.55827,0.74555
0.55851,0.74491
0.55875,0.74596
0.55899,0.74762
0.55923,0.74696
0.55947,0.74561
0.55972,0.74558
0.55996,0.74645
0.5602,0.74627
0.56044,0.74547
0.56068,0.74676
0.56093,0.74823
0.56117,0.74866
0.56141,0.75014
0.56166,0.75066
0.5619,0.74886
0.56214,0.74818
0.56239,0.7474
0.56263,0.74638
0.56287,0.74677
0.56312,0.74739
0.56336,0.7493
0.56361,0.74959
0.56385,0.74818
0.5641,0.74713
0.56435,0.74642
0.56459,0.74799
0.56484,0.7495
0.56508,0.75037
0.56533,0.75107
0.56558,0.75076
0.56582,0.74988
0.56607,0.74971
0.56632,0.75098
0.56657,0.75171
0.56681,0.75201
0.56706,0.75129
0.56731,0.74907
0.56756,0.74809
0.56781,0.74874
0.56805,0.74875
0.5683,0.75008
0.56855,0.75245
0.5688,0.7513
0.56905,0.7502
0.5693,0.75003
0.56955,0.74988
0.5698,0.75069
0.57005,0.75103
0.5703,0.75193
0.57056,0.75109
0.57081,0.74989
0.57106,0.75062
0.57131,0.75116
0.57156,0.75199
0.57181,0.75296
0.57207,0.75308
0.57232,0.75197
0.57257,0.75084
0.57282,0.7501
0.57308,0.75054
0.57333,0.75112
0.57358,0.75078
0.57384,0.7513
0.57409,0.75106
0.57435,0.75013
0.5746,0.74961
0.57486,0.75039
0.57511,0.7517
0.57537,0.75248
0.57562,0.75344
0.57588,0.75272
0.57613,0.75143
0.57639,0.75108
0.57665,0.75167
0.5769,0.75204
0.57716,0.75169
0.57742,0.7517
0.57767,0.75123
0.57793,0.75074
0.57819,0.75098
0.57845,0.75318
0.57871,0.7549
0.57896,0.7542
0.57922,0.75295
0.57948,0.75159
0.57974,0.75147
0.58,0.75097
0.58026,0.74971
0.58052,0.74929
0.58078,0.74978
0.58104,0.75076
0.5813,0.75205
0.58156,0.75298
0.58182,0.75184
0.58208,0.75156
0.58235,0.75229
0.58261,0.7528
0.58287,0.75321
0.58313,0.7517
0.58339,0.75054
0.58366,0.75053
0.58392,0.75151
0.58418,0.75311
0.58445,0.75295
0.58471,0.75171
0.58497,0.7511
0.58524,0.75082
0.5855,0.7504
0.58577,0.75041
0.58603,0.75029
0.5863,0.75016
0.58656,0.75068
0.58683,0.75155
0.58709,0.75202
0.58736,0.75151
0.58763,0.75081
0.58789,0.75008
0.58816,0.75039
0.58843,0.75107
0.58869,0.75056
0.58896,0.75015
0.58923,0.75052
0.5895,0.75086
0.58976,0.75066
0.59003,0.751
0.5903,0.75149
0.59057,0.75114
0.59084,0.75096
0.59111,0.75073
0.59138,0.75002
0.59165,0.74987
0.59192,0.75046
0.59219,0.75039
0.59246,0.74988
0.59273,0.75032
0.593,0.7515
0.59327,0.75181
0.59354,0.75109
0.59382,0.75001
0.59409,0.74898
0.59436,0.74874
0.59463,0.74945
0.59491,0.75045
0.59518,0.75072
0.59545,0.75075
0.59573,0.75083
0.596,0.75095
0.59627,0.75084
0.59655,0.75008
0.59682,0.75019
0.5971,0.75059
0.59737,0.75057
0.59765,0.74996
0.59792,0.74959
0.5982,0.75025
0.59848,0.7506
0.59875,0.75105
0.59903,0.7506
0.59931,0.75008
0.59958,0.75037
0.59986,0.7506
0.60014,0.75072
0.60042,0.75043
0.6007,0.75089
0.60097,0.7508
0.60125,0.75056
0.60153,0.75035
0.60181,0.74959
0.60209,0.7496
0.60237,0.74996
0.60265,0.75058
0.60293,0.7499
0.60321,0.74941
0.60349,0.74945
0.60377,0.74956
0.60405,0.7504
0.60434,0.75031
0.60462,0.74987
0.6049,0.74925
0.60518,0.74935
0.60547,0.74895
0.60575,0.74849
0.60603,0.74893
0.60631,0.74854
0.6066,0.74863
0.60688,0.74863
0.60717,0.7487
0.60745,0.74805
0.60774,0.74763
0.60802,0.74823
0.60831,0.74865
0.60859,0.74917
0.60888,0.74835
0.60916,0.74797
0.60945,0.74747
0.60974,0.74761
0.61002,0.74808
0.61031,0.74739
0.6106,0.74818
0.61089,0.74829
0.61117,0.74814
0.61146,0.74815
0.61175,0.74851
0.61204,0.7487
0.61233,0.74824
0.61262,0.74832
0.61291,0.74723
0.6132,0.74706
0.61349,0.74702
0.61378,0.74702
0.61407,0.7471
0.61436,0.74645
0.61465,0.74625
0.61494,0.74565
0.61524,0.74603
0.61553,0.74551
0.61582,0.74523
0.61611,0.74588
0.61641,0.74599
0.6167,0.74563
0.61699,0.74394
0.61729,0.74365
0.61758,0.74395
0.61787,0.74475
0.61817,0.74515
0.61846,0.74455
0.61876,0.74443
0.61905,0.74389
0.61935,0.74383
0.61965,0.74341
0.61994,0.7437
0.62024,0.74377
0.62054,0.7439
0.62083,0.74464
0.62113,0.74415
0.62143,0.7433
0.62173,0.74218
0.62203,0.74274
0.62232,0.74324
0.62262,0.74329
0.62292,0.74347
0.62322,0.74312
0.62352,0.74325
0.62382,0.74315
0.62412,0.74361
0.62442,0.74362
0.62472,0.74391
0.62502,0.74369
0.62533,0.743
0.62563,0.7429
0.62593,0.74249
0.62623,0.74296
0.62654,0.74282
0.62684,0.74287
0.62714,0.7426
0.62744,0.7428
0.62775,0.74262
0.62805,0.74218
0.62836,0.74244
0.62866,0.7421
0.62897,0.7424
0.62927,0.74122
0.62958,0.74187
0.62988,0.74096
0.63019,0.74082
0.6305,0.74108
0.6308,0.74003
0.63111,0.74144
0.63142,0.74004
0.63173,0.74212
0.63203,0.74126
0.63234,0.73395
0.63296,0.70481
0.63389,0.73905
0.6342,0.74109
0.63451,0.74024
0.63482,0.74057
0.63513,0.74161
0.63544,0.73961
0.63575,0.74198
0.63607,0.73951
0.63638,0.74096
0.63669,0.73959
0.637,0.73958
0.63732,0.74064
0.63763,0.74081
0.63794,0.74295
0.63826,0.74154
0.63857,0.74307
0.63889,0.74193
0.6392,0.74187
0.63952,0.74197
0.63983,0.74145
0.64015,0.74278
0.64046,0.74161
0.64078,0.74258
0.6411,0.74152
0.64142,0.74166
0.64173,0.74167
0.64205,0.74114
0.64237,0.7421
0.64269,0.74164
0.64301,0.74316
0.64333,0.7425
0.64364,0.74281
0.64396,0.7427
0.64428,0.74231
0.64461,0.74291
0.64493,0.74231
0.64525,0.74356
0.64557,0.74305
0.64589,0.74374
0.64621,0.74387
0.64653,0.74347
0.64686,0.74411
0.64718,0.74384
0.6475,0.74465
0.64783,0.74403
0.64815,0.74405
0.64847,0.74336
0.6488,0.74342
0.64912,0.74407
0.64945,0.74354
0.64978,0.74435
0.6501,0.74397
0.65043,0.74464
0.65075,0.74486
0.65108,0.74529
0.65141,0.74602
0.65173,0.74572
0.65206,0.74591
0.65239,0.7451
0.65272,0.74551
0.65305,0.74532
0.65338,0.74592
0.65371,0.74675
0.65404,0.74666
0.65437,0.74727
0.6547,0.74639
0.65503,0.74646
0.65536,0.74665
0.65569,0.74712
0.65602,0.7474
0.65635,0.74737
0.65669,0.74819
0.65702,0.74768
0.65735,0.74805
0.65769,0.748
0.65802,0.74796
0.65836,0.74795
0.65869,0.74769
0.65902,0.74839
0.65936,0.74842
0.6597,0.74856
0.66003,0.74811
0.66037,0.74815
0.6607,0.74802
0.66104,0.74789
0.66138,0.74879
0.66172,0.74917
0.66205,0.7495
0.66239,0.74888
0.66273,0.7489
0.66307,0.74887
0.66341,0.74833
0.66375,0.74849
0.66409,0.74897
0.66443,0.74981
0.66477,0.74926
0.66511,0.74903
0.66545,0.74922
0.66579,0.74917
0.66614,0.74941
0.66648,0.7495
0.66682,0.75004
0.66716,0.74999
0.66751,0.74975
0.66785,0.74941
0.6682,0.74929
0.66854,0.74938
0.66889,0.74927
0.66923,0.74981
0.66958,0.74995
0.66992,0.74985
0.67027,0.74954
0.67062,0.74948
0.67096,0.74982
0.67131,0.74972
0.67166,0.74972
0.67201,0.74941
0.67236,0.74918
0.6727,0.74904
0.67305,0.74892
0.6734,0.74928
0.67375,0.74957
0.6741,0.74947
0.67445,0.74912
0.67481,0.74898
0.67516,0.74887
0.67551,0.74878
0.67586,0.74877
0.67621,0.74907
0.67657,0.74951
0.67692,0.74989
0.67727,0.74976
0.67763,0.74879
0.67798,0.74845
0.67834,0.7487
0.67869,0.74898
0.67905,0.74903
0.6794,0.74883
0.67976,0.74875
0.68012,0.74845
0.68047,0.74814
0.68083,0.74844
0.68119,0.74887
0.68155,0.74888
0.6819,0.74857
0.68226,0.74795
0.68262,0.74741
0.68298,0.74748
0.68334,0.74786
0.6837,0.74801
0.68406,0.74787
0.68443,0.74745
0.68479,0.74689
0.68515,0.74675
0.68551,0.74647
0.68587,0.74604
0.68624,0.74616
0.6866,0.74638
0.68696,0.74639
0.68733,0.74605
0.68769,0.74572
0.68806,0.74543
0.68842,0.74523
0.68879,0.74525
0.68916,0.745
0.68952,0.74483
0.68989,0.7446
0.69026,0.7444
0.69062,0.7444
0.69099,0.74451
0.69136,0.74436
0.69173,0.74389
0.6921,0.74347
0.69247,0.7431
0.69284,0.74315
0.69321,0.74317
0.69358,0.74287
0.69395,0.74251
0.69432,0.74226
0.6947,0.74208
0.69507,0.74181
0.69544,0.74185
0.69581,0.74151
0.69619,0.74124
0.69656,0.74136
0.69694,0.74119
0.69731,0.74096
0.69769,0.74083
0.69806,0.74074
0.69844,0.74003
0.69881,0.73952
0.69919,0.73939
0.69957,0.73928
0.69995,0.73941
0.70032,0.73901
0.7007,0.73861
0.70108,0.73852
0.70146,0.73831
0.70184,0.73758
0.70222,0.73699
0.7026,0.73698
0.70298,0.73657
0.70336,0.7361
0.70375,0.73555
0.70413,0.73547
0.70451,0.73557
0.70489,0.73544
0.70528,0.73534
0.70566,0.7347
0.70605,0.7341
0.70643,0.73377
0.70682,0.73393
0.7072,0.73409
0.70759,0.73376
0.70797,0.7334
0.70836,0.733
0.70875,0.73265
0.70914,0.7322
0.70952,0.73194
0.70991,0.73182
0.7103,0.73147
0.71069,0.73096
0.71108,0.73057
0.71147,0.73074
0.71186,0.7304
0.71225,0.7297
0.71265,0.72925
0.71304,0.72892
0.71343,0.7288
0.71382,0.72877
0.71422,0.7285
0.71461,0.72813
0.715,0.72824
0.7154,0.72814
0.71579,0.7277
0.71619,0.72738
0.71658,0.72681
0.71698,0.72638
0.71738,0.72624
0.71777,0.72587
0.71817,0.7252
0.71857,0.72492
0.71897,0.72481
0.71937,0.72451
0.71977,0.72426
0.72017,0.72408
0.72057,0.72383
0.72097,0.72338
0.72137,0.7232
0.72177,0.72298
0.72217,0.72233
0.72258,0.72212
0.72298,0.7222
0.72338,0.72175
0.72379,0.72086
0.72419,0.72044
0.7246,0.72023
0.725,0.71984
0.72541,0.71925
0.72581,0.71856
0.72622,0.71822
0.72663,0.71807
0.72703,0.71786
0.72744,0.71742
0.72785,0.71711
0.72826,0.71698
0.72867,0.7165
0.72908,0.71598
0.72949,0.71559
0.7299,0.71541
0.73031,0.71501
0.73072,0.71439
0.73113,0.71399
0.73155,0.71363
0.73196,0.71316
0.73237,0.71271
0.73279,0.71215
0.7332,0.71172
0.73362,0.71157
0.73403,0.71124
0.73445,0.71076
0.73486,0.71039
0.73528,0.71006
0.7357,0.70959
0.73612,0.70894
0.73653,0.70842
0.73695,0.7079
0.73737,0.70742
0.73779,0.7072
0.73821,0.70697
0.73863,0.70656
0.73905,0.70588
0.73948,0.70549
0.7399,0.70543
0.74032,0.70505
0.74074,0.70437
0.74117,0.70366
0.74159,0.70314
0.74202,0.70263
0.74244,0.70201
0.74287,0.70156
0.74329,0.70128
0.74372,0.70093
0.74415,0.7006
0.74457,0.70021
0.745,0.69985
0.74543,0.69935
0.74586,0.6988
0.74629,0.69852
0.74672,0.69804
0.74715,0.69715
0.74758,0.69624
0.74801,0.6955
0.74844,0.69528
0.74887,0.6953
0.74931,0.69496
0.74974,0.69422
0.75017,0.69362
0.75061,0.69321
0.75104,0.69281
0.75148,0.6921
0.75191,0.69136
0.75235,0.69091
0.75279,0.69047
0.75323,0.68979
0.75366,0.68907
0.7541,0.68868
0.75454,0.68819
0.75498,0.68754
0.75542,0.68697
0.75586,0.68642
0.7563,0.68602
0.75674,0.68547
0.75719,0.68489
0.75763,0.68432
0.75807,0.68374
0.75851,0.68331
0.75896,0.68286
0.7594,0.68256
0.75985,0.6821
0.76029,0.68134
0.76074,0.68043
0.76119,0.67966
0.76163,0.67903
0.76208,0.67829
0.76253,0.67788
0.76298,0.6775
0.76343,0.67714
0.76388,0.67687
0.76433,0.67615
0.76478,0.67514
0.76523,0.67449
0.76568,0.67418
0.76614,0.67378
0.76659,0.67354
0.76704,0.67336
0.7675,0.67289
0.76795,0.67212
0.76841,0.67102
0.76886,0.67013
0.76932,0.66974
0.76977,0.66962
0.77023,0.66928
0.77069,0.66879
0.77115,0.66813
0.77161,0.66716
0.77207,0.66652
0.77253,0.66614
0.77299,0.6656
0.77345,0.66508
0.77391,0.66458
0.77437,0.66388
0.77484,0.6634
0.7753,0.66297
0.77576,0.66228
0.77623,0.66186
0.77669,0.66146
0.77716,0.66094
0.77762,0.6604
0.77809,0.65984
0.77856,0.6594
0.77903,0.65901
0.7795,0.65839
0.77996,0.65774
0.78043,0.65764
0.7809,0.65722
0.78138,0.65637
0.78185,0.65572
0.78232,0.65507
0.78279,0.65465
0.78326,0.65405
0.78374,0.6533
0.78421,0.65283
0.78469,0.65234
0.78516,0.65177
0.78564,0.65136
0.78611,0.65115
0.78659,0.65078
0.78707,0.65019
0.78755,0.6496
0.78803,0.6491
0.7885,0.64822
0.78898,0.64713
0.78946,0.64644
0.78995,0.64608
0.79043,0.64595
0.79091,0.64569
0.79139,0.64527
0.79188,0.64465
0.79236,0.64397
0.79284,0.64356
0.79333,0.64321
0.79382,0.64292
0.7943,0.64256
0.79479,0.642
0.79528,0.64139
0.79576,0.64078
0.79625,0.64022
0.79674,0.6398
0.79723,0.63951
0.79772,0.63883
0.79822,0.63799
0.79871,0.63738
0.7992,0.63687
0.79969,0.63661
0.80019,0.63625
0.80068,0.63564
0.80117,0.63512
0.80167,0.63489
0.80217,0.63453
0.80266,0.63379
0.80316,0.63324
0.80366,0.63288
0.80416,0.63247
0.80466,0.63219
0.80516,0.63185
0.80566,0.63125
0.80616,0.63067
0.80666,0.63038
0.80716,0.63012
0.80766,0.62976
0.80817,0.62931
0.80867,0.62872
0.80918,0.62808
0.80968,0.62737
0.81019,0.62677
0.81069,0.62658
0.8112,0.62627
0.81171,0.62556
0.81222,0.62495
0.81273,0.62464
0.81324,0.62451
0.81375,0.62443
0.81426,0.62419
0.81477,0.62381
0.81528,0.62337
0.8158,0.62287
0.81631,0.62216
0.81682,0.62138
0.81734,0.62098
0.81786,0.62077
0.81837,0.62037
0.81889,0.6199
0.81941,0.61975
0.81992,0.61969
0.82044,0.61926
0.82096,0.61897
0.82148,0.61877
0.822,0.61825
0.82253,0.61766
0.82305,0.61737
0.82357,0.61745
0.82409,0.6173
0.82462,0.61675
0.82514,0.61618
0.82567,0.61566
0.8262,0.61528
0.82672,0.61502
0.82725,0.61456
0.82778,0.61388
0.82831,0.61343
0.82884,0.61306
0.82937,0.61281
0.8299,0.61278
0.83043,0.61248
0.83096,0.61213
0.8315,0.61173
0.83203,0.61138
0.83256,0.61118
0.8331,0.61074
0.83363,0.61032
0.83417,0.61005
0.83471,0.60995
0.83525,0.60945
0.83578,0.60868
0.83632,0.60826
0.83686,0.60793
0.8374,0.608
0.83794,0.60811
0.83849,0.60795
0.83903,0.60771
0.83957,0.60711
0.84012,0.60664
0.84066,0.60646
0.84121,0.60634
0.84175,0.60612
0.8423,0.60578
0.84285,0.6053
0.8434,0.60467
0.84395,0.60417
0.8445,0.60397
0.84505,0.60388
0.8456,0.60377
0.84615,0.60357
0.8467,0.60319
0.84726,0.60281
0.84781,0.60263
0.84836,0.60237
0.84892,0.60199
0.84948,0.60198
0.85003,0.60214
0.85059,0.60179
0.85115,0.60124
0.85171,0.60081
0.85227,0.60059
0.85283,0.60056
0.85339,0.60048
0.85395,0.60022
0.85452,0.59971
0.85508,0.59935
0.85564,0.59931
0.85621,0.59902
0.85678,0.59846
0.85734,0.59851
0.85791,0.59885
0.85848,0.5984
0.85905,0.59785
0.85962,0.59742
0.86019,0.59723
0.86076,0.59756
0.86133,0.59779
0.8619,0.59785
0.86248,0.59759
0.86305,0.59725
0.86362,0.59692
0.8642,0.59661
0.86478,0.59629
0.86535,0.59592
0.86593,0.59564
0.86651,0.59548
0.86709,0.59535
0.86767,0.59522
0.86825,0.59501
0.86883,0.59473
0.86942,0.59448
0.87,0.59419
0.87058,0.59387
0.87117,0.59366
0.87176,0.59351
0.87234,0.59335
0.87293,0.59311
0.87352,0.59281
0.87411,0.59255
0.8747,0.59231
0.87529,0.59209
0.87588,0.59186
0.87647,0.59156
0.87706,0.59124
0.87766,0.59104
0.87825,0.59092
0.87885,0.59061
0.87944,0.59027
0.88004,0.59004
0.88064,0.5898
0.88124,0.58947
0.88184,0.58908
0.88244,0.58871
0.88304,0.58843
0.88364,0.58825
0.88424,0.58802
0.88485,0.58772
0.88545,0.58746
0.88606,0.5872
0.88666,0.58691
0.88727,0.58658
0.88788,0.58623
0.88849,0.58603
0.8891,0.58582
0.88971,0.58554
0.89032,0.58526
0.89093,0.58493
0.89154,0.58451
0.89215,0.58417
0.89277,0.5839
0.89338,0.58359
0.894,0.58317
0.89462,0.58286
0.89524,0.58256
0.89585,0.5822
0.89647,0.58184
0.89709,0.58148
0.89772,0.58111
0.89834,0.5807
0.89896,0.58023
0.89958,0.57983
0.90021,0.57955
0.90083,0.57919
0.90146,0.57871
0.90209,0.5782
0.90272,0.57771
0.90335,0.57718
0.90398,0.57666
0.90461,0.57624
0.90524,0.57587
0.90587,0.57549
0.9065,0.57505
0.90714,0.57468
0.90777,0.5743
0.90841,0.57385
0.90905,0.57347
0.90968,0.57302
0.91032,0.57253
0.91096,0.57214
0.9116,0.57177
0.91225,0.57136
0.91289,0.57082
0.91353,0.57023
0.91418,0.56976
0.91482,0.56935
0.91547,0.56885
0.91611,0.56824
0.91676,0.56758
0.91741,0.56695
0.91806,0.56645
0.91871,0.56593
0.91936,0.56531
0.92001,0.56471
0.92067,0.56419
0.92132,0.56362
0.92198,0.56297
0.92263,0.56244
0.92329,0.562
0.92395,0.56149
0.92461,0.56085
0.92527,0.56016
0.92593,0.55954
0.92659,0.55889
0.92725,0.55825
0.92792,0.55761
0.92858,0.557
0.92925,0.55642
0.92991,0.55577
0.93058,0.55509
0.93125,0.55448
0.93192,0.55387
0.93259,0.5532
0.93326,0.55253
0.93393,0.55192
0.93461,0.55128
0.93528,0.55057
0.93596,0.54986
0.93663,0.54919
0.93731,0.54844
0.93799,0.5476
0.93867,0.54687
0.93935,0.54622
0.94003,0.5455
0.94071,0.54474
0.9414,0.54397
0.94208,0.54312
0.94276,0.54233
0.94345,0.54155
0.94414,0.54083
0.94483,0.54009
0.94551,0.53924
0.94621,0.53839
0.9469,0.53762
0.94759,0.53691
0.94828,0.53621
0.94898,0.53555
0.94967,0.53491
0.95037,0.53419
0.95106,0.53338
0.95176,0.53257
0.95246,0.53175
0.95316,0.53095
0.95386,0.53014
0.95457,0.52923
0.95527,0.52832
0.95597,0.52746
0.95668,0.52663
0.95739,0.52582
0.95809,0.52504
0.9588,0.52429
0.95951,0.52359
0.96022,0.52281
0.96094,0.52195
0.96165,0.52113
0.96236,0.52032
0.96308,0.51949
0.96379,0.51863
0.96451,0.5178
0.96523,0.51694
0.96595,0.51596
0.96667,0.51507
0.96739,0.5143
0.96811,0.51354
0.96883,0.51275
0.96956,0.51199
0.97029,0.51116
0.97101,0.51024
0.97174,0.50931
0.97247,0.50839
0.9732,0.50755
0.97393,0.50676
0.97466,0.50598
0.9754,0.50516
0.97613,0.50437
0.97687,0.50357
0.9776,0.50277
0.97834,0.50199
0.97908,0.50123
0.97982,0.50039
0.98056,0.49957
0.9813,0.49874
0.98205,0.49782
0.98279,0.49693
0.98354,0.49613
0.98428,0.49531
0.98503,0.4944
0.98578,0.49352
0.98653,0.49272
0.98728,0.49199
0.98803,0.4913
0.98879,0.4905
0.98954,0.48965
0.9903,0.48882
0.99106,0.48806
0.99181,0.48732
0.99257,0.48658
0.99333,0.48575
0.9941,0.48493
0.99486,0.4842
0.99562,0.4835
0.99639,0.48274
0.99715,0.48198
0.99792,0.48136
0.99869,0.48078
0.99946,0.48014
1.0002,0.47941
1.001,0.47865
1.0018,0.47787
1.0026,0.47707
1.0033,0.47634
1.0041,0.47569
1.0047,0.47634
1.0049,0.47599
1.0051,0.47585
1.0053,0.47571
1.0055,0.47538
1.0057,0.47504
1.0059,0.47482
1.0061,0.47454
1.0062,0.4742
1.0064,0.47402
1.0066,0.47386
1.0068,0.47338
1.007,0.47301
1.0072,0.47315
1.0074,0.47314
1.0076,0.47254
1.0078,0.47197
1.008,0.47178
1.0082,0.47174
1.0084,0.4718
1.0086,0.47198
1.0088,0.47205
1.009,0.47188
1.0092,0.47159
1.0094,0.47154
1.0096,0.47177
1.0098,0.47153
1.01,0.4706
1.0102,0.46992
1.0104,0.47
1.0106,0.47037
1.0108,0.47066
1.011,0.47094
1.0112,0.471
1.0114,0.47065
1.0115,0.47026
1.0117,0.47031
1.0119,0.47072
1.0121,0.47077
1.0123,0.47011
1.0125,0.46937
1.0127,0.46908
1.0129,0.46894
1.0131,0.46863
1.0133,0.46837
1.0135,0.46828
1.0137,0.46824
1.0139,0.46827
1.0141,0.46827
1.0143,0.46803
1.0145,0.46781
1.0147,0.46787
1.0149,0.46781
1.0151,0.46727
1.0153,0.46667
1.0155,0.46653
1.0157,0.46688
1.0159,0.46739
1.0161,0.46765
1.0163,0.46759
1.0165,0.46734
1.0167,0.46688
1.0169,0.46618
1.0171,0.46561
1.0173,0.46534
1.0175,0.46522
1.0177,0.46525
1.0179,0.46544
1.0181,0.46543
1.0183,0.46515
1.0185,0.46493
1.0187,0.46478
1.0189,0.46463
1.0191,0.46475
1.0193,0.46502
1.0195,0.46501
1.0197,0.46477
1.0199,0.46441
1.0201,0.46393
1.0203,0.46368
1.0205,0.46376
1.0207,0.46383
1.0209,0.46386
1.0211,0.46393
1.0213,0.46388
1.0215,0.46381
1.0217,0.4636
1.0219,0.46303
1.0221,0.46268
1.0223,0.46291
1.0225,0.46295
1.0227,0.46252
1.0229,0.46226
1.0231,0.4623
1.0233,0.46241
1.0235,0.46247
1.0237,0.4623
1.0239,0.46214
1.0241,0.46229
1.0243,0.46254
1.0245,0.46266
1.0247,0.46245
1.0249,0.46156
1.0251,0.46062
1.0254,0.46066
1.0256,0.46128
1.0258,0.46146
1.026,0.4612
1.0262,0.46106
1.0264,0.46131
1.0266,0.46164
1.0268,0.46154
1.027,0.46109
1.0272,0.46066
1.0274,0.46024
1.0276,0.45996
1.0278,0.46013
1.028,0.46058
1.0282,0.46088
1.0284,0.46082
1.0286,0.46044
1.0288,0.46008
1.029,0.45985
1.0292,0.4596
1.0294,0.45947
1.0296,0.45966
1.0298,0.45975
1.03,0.4596
1.0302,0.45944
1.0304,0.45928
1.0307,0.45908
1.0309,0.45889
1.0311,0.45861
1.0313,0.45842
1.0315,0.4587
1.0317,0.45917
1.0319,0.45922
1.0321,0.45891
1.0323,0.45872
1.0325,0.45875
1.0327,0.45871
1.0329,0.45845
1.0331,0.45808
1.0333,0.45783
1.0335,0.45787
1.0337,0.45819
1.0339,0.45828
1.0341,0.45784
1.0344,0.45752
1.0346,0.45764
1.0348,0.45754
1.035,0.45702
1.0352,0.45663
1.0354,0.45648
1.0356,0.45648
1.0358,0.45677
1.036,0.4571
1.0362,0.45709
1.0364,0.45688
1.0366,0.45682
1.0368,0.45694
1.037,0.45701
1.0372,0.45684
1.0375,0.45653
1.0377,0.45654
1.0379,0.45688
1.0381,0.45705
1.0383,0.45689
1.0385,0.45668
1.0387,0.45644
1.0389,0.45614
1.0391,0.45618
1.0393,0.45663
1.0395,0.45678
1.0397,0.45632
1.04,0.45596
1.0402,0.45599
1.0404,0.45594
1.0406,0.45581
1.0408,0.45599
1.041,0.45613
1.0412,0.45584
1.0414,0.45554
1.0416,0.45561
1.0418,0.45568
1.042,0.45547
1.0423,0.45521
1.0425,0.455
1.0427,0.45483
1.0429,0.45479
1.0431,0.45482
1.0433,0.45464
1.0435,0.45426
1.0437,0.45399
1.0439,0.45406
1.0441,0.45448
1.0444,0.45502
1.0446,0.4553
1.0448,0.4553
1.045,0.45534
1.0452,0.45548
1.0454,0.45543
1.0456,0.45504
1.0458,0.45452
1.046,0.45423
1.0462,0.45419
1.0465,0.45425
1.0467,0.45437
1.0469,0.45457
1.0471,0.45462
1.0473,0.45445
1.0475,0.45424
1.0477,0.45415
1.0479,0.4542
1.0482,0.45423
1.0484,0.454
1.0486,0.45362
1.0488,0.45351
1.049,0.45372
1.0492,0.45393
1.0494,0.45387
1.0496,0.45362
1.0498,0.45349
1.0501,0.45354
1.0503,0.45349
1.0505,0.45345
1.0507,0.45368
1.0509,0.45394
1.0511,0.45393
1.0513,0.45381
1.0516,0.45363
1.0518,0.45328
1.052,0.45295
1.0522,0.45294
1.0524,0.45324
1.0526,0.45359
1.0528,0.45383
1.053,0.45389
1.0533,0.45376
1.0535,0.45351
1.0537,0.45339
1.0539,0.45358
1.0541,0.45393
1.0543,0.45418
1.0545,0.45413
1.0548,0.45391
1.055,0.45386
1.0552,0.45392
1.0554,0.45367
1.0556,0.45323
1.0558,0.45305
1.056,0.45311
1.0563,0.45319
1.0565,0.45339
1.0567,0.45371
1.0569,0.45385
1.0571,0.45369
1.0573,0.45346
1.0576,0.45331
1.0578,0.45311
1.058,0.45298
1.0582,0.4532
1.0584,0.45353
1.0586,0.45357
1.0589,0.45348
1.0591,0.45349
1.0593,0.45347
1.0595,0.45339
1.0597,0.45331
1.0599,0.45327
1.0602,0.45346
1.0604,0.45378
1.0606,0.45382
1.0608,0.45372
1.061,0.4539
1.0612,0.45426
1.0615,0.45436
1.0617,0.45413
1.0619,0.45398
1.0621,0.45413
1.0623,0.45431
1.0625,0.45428
1.0628,0.45422
1.063,0.45422
1.0632,0.45409
1.0634,0.45389
1.0636,0.45386
1.0639,0.45394
1.0641,0.45403
1.0643,0.45411
1.0645,0.45416
1.0647,0.45423
1.0649,0.45427
1.0652,0.45422
1.0654,0.45421
1.0656,0.45435
1.0658,0.45451
1.066,0.45453
1.0663,0.45442
1.0665,0.45438
1.0667,0.4546
1.0669,0.45497
1.0671,0.4552
1.0674,0.45523
1.0676,0.45512
1.0678,0.45489
1.068,0.45471
1.0682,0.45476
1.0685,0.45495
1.0687,0.45509
1.0689,0.45512
1.0691,0.45502
1.0693,0.45482
1.0696,0.45462
1.0698,0.45466
1.07,0.45502
1.0702,0.45539
1.0704,0.45556
1.0707,0.45572
1.0709,0.45595
1.0711,0.45612
1.0713,0.45626
1.0715,0.45639
1.0718,0.4565
1.072,0.4566
1.0722,0.45655
1.0724,0.4563
1.0727,0.45634
1.0729,0.45673
1.0731,0.4568
1.0733,0.45646
1.0735,0.45637
1.0738,0.45654
1.074,0.45657
1.0742,0.45654
1.0744,0.45682
1.0747,0.45727
1.0749,0.45746
1.0751,0.45734
1.0753,0.45735
1.0755,0.45769
1.0758,0.45798
1.076,0.45789
1.0762,0.45758
1.0764,0.45743
1.0767,0.45769
1.0769,0.45813
1.0771,0.45832
1.0773,0.45832
1.0776,0.45846
1.0778,0.45858
1.078,0.45856
1.0782,0.45864
1.0785,0.45883
1.0787,0.45899
1.0789,0.45922
1.0791,0.45941
1.0794,0.45924
1.0796,0.45885
1.0798,0.45868
1.08,0.45882
1.0803,0.45906
1.0805,0.45918
1.0807,0.45925
1.0809,0.45946
1.0812,0.45974
1.0814,0.45992
1.0816,0.46008
1.0818,0.46017
1.0821,0.46005
1.0823,0.46003
1.0825,0.46035
1.0827,0.46065
1.083,0.46066
1.0832,0.46071
1.0834,0.46105
1.0836,0.46148
1.0839,0.46174
1.0841,0.46172
1.0843,0.46161
1.0845,0.46173
1.0848,0.46207
1.085,0.46225
1.0852,0.46212
1.0855,0.46201
1.0857,0.46224
1.0859,0.46257
1.0861,0.46259
1.0864,0.46232
1.0866,0.46212
1.0868,0.46213
1.087,0.46227
1.0873,0.46242
1.0875,0.4626
1.0877,0.4629
1.088,0.46329
1.0882,0.46364
1.0884,0.46384
1.0886,0.4639
1.0889,0.46392
1.0891,0.46408
1.0893,0.46444
1.0896,0.46484
1.0898,0.46504
1.09,0.46492
1.0902,0.46468
1.0905,0.46474
1.0907,0.46518
1.0909,0.4656
1.0912,0.46569
1.0914,0.46555
1.0916,0.46552
1.0919,0.46572
1.0921,0.46594
1.0923,0.46593
1.0925,0.46559
1.0928,0.46523
1.093,0.4654
1.0932,0.46612
1.0935,0.46663
1.0937,0.46653
1.0939,0.4663
1.0942,0.4663
1.0944,0.4665
1.0946,0.46688
1.0948,0.46722
1.0951,0.46726
1.0953,0.4672
1.0955,0.46739
1.0958,0.46774
1.096,0.4679
1.0962,0.46779
1.0965,0.46765
1.0967,0.4678
1.0969,0.46817
1.0972,0.46847
1.0974,0.46862
1.0976,0.46869
1.0979,0.46881
1.0981,0.46894
1.0983,0.46906
1.0986,0.46933
1.0988,0.46975
1.099,0.46997
1.0993,0.46993
1.0995,0.47002
1.0997,0.47038
1.1,0.47072
1.1002,0.47077
1.1004,0.47066
1.1007,0.4707
1.1009,0.47092
1.1011,0.47106
1.1014,0.47114
1.1016,0.47125
1.1018,0.47119
1.1021,0.47105
1.1023,0.4712
1.1025,0.47159
1.1028,0.47191
1.103,0.47204
1.1032,0.47204
1.1035,0.47208
1.1037,0.47219
1.1039,0.47208
1.1042,0.47171
1.1044,0.4716
1.1046,0.47204
1.1049,0.47264
1.1051,0.47303
1.1054,0.4733
1.1056,0.47349
1.1058,0.4735
1.1061,0.4735
1.1063,0.47376
1.1065,0.4741
1.1068,0.47422
1.107,0.47417
1.1072,0.47409
1.1075,0.47412
1.1077,0.4744
1.1079,0.47478
1.1082,0.47499
1.1084,0.47507
1.1087,0.47526
1.1089,0.47566
1.1091,0.47607
1.1094,0.47628
1.1096,0.47637
1.1098,0.47644
1.1101,0.47638
1.1103,0.47628
1.1106,0.47641
1.1108,0.47678
1.111,0.47712
1.1113,0.47736
1.1115,0.47757
1.1118,0.47769
1.112,0.47761
1.1122,0.47748
1.1125,0.47758
1.1127,0.47786
1.1129,0.47819
1.1132,0.47851
1.1134,0.47862
1.1137,0.4785
1.1139,0.47844
1.1141,0.47855
1.1144,0.4788
1.1146,0.47915
1.1149,0.47948
1.1151,0.47971
1.1153,0.47995
1.1156,0.48018
1.1158,0.4803
1.1161,0.4803
1.1163,0.48037
1.1165,0.48063
1.1168,0.48105
1.117,0.48139
1.1173,0.48153
1.1175,0.48152
1.1177,0.48143
1.118,0.4814
1.1182,0.4816
1.1185,0.48194
1.1187,0.48219
1.1189,0.48232
1.1192,0.48248
1.1194,0.48265
1.1197,0.48278
1.1199,0.48291
1.1202,0.48311
1.1204,0.48332
1.1206,0.48364
1.1209,0.48396
1.1211,0.48401
1.1214,0.48396
1.1216,0.48413
1.1219,0.4844
1.1221,0.48458
1.1223,0.4847
1.1226,0.48473
1.1228,0.48466
1.1231,0.48463
1.1233,0.48464
1.1236,0.48471
1.1238,0.48498
1.124,0.48528
1.1243,0.48541
1.1245,0.4856
1.1248,0.4861
1.125,0.48673
1.1253,0.48703
1.1255,0.48692
1.1257,0.48688
1.126,0.4872
1.1262,0.48761
1.1265,0.48786
1.1267,0.48797
1.127,0.48797
1.1272,0.48803
1.1275,0.48837
1.1277,0.48883
1.128,0.48904
1.1282,0.48893
1.1284,0.48883
1.1287,0.48907
1.1289,0.48946
1.1292,0.48965
1.1294,0.48967
1.1297,0.48969
1.1299,0.48968
1.1302,0.48964
1.1304,0.48972
1.1307,0.48991
1.1309,0.49011
1.1312,0.49012
1.1314,0.4899
1.1316,0.48986
1.1319,0.49033
1.1321,0.49101
1.1324,0.49137
1.1326,0.49136
1.1329,0.49132
1.1331,0.49158
1.1334,0.49199
1.1336,0.49216
1.1339,0.4921
1.1341,0.49227
1.1344,0.49268
1.1346,0.49288
1.1349,0.49282
1.1351,0.49279
1.1354,0.4929
1.1356,0.49306
1.1359,0.49317
1.1361,0.49323
1.1364,0.49338
1.1366,0.49362
1.1369,0.49372
1.1371,0.49366
1.1374,0.49373
1.1376,0.49398
1.1379,0.49414
1.1381,0.49417
1.1384,0.49421
1.1386,0.49432
1.1389,0.49456
1.1391,0.49489
1.1394,0.49508
1.1396,0.49504
1.1399,0.49501
1.1401,0.49513
1.1404,0.49524
1.1406,0.49531
1.1409,0.49545
1.1411,0.49563
1.1414,0.4958
1.1416,0.49595
1.1419,0.49614
1.1421,0.49648
1.1424,0.49692
1.1426,0.49719
1.1429,0.49723
1.1431,0.49725
1.1434,0.49734
1.1436,0.4974
1.1439,0.49747
1.1441,0.49769
1.1444,0.49803
1.1446,0.49833
1.1449,0.49843
1.1451,0.4985
1.1454,0.49871
1.1456,0.49898
1.1459,0.49912
1.1462,0.49909
1.1464,0.499
1.1467,0.49891
1.1469,0.49891
1.1472,0.49914
1.1474,0.49952
1.1477,0.49979
1.1479,0.49988
1.1482,0.49993
1.1484,0.49994
1.1487,0.49992
1.1489,0.5001
1.1492,0.50038
1.1495,0.50049
1.1497,0.50048
1.15,0.50051
1.1502,0.50055
1.1505,0.50067
1.1507,0.50092
1.151,0.50118
1.1512,0.50129
1.1515,0.50135
1.1518,0.50157
1.152,0.50188
1.1523,0.50193
1.1525,0.50177
1.1528,0.50169
1.153,0.50175
1.1533,0.50186
1.1535,0.50208
1.1538,0.50245
1.1541,0.50283
1.1543,0.50304
1.1546,0.50306
1.1548,0.50301
1.1551,0.50306
1.1553,0.50324
1.1556,0.50351
1.1559,0.50372
1.1561,0.50371
1.1564,0.50359
1.1566,0.50371
1.1569,0.50407
1.1572,0.50442
1.1574,0.50459
1.1577,0.50463
1.1579,0.50468
1.1582,0.50476
1.1584,0.50486
1.1587,0.50511
1.159,0.50545
1.1592,0.50558
1.1595,0.50554
1.1597,0.50546
1.16,0.50525
1.1603,0.50513
1.1605,0.50529
1.1608,0.50562
1.161,0.50595
1.1613,0.50626
1.1616,0.50653
1.1618,0.50672
1.1621,0.50687
1.1623,0.50694
1.1626,0.50695
1.1629,0.507
1.1631,0.50713
1.1634,0.50726
1.1636,0.50739
1.1639,0.50752
1.1642,0.50759
1.1644,0.50761
1.1647,0.50764
1.165,0.50769
1.1652,0.50778
1.1655,0.50791
1.1657,0.50814
1.166,0.50847
1.1663,0.50878
1.1665,0.50892
1.1668,0.50895
1.1671,0.50902
1.1673,0.50919
1.1676,0.50928
1.1678,0.50926
1.1681,0.50927
1.1684,0.5093
1.1686,0.50929
1.1689,0.50939
1.1692,0.50963
1.1694,0.50991
1.1697,0.51025
1.1699,0.51053
1.1702,0.51057
1.1705,0.51045
1.1707,0.51038
1.171,0.51041
1.1713,0.51056
1.1715,0.51079
1.1718,0.51094
1.1721,0.51098
1.1723,0.51096
1.1726,0.51082
1.1729,0.51074
1.1731,0.51098
1.1734,0.51143
1.1737,0.5117
1.1739,0.51174
1.1742,0.51172
1.1745,0.5117
1.1747,0.51166
1.175,0.51165
1.1752,0.51172
1.1755,0.51178
1.1758,0.51193
1.176,0.51229
1.1763,0.51266
1.1766,0.51279
1.1769,0.51283
1.1771,0.51296
1.1774,0.51303
1.1777,0.5129
1.1779,0.51271
1.1782,0.51272
1.1785,0.513
1.1787,0.51342
1.179,0.5137
1.1793,0.51374
1.1795,0.51369
1.1798,0.51367
1.1801,0.51374
1.1803,0.51389
1.1806,0.514
1.1809,0.51403
1.1811,0.51413
1.1814,0.51427
1.1817,0.51438
1.1819,0.5145
1.1822,0.51455
1.1825,0.51438
1.1828,0.51418
1.183,0.51423
1.1833,0.51448
1.1836,0.51468
1.1838,0.51471
1.1841,0.51471
1.1844,0.51487
1.1846,0.51514
1.1849,0.51527
1.1852,0.51518
1.1855,0.51507
1.1857,0.51507
1.186,0.51509
1.1863,0.51506
1.1865,0.51516
1.1868,0.51541
1.1871,0.51552
1.1874,0.5154
1.1876,0.5153
1.1879,0.51536
1.1882,0.51548
1.1884,0.51561
1.1887,0.51579
1.189,0.51598
1.1893,0.51609
1.1895,0.51613
1.1898,0.51627
1.1901,0.51645
1.1904,0.51646
1.1906,0.51642
1.1909,0.51655
1.1912,0.51677
1.1915,0.51688
1.1917,0.5168
1.192,0.51663
1.1923,0.5166
1.1925,0.51677
1.1928,0.51694
1.1931,0.51713
1.1934,0.51741
1.1936,0.51759
1.1939,0.51764
1.1942,0.5177
1.1945,0.51774
1.1947,0.51771
1.195,0.5178
1.1953,0.51806
1.1956,0.51837
1.1958,0.51855
1.1961,0.51858
1.1964,0.51873
1.1967,0.51899
1.197,0.51902
1.1972,0.51886
1.1975,0.51884
1.1978,0.51896
1.1981,0.51902
1.1983,0.51911
1.1986,0.51928
1.1989,0.51946
1.1992,0.51947
1.1994,0.51937
1.1997,0.51933
1.2,0.51935
1.2003,0.51935
1.2006,0.51943
1.2008,0.51973
1.2011,0.52009
1.2014,0.52033
1.2017,0.52043
1.2019,0.52046
1.2022,0.52044
1.2025,0.52031
1.2028,0.52017
1.2031,0.52028
1.2033,0.52067
1.2036,0.52091
1.2039,0.52076
1.2042,0.52055
1.2045,0.52064
1.2047,0.52087
1.205,0.52103
1.2053,0.52124
1.2056,0.52141
1.2059,0.52133
1.2061,0.52127
1.2064,0.52148
1.2067,0.52165
1.207,0.52163
1.2073,0.52168
1.2075,0.5218
1.2078,0.52189
1.2081,0.52209
1.2084,0.52236
1.2087,0.52251
1.209,0.5225
1.2092,0.52238
1.2095,0.5223
1.2098,0.52238
1.2101,0.52257
1.2104,0.52272
1.2106,0.52278
1.2109,0.52279
1.2112,0.52285
1.2115,0.52302
1.2118,0.5232
1.2121,0.52335
1.2123,0.52351
1.2126,0.52363
1.2129,0.52364
1.2132,0.52358
1.2135,0.52359
1.2138,0.52371
1.214,0.52384
1.2143,0.52392
1.2146,0.524
1.2149,0.52417
1.2152,0.52437
1.2155,0.52451
1.2158,0.52452
1.216,0.52448
1.2163,0.52444
1.2166,0.5244
1.2169,0.52449
1.2172,0.5247
1.2175,0.52486
1.2178,0.52491
1.218,0.52494
1.2183,0.52503
1.2186,0.52506
1.2189,0.52506
1.2192,0.52516
1.2195,0.52544
1.2198,0.52571
1.22,0.52586
1.2203,0.52593
1.2206,0.52598
1.2209,0.52601
1.2212,0.52596
1.2215,0.52586
1.2218,0.52587
1.2221,0.52613
1.2223,0.52643
1.2226,0.52655
1.2229,0.52655
1.2232,0.52655
1.2235,0.52653
1.2238,0.52664
1.2241,0.52691
1.2244,0.5271
1.2247,0.52715
1.2249,0.52724
1.2252,0.52748
1.2255,0.5277
1.2258,0.52774
1.2261,0.52773
1.2264,0.52784
1.2267,0.52806
1.227,0.52823
1.2273,0.52828
1.2276,0.52817
1.2278,0.52797
1.2281,0.52797
1.2284,0.52815
1.2287,0.52828
1.229,0.52837
1.2293,0.52848
1.2296,0.52855
1.2299,0.52868
1.2302,0.52888
1.2305,0.52904
1.2308,0.52909
1.2311,0.52911
1.2313,0.52922
1.2316,0.52944
1.2319,0.52963
1.2322,0.52968
1.2325,0.52967
1.2328,0.52966
1.2331,0.52975
1.2334,0.53
1.2337,0.53027
1.234,0.53043
1.2343,0.53052
1.2346,0.53055
1.2349,0.53058
1.2352,0.53068
1.2355,0.53078
1.2357,0.5308
1.236,0.53076
1.2363,0.53073
1.2366,0.53077
1.2369,0.53099
1.2372,0.53117
1.2375,0.53119
1.2378,0.53123
1.2381,0.53141
1.2384,0.53162
1.2387,0.53175
1.239,0.53181
1.2393,0.53183
1.2396,0.5319
1.2399,0.532
1.2402,0.53212
1.2405,0.53229
1.2408,0.53254
1.2411,0.5328
1.2414,0.53295
1.2417,0.53297
1.242,0.533
1.2423,0.533
1.2426,0.53289
1.2429,0.53291
1.2432,0.53321
1.2435,0.53355
1.2438,0.5338
1.2441,0.53401
1.2443,0.53418
1.2446,0.53427
1.2449,0.53436
1.2452,0.5345
1.2455,0.53458
1.2458,0.53459
1.2461,0.53468
1.2464,0.53488
1.2467,0.53499
1.247,0.53502
1.2473,0.53507
1.2476,0.53512
1.2479,0.53516
1.2482,0.53526
1.2485,0.53536
1.2488,0.53547
1.2491,0.53565
1.2494,0.53575
1.2497,0.53578
1.25,0.53597
1.2504,0.53627
1.2507,0.53651
1.251,0.53676
1.2513,0.53699
1.2516,0.53709
1.2519,0.5371
1.2522,0.53708
1.2525,0.53707
1.2528,0.53722
1.2531,0.53746
1.2534,0.53759
1.2537,0.53763
1.254,0.53768
1.2543,0.53771
1.2546,0.53778
1.2549,0.538
1.2552,0.53824
1.2555,0.53834
1.2558,0.53841
1.2561,0.5386
1.2564,0.53887
1.2567,0.53912
1.257,0.53923
1.2573,0.53918
1.2576,0.53915
1.2579,0.53932
1.2582,0.53959
1.2585,0.53982
1.2588,0.54003
1.2592,0.54022
1.2595,0.54034
1.2598,0.54041
1.2601,0.54049
1.2604,0.54059
1.2607,0.54067
1.261,0.54075
1.2613,0.5409
1.2616,0.54108
1.2619,0.54116
1.2622,0.5412
1.2625,0.54131
1.2628,0.54136
1.2631,0.54132
1.2635,0.54139
1.2638,0.54166
1.2641,0.54187
1.2644,0.54189
1.2647,0.54186
1.265,0.54191
1.2653,0.54206
1.2656,0.54224
1.2659,0.5424
1.2662,0.54256
1.2665,0.54269
1.2668,0.54273
1.2672,0.54273
1.2675,0.54285
1.2678,0.54314
1.2681,0.54343
1.2684,0.54352
1.2687,0.54357
1.269,0.54374
1.2693,0.5439
1.2696,0.54394
1.2699,0.544
1.2703,0.54415
1.2706,0.54439
1.2709,0.54463
1.2712,0.54478
1.2715,0.54489
1.2718,0.54516
1.2721,0.54555
1.2724,0.5458
1.2728,0.5459
1.2731,0.54601
1.2734,0.54614
1.2737,0.54617
1.274,0.54618
1.2743,0.54631
1.2746,0.54653
1.2749,0.54674
1.2753,0.5469
1.2756,0.54705
1.2759,0.54721
1.2762,0.5474
1.2765,0.54749
1.2768,0.54751
1.2771,0.54764
1.2775,0.5479
1.2778,0.54811
1.2781,0.54828
1.2784,0.54843
1.2787,0.5485
1.279,0.5485
1.2793,0.54851
1.2797,0.54856
1.28,0.54875
1.2803,0.54915
1.2806,0.54957
1.2809,0.54978
1.2812,0.54981
1.2816,0.54994
1.2819,0.55018
1.2822,0.55024
1.2825,0.55013
1.2828,0.55026
1.2831,0.55059
1.2835,0.55075
1.2838,0.55076
1.2841,0.55089
1.2844,0.55115
1.2847,0.55137
1.2851,0.55149
1.2854,0.55166
1.2857,0.55192
1.286,0.55213
1.2863,0.5523
1.2867,0.55254
1.287,0.55283
1.2873,0.55306
1.2876,0.5532
1.2879,0.55325
1.2882,0.55335
1.2886,0.55352
1.2889,0.55364
1.2892,0.55375
1.2895,0.55398
1.2899,0.55422
1.2902,0.5544
1.2905,0.55465
1.2908,0.55485
1.2911,0.55493
1.2915,0.55506
1.2918,0.55522
1.2921,0.55529
1.2924,0.55539
1.2927,0.55562
1.2931,0.55582
1.2934,0.55591
1.2937,0.55604
1.294,0.55627
1.2944,0.55648
1.2947,0.55661
1.295,0.55683
1.2953,0.5571
1.2957,0.55726
1.296,0.55735
1.2963,0.55756
1.2966,0.55787
1.2969,0.5581
1.2973,0.55815
1.2976,0.55813
1.2979,0.55821
1.2982,0.55831
1.2986,0.55828
1.2989,0.55827
1.2992,0.55839
1.2996,0.55859
1.2999,0.55892
1.3002,0.55934
1.3005,0.55965
1.3009,0.55986
1.3012,0.56008
1.3015,0.5603
1.3018,0.56054
1.3022,0.5608
1.3025,0.56103
1.3028,0.56126
1.3031,0.56148
1.3035,0.56166
1.3038,0.56188
1.3041,0.56212
1.3045,0.56221
1.3048,0.56211
1.3051,0.56205
1.3054,0.56223
1.3058,0.56258
1.3061,0.56291
1.3064,0.56316
1.3068,0.56327
1.3071,0.56325
1.3074,0.56327
1.3077,0.5635
1.3081,0.56385
1.3084,0.56416
1.3087,0.56446
1.3091,0.56475
1.3094,0.56496
1.3097,0.56507
1.3101,0.56518
1.3104,0.56536
1.3107,0.56563
1.3111,0.56591
1.3114,0.56605
1.3117,0.56619
1.312,0.56648
1.3124,0.56675
1.3127,0.56688
1.313,0.56701
1.3134,0.56723
1.3137,0.56751
1.314,0.56781
1.3144,0.56807
1.3147,0.56833
1.315,0.56861
1.3154,0.5688
1.3157,0.56892
1.316,0.56913
1.3164,0.56941
1.3167,0.56962
1.317,0.56986
1.3174,0.57022
1.3177,0.57055
1.318,0.57077
1.3184,0.57091
1.3187,0.57104
1.3191,0.57129
1.3194,0.57164
1.3197,0.57191
1.3201,0.57209
1.3204,0.57237
1.3207,0.57269
1.3211,0.57283
1.3214,0.57295
1.3217,0.57324
1.3221,0.57362
1.3224,0.57392
1.3228,0.57419
1.3231,0.57444
1.3234,0.57463
1.3238,0.57474
1.3241,0.57485
1.3244,0.57501
1.3248,0.57518
1.3251,0.57542
1.3255,0.57577
1.3258,0.57615
1.3261,0.57645
1.3265,0.5767
1.3268,0.5769
1.3272,0.57706
1.3275,0.5773
1.3278,0.57764
1.3282,0.57798
1.3285,0.57827
1.3289,0.5785
1.3292,0.57868
1.3295,0.57887
1.3299,0.57905
1.3302,0.57919
1.3306,0.57929
1.3309,0.57939
1.3312,0.5796
1.3316,0.57994
1.3319,0.58031
1.3323,0.5806
1.3326,0.58088
1.333,0.58117
1.3333,0.5814
1.3336,0.58163
1.334,0.58184
1.3343,0.58199
1.3347,0.58211
1.335,0.58234
1.3354,0.5827
1.3357,0.58312
1.336,0.58353
1.3364,0.58388
1.3367,0.5842
1.3371,0.58442
1.3374,0.58455
1.3378,0.58468
1.3381,0.58484
1.3385,0.58507
1.3388,0.58541
1.3392,0.58571
1.3395,0.58583
1.3398,0.5859
1.3402,0.58606
1.3405,0.58628
1.3409,0.58655
1.3412,0.58683
1.3416,0.58709
1.3419,0.58733
1.3423,0.58762
1.3426,0.58798
1.343,0.58838
1.3433,0.58872
1.3437,0.58894
1.344,0.58907
1.3444,0.58916
1.3447,0.58924
1.3451,0.58939
1.3454,0.58965
1.3458,0.58996
1.3461,0.59018
1.3465,0.59037
1.3468,0.59067
1.3472,0.59101
1.3475,0.59127
1.3479,0.59149
1.3482,0.59178
1.3486,0.59211
1.3489,0.59243
1.3493,0.59272
1.3496,0.59293
1.35,0.59308
1.3503,0.59326
1.3507,0.59361
1.351,0.59405
1.3514,0.59435
1.3517,0.59449
1.3521,0.59465
1.3524,0.59493
1.3528,0.5952
1.3531,0.59544
1.3535,0.59569
1.3538,0.59598
1.3542,0.59634
1.3545,0.59673
1.3549,0.59706
1.3553,0.59741
1.3556,0.59783
1.356,0.59817
1.3563,0.59838
1.3567,0.59855
1.357,0.59871
1.3574,0.59895
1.3577,0.59934
1.3581,0.59988
1.3585,0.60039
1.3588,0.60077
1.3592,0.60098
1.3595,0.60113
1.3599,0.60139
1.3602,0.60176
1.3606,0.60215
1.3609,0.60256
1.3613,0.60296
1.3617,0.60328
1.362,0.60355
1.3624,0.60397
1.3627,0.60452
1.3631,0.60498
1.3635,0.60525
1.3638,0.60547
1.3642,0.60568
1.3645,0.60584
1.3649,0.60605
1.3652,0.60645
1.3656,0.60692
1.366,0.60727
1.3663,0.60753
1.3667,0.60783
1.367,0.60812
1.3674,0.6084
1.3678,0.60871
1.3681,0.60899
1.3685,0.6092
1.3689,0.6094
1.3692,0.6097
1.3696,0.61013
1.3699,0.61062
1.3703,0.61098
1.3707,0.6112
1.371,0.61143
1.3714,0.61176
1.3717,0.61213
1.3721,0.61254
1.3725,0.6129
1.3728,0.61319
1.3732,0.61351
1.3736,0.61388
1.3739,0.61427
1.3743,0.61463
1.3747,0.61491
1.375,0.61516
1.3754,0.61542
1.3758,0.61567
1.3761,0.61596
1.3765,0.61641
1.3768,0.61695
1.3772,0.6174
1.3776,0.61779
1.3779,0.6181
1.3783,0.61829
1.3787,0.6185
1.379,0.61873
1.3794,0.619
1.3798,0.61933
1.3801,0.61974
1.3805,0.62013
1.3809,0.62043
1.3812,0.62066
1.3816,0.6209
1.382,0.62122
1.3824,0.62147
1.3827,0.62163
1.3831,0.62193
1.3835,0.62241
1.3838,0.62287
1.3842,0.62324
1.3846,0.6235
1.3849,0.62366
1.3853,0.62384
1.3857,0.62416
1.386,0.62466
1.3864,0.62522
1.3868,0.62554
1.3872,0.62559
1.3875,0.62562
1.3879,0.62576
1.3883,0.62608
1.3886,0.6266
1.389,0.62716
1.3894,0.62755
1.3898,0.62795
1.3901,0.62841
1.3905,0.62871
1.3909,0.62884
1.3913,0.62909
1.3916,0.62946
1.392,0.62974
1.3924,0.63
1.3927,0.63038
1.3931,0.63082
1.3935,0.63122
1.3939,0.63161
1.3942,0.6319
1.3946,0.63209
1.395,0.63243
1.3954,0.63298
1.3957,0.63337
1.3961,0.63345
1.3965,0.63361
1.3969,0.63396
1.3973,0.63429
1.3976,0.63458
1.398,0.63496
1.3984,0.63543
1.3988,0.63592
1.3991,0.6364
1.3995,0.63681
1.3999,0.63713
1.4003,0.63746
1.4006,0.63795
1.401,0.63849
1.4014,0.63885
1.4018,0.63912
1.4022,0.63947
1.4025,0.63982
1.4029,0.6401
1.4033,0.64043
1.4037,0.64076
1.4041,0.641
1.4044,0.64126
1.4048,0.64172
1.4052,0.64234
1.4056,0.64287
1.406,0.64315
1.4063,0.64335
1.4067,0.64366
1.4071,0.64408
1.4075,0.64451
1.4079,0.64485
1.4083,0.64512
1.4086,0.64552
1.409,0.64603
1.4094,0.64644
1.4098,0.64673
1.4102,0.64707
1.4106,0.6475
1.4109,0.64801
1.4113,0.64857
1.4117,0.64902
1.4121,0.64935
1.4125,0.64967
1.4129,0.65008
1.4132,0.65055
1.4136,0.65092
1.414,0.65114
1.4144,0.65137
1.4148,0.65179
1.4152,0.65223
1.4156,0.65252
1.4159,0.65274
1.4163,0.65308
1.4167,0.65354
1.4171,0.65402
1.4175,0.65444
1.4179,0.65482
1.4183,0.65514
1.4187,0.65539
1.419,0.65568
1.4194,0.65613
1.4198,0.6566
1.4202,0.65697
1.4206,0.65729
1.421,0.65758
1.4214,0.65785
1.4218,0.65817
1.4222,0.65851
1.4226,0.65881
1.4229,0.65923
1.4233,0.65986
1.4237,0.66046
1.4241,0.66085
1.4245,0.6611
1.4249,0.66138
1.4253,0.66176
1.4257,0.66223
1.4261,0.66273
1.4265,0.6632
1.4269,0.66357
1.4273,0.66382
1.4276,0.66405
1.428,0.66433
1.4284,0.6647
1.4288,0.66512
1.4292,0.66556
1.4296,0.66594
1.43,0.66624
1.4304,0.66658
1.4308,0.66695
1.4312,0.66729
1.4316,0.66763
1.432,0.668
1.4324,0.66837
1.4328,0.66877
1.4332,0.66925
1.4336,0.66975
1.434,0.67022
1.4344,0.67064
1.4348,0.67101
1.4352,0.67133
1.4356,0.6717
1.4359,0.67213
1.4363,0.67251
1.4367,0.67285
1.4371,0.67321
1.4375,0.67368
1.4379,0.67425
1.4383,0.6748
1.4387,0.67528
1.4391,0.6757
1.4395,0.67611
1.4399,0.67656
1.4403,0.67704
1.4407,0.67745
1.4411,0.67773
1.4415,0.67798
1.4419,0.67827
1.4423,0.67864
1.4427,0.67903
1.4431,0.67941
1.4435,0.67974
1.4439,0.68006
1.4443,0.68036
1.4447,0.68066
1.4452,0.68099
1.4456,0.68135
1.446,0.68173
1.4464,0.68213
1.4468,0.68252
1.4472,0.68288
1.4476,0.68325
1.448,0.68366
1.4484,0.68415
1.4488,0.68465
1.4492,0.68514
1.4496,0.68564
1.45,0.68604
1.4504,0.68623
1.4508,0.68639
1.4512,0.68679
1.4516,0.68734
1.452,0.68779
1.4524,0.6881
1.4528,0.6884
1.4533,0.68875
1.4537,0.68916
1.4541,0.68961
1.4545,0.69008
1.4549,0.69054
1.4553,0.69098
1.4557,0.69139
1.4561,0.69175
1.4565,0.69213
1.4569,0.69257
1.4573,0.69307
1.4577,0.6936
1.4582,0.69405
1.4586,0.69439
1.459,0.6947
1.4594,0.69504
1.4598,0.69539
1.4602,0.69579
1.4606,0.69623
1.461,0.69672
1.4614,0.69726
1.4619,0.69779
1.4623,0.69818
1.4627,0.69851
1.4631,0.69888
1.4635,0.69922
1.4639,0.69956
1.4643,0.69993
1.4647,0.7003
1.4652,0.70072
1.4656,0.70123
1.466,0.70166
1.4664,0.70192
1.4668,0.70221
1.4672,0.70264
1.4676,0.70312
1.4681,0.70352
1.4685,0.70387
1.4689,0.70427
1.4693,0.70475
1.4697,0.70523
1.4701,0.70563
1.4706,0.70599
1.471,0.7064
1.4714,0.70691
1.4718,0.70743
1.4722,0.70781
1.4726,0.70812
1.4731,0.70852
1.4735,0.70892
1.4739,0.70925
1.4743,0.70959
1.4747,0.70999
1.4752,0.71041
1.4756,0.71082
1.476,0.71126
1.4764,0.71174
1.4768,0.71218
1.4773,0.71259
1.4777,0.71301
1.4781,0.71341
1.4785,0.7138
1.479,0.7142
1.4794,0.71462
1.4798,0.71505
1.4802,0.71545
1.4806,0.71584
1.4811,0.71622
1.4815,0.7166
1.4819,0.71695
1.4823,0.71732
1.4828,0.71772
1.4832,0.71819
1.4836,0.71869
1.484,0.7191
1.4845,0.71938
1.4849,0.71974
1.4853,0.72024
1.4857,0.72076
1.4862,0.72124
1.4866,0.72166
1.487,0.72199
1.4874,0.72234
1.4879,0.72282
1.4883,0.72328
1.4887,0.72358
1.4891,0.72387
1.4896,0.72425
1.49,0.72464
1.4904,0.72497
1.4909,0.72536
1.4913,0.72583
1.4917,0.72626
1.4921,0.72658
1.4926,0.72688
1.493,0.72721
1.4934,0.72754
1.4939,0.72798
1.4943,0.72856
1.4947,0.72914
1.4952,0.7296
1.4956,0.73002
1.496,0.73041
1.4965,0.73068
1.4969,0.73091
1.4973,0.73125
1.4977,0.73169
1.4982,0.73215
1.4986,0.73263
1.499,0.7332
1.4995,0.73377
1.4999,0.7342
1.5003,0.73451
1.5008,0.73478
1.5012,0.73505
1.5017,0.73533
1.5021,0.73567
1.5025,0.73611
1.503,0.73663
1.5034,0.73713
1.5038,0.73751
1.5043,0.73771
1.5047,0.73797
1.5051,0.73843
1.5056,0.73904
1.506,0.73959
1.5065,0.73996
1.5069,0.74022
1.5073,0.7405
1.5078,0.74088
1.5082,0.74133
1.5086,0.74187
1.5091,0.74247
1.5095,0.74293
1.51,0.74321
1.5104,0.74345
1.5108,0.74376
1.5113,0.74412
1.5117,0.74455
1.5122,0.74501
1.5126,0.74539
1.513,0.7457
1.5135,0.746
1.5139,0.74616
1.5144,0.7463
1.5148,0.74659
1.5153,0.74698
1.5157,0.74738
1.5161,0.74781
1.5166,0.74824
1.517,0.7487
1.5175,0.74914
1.5179,0.74942
1.5184,0.74963
1.5188,0.74998
1.5193,0.75044
1.5197,0.75093
1.5201,0.75135
1.5206,0.75166
1.521,0.75204
1.5215,0.7526
1.5219,0.75315
1.5224,0.7536
1.5228,0.75406
1.5233,0.75449
1.5237,0.75482
1.5242,0.75518
1.5246,0.75567
1.5251,0.75614
1.5255,0.75643
1.526,0.75668
1.5264,0.75709
1.5269,0.75754
1.5273,0.75784
1.5278,0.75811
1.5282,0.7586
1.5287,0.75918
1.5291,0.75965
1.5296,0.76003
1.53,0.76036
1.5305,0.76065
1.5309,0.76098
1.5314,0.7613
1.5318,0.76163
1.5323,0.76206
1.5327,0.7626
1.5332,0.76305
1.5336,0.76333
1.5341,0.76357
1.5345,0.76386
1.535,0.76413
1.5354,0.76436
1.5359,0.76471
1.5364,0.76511
1.5368,0.76547
1.5373,0.76581
1.5377,0.76611
1.5382,0.76634
1.5386,0.76663
1.5391,0.76706
1.5396,0.76751
1.54,0.76788
1.5405,0.76825
1.5409,0.76865
1.5414,0.76905
1.5418,0.76943
1.5423,0.7697
1.5428,0.76995
1.5432,0.77036
1.5437,0.77084
1.5441,0.77116
1.5446,0.77137
1.5451,0.77172
1.5455,0.77214
1.546,0.7725
1.5464,0.77285
1.5469,0.77326
1.5474,0.77372
1.5478,0.77415
1.5483,0.77452
1.5487,0.77478
1.5492,0.77497
1.5497,0.77512
1.5501,0.77527
1.5506,0.77549
1.5511,0.77581
1.5515,0.77622
1.552,0.77674
1.5525,0.77736
1.5529,0.77789
1.5534,0.77825
1.5539,0.77848
1.5543,0.77868
1.5548,0.77895
1.5553,0.77929
1.5557,0.77964
1.5562,0.77997
1.5567,0.78024
1.5571,0.78052
1.5576,0.78091
1.5581,0.78128
1.5585,0.78146
1.559,0.78164
1.5595,0.78211
1.5599,0.78271
1.5604,0.7831
1.5609,0.78328
1.5613,0.7834
1.5618,0.78368
1.5623,0.78415
1.5627,0.78463
1.5632,0.78497
1.5637,0.78525
1.5642,0.78556
1.5646,0.7859
1.5651,0.78625
1.5656,0.78656
1.5661,0.78681
1.5665,0.78706
1.567,0.78739
1.5675,0.78779
1.5679,0.78818
1.5684,0.78848
1.5689,0.78874
1.5694,0.78902
1.5698,0.78931
1.5703,0.78958
1.5708,0.78988
1.5713,0.79023
1.5718,0.79056
1.5722,0.79093
1.5727,0.7913
1.5732,0.7916
1.5737,0.7918
1.5741,0.79195
1.5746,0.79215
1.5751,0.79248
1.5756,0.79291
1.576,0.79327
1.5765,0.7935
1.577,0.79374
1.5775,0.79403
1.578,0.79434
1.5784,0.79461
1.5789,0.79485
1.5794,0.79512
1.5799,0.79543
1.5804,0.79574
1.5809,0.79609
1.5813,0.79647
1.5818,0.79682
1.5823,0.79714
1.5828,0.79751
1.5833,0.79785
1.5838,0.7981
1.5842,0.79833
1.5847,0.79853
1.5852,0.79861
1.5857,0.79871
1.5862,0.79898
1.5867,0.79928
1.5871,0.79946
1.5876,0.79976
1.5881,0.80031
1.5886,0.80089
1.5891,0.80129
1.5896,0.80152
1.5901,0.80172
1.5906,0.80193
1.591,0.80213
1.5915,0.80235
1.592,0.80264
1.5925,0.803
1.593,0.80328
1.5935,0.80347
1.594,0.80366
1.5945,0.80393
1.595,0.80421
1.5954,0.80441
1.5959,0.80461
1.5964,0.80494
1.5969,0.80533
1.5974,0.80563
1.5979,0.80591
1.5984,0.80629
1.5989,0.80666
1.5994,0.80699
1.5999,0.80726
1.6004,0.80742
1.6009,0.80751
1.6014,0.80773
1.6019,0.80811
1.6024,0.80849
1.6028,0.8088
1.6033,0.8091
1.6038,0.80941
1.6043,0.80966
1.6048,0.80987
1.6053,0.81008
1.6058,0.8103
1.6063,0.81051
1.6068,0.81077
1.6073,0.81099
1.6078,0.81101
1.6083,0.81087
1.6088,0.81086
1.6093,0.81119
1.6098,0.81163
1.6103,0.81192
1.6108,0.81211
1.6113,0.81235
1.6118,0.81266
1.6123,0.813
1.6128,0.81334
1.6133,0.81364
1.6138,0.81384
1.6143,0.81403
1.6148,0.81429
1.6153,0.81452
1.6158,0.81461
1.6163,0.81469
1.6168,0.81485
1.6173,0.81504
1.6178,0.81527
1.6184,0.81552
1.6189,0.8157
1.6194,0.81585
1.6199,0.8161
1.6204,0.8164
1.6209,0.81662
1.6214,0.81685
1.6219,0.8171
1.6224,0.81729
1.6229,0.81753
1.6234,0.81783
1.6239,0.81805
1.6244,0.81819
1.6249,0.81829
1.6255,0.81832
1.626,0.8183
1.6265,0.81849
1.627,0.81888
1.6275,0.81924
1.628,0.81948
1.6285,0.81965
1.629,0.81983
1.6295,0.82
1.6301,0.82022
1.6306,0.82052
1.6311,0.82082
1.6316,0.82103
1.6321,0.82108
1.6326,0.82103
1.6331,0.82104
1.6337,0.82122
1.6342,0.8215
1.6347,0.8217
1.6352,0.82175
1.6357,0.82173
1.6362,0.82183
1.6367,0.82212
1.6373,0.82244
1.6378,0.8227
1.6383,0.82296
1.6388,0.82317
1.6393,0.82332
1.6398,0.82351
1.6404,0.8237
1.6409,0.82378
1.6414,0.82384
1.6419,0.82395
1.6424,0.8241
1.643,0.82425
1.6435,0.82445
1.644,0.82464
1.6445,0.82477
1.6451,0.82485
1.6456,0.82494
1.6461,0.82505
1.6466,0.82519
1.6471,0.82541
1.6477,0.82563
1.6482,0.82583
1.6487,0.82606
1.6492,0.82626
1.6498,0.82637
1.6503,0.82642
1.6508,0.82656
1.6513,0.82684
1.6519,0.82721
1.6524,0.82761
1.6529,0.82799
1.6534,0.82825
1.654,0.82836
1.6545,0.82846
1.655,0.82869
1.6556,0.82896
1.6561,0.8291
1.6566,0.8292
1.6571,0.82932
1.6577,0.82941
1.6582,0.82943
1.6587,0.82953
1.6593,0.82985
1.6598,0.83019
1.6603,0.8303
1.6609,0.83034
1.6614,0.83052
1.6619,0.83081
1.6625,0.83097
1.663,0.83105
1.6635,0.83121
1.6641,0.83136
1.6646,0.83142
1.6651,0.83144
1.6657,0.83144
1.6662,0.83145
1.6667,0.83162
1.6673,0.83189
1.6678,0.83205
1.6683,0.83201
1.6689,0.83193
1.6694,0.83202
1.67,0.83226
1.6705,0.83249
1.671,0.83261
1.6716,0.83262
1.6721,0.83266
1.6726,0.8328
1.6732,0.83298
1.6737,0.83312
1.6743,0.83325
1.6748,0.83349
1.6753,0.83386
1.6759,0.83418
1.6764,0.83433
1.677,0.83435
1.6775,0.83433
1.6781,0.83443
1.6786,0.8346
1.6791,0.83471
1.6797,0.83483
1.6802,0.83494
1.6808,0.83502
1.6813,0.83512
1.6819,0.83522
1.6824,0.83532
1.683,0.8355
1.6835,0.83576
1.6841,0.8359
1.6846,0.83594
1.6851,0.83608
1.6857,0.83629
1.6862,0.83641
1.6868,0.83637
1.6873,0.83632
1.6879,0.83642
1.6884,0.83655
1.689,0.8366
1.6895,0.83658
1.6901,0.83656
1.6906,0.83656
1.6912,0.83656
1.6917,0.8366
1.6923,0.83667
1.6929,0.83671
1.6934,0.83666
1.694,0.83666
1.6945,0.83681
1.6951,0.83696
1.6956,0.83703
1.6962,0.83715
1.6967,0.83733
1.6973,0.83746
1.6978,0.83753
1.6984,0.83771
1.699,0.838
1.6995,0.83823
1.7001,0.83824
1.7006,0.83815
1.7012,0.83817
1.7017,0.83825
1.7023,0.83825
1.7029,0.83825
1.7034,0.83835
1.704,0.83855
1.7045,0.83862
1.7051,0.83858
1.7057,0.83858
1.7062,0.83855
1.7068,0.83849
1.7073,0.83851
1.7079,0.83863
1.7085,0.83877
1.709,0.83891
1.7096,0.83904
1.7102,0.83906
1.7107,0.83909
1.7113,0.83932
1.7119,0.83965
1.7124,0.83984
1.713,0.83993
1.7135,0.83997
1.7141,0.83999
1.7147,0.83997
1.7153,0.83985
1.7158,0.83979
1.7164,0.83986
1.717,0.83998
1.7175,0.84012
1.7181,0.8403
1.7187,0.84049
1.7192,0.84066
1.7198,0.84081
1.7204,0.84087
1.7209,0.84077
1.7215,0.84063
1.7221,0.8406
1.7227,0.84069
1.7232,0.84089
1.7238,0.84103
1.7244,0.84103
1.725,0.84101
1.7255,0.84109
1.7261,0.84123
1.7267,0.8413
1.7272,0.84126
1.7278,0.84129
1.7284,0.84148
1.729,0.8417
1.7296,0.84183
1.7301,0.8418
1.7307,0.84166
1.7313,0.84156
1.7319,0.84153
1.7324,0.84147
1.733,0.84146
1.7336,0.84159
1.7342,0.84184
1.7348,0.84213
1.7353,0.84234
1.7359,0.84246
1.7365,0.84264
1.7371,0.84273
1.7377,0.84263
1.7383,0.84255
1.7388,0.84253
1.7394,0.84248
1.74,0.84247
1.7406,0.84257
1.7412,0.84272
1.7418,0.84294
1.7423,0.84315
1.7429,0.84329
1.7435,0.84344
1.7441,0.8436
1.7447,0.84373
1.7453,0.84377
1.7459,0.84367
1.7464,0.84357
1.747,0.84358
1.7476,0.84369
1.7482,0.84377
1.7488,0.8438
1.7494,0.84384
1.75,0.84389
1.7506,0.84392
1.7512,0.84383
1.7518,0.84369
1.7524,0.84371
1.7529,0.84387
1.7535,0.84396
1.7541,0.84399
1.7547,0.84401
1.7553,0.84406
1.7559,0.8442
1.7565,0.84447
1.7571,0.84477
1.7577,0.84501
1.7583,0.84518
1.7589,0.84529
1.7595,0.84532
1.7601,0.84528
1.7607,0.84526
1.7613,0.84529
1.7619,0.8453
1.7625,0.84516
1.7631,0.84499
1.7637,0.84493
1.7643,0.84493
1.7649,0.84507
1.7655,0.8453
1.7661,0.84545
1.7667,0.84554
1.7673,0.84564
1.7679,0.84581
1.7685,0.846
1.7691,0.8461
1.7697,0.84612
1.7703,0.84613
1.7709,0.84611
1.7715,0.84602
1.7721,0.84589
1.7727,0.84576
1.7733,0.84571
1.7739,0.84573
1.7745,0.84575
1.7751,0.84577
1.7758,0.84581
1.7764,0.84586
1.777,0.84598
1.7776,0.84603
1.7782,0.84595
1.7788,0.8459
1.7794,0.84599
1.78,0.8462
1.7806,0.84629
1.7812,0.84639
1.7819,0.84658
1.7825,0.84671
1.7831,0.84681
1.7837,0.84686
1.7843,0.84686
1.7849,0.84678
1.7855,0.84672
1.7862,0.84675
1.7868,0.84695
1.7874,0.84711
1.788,0.84713
1.7886,0.84712
1.7892,0.84716
1.7899,0.84727
1.7905,0.84743
1.7911,0.84751
1.7917,0.84753
1.7923,0.8476
1.7929,0.84776
1.7936,0.84784
1.7942,0.84782
1.7948,0.84784
1.7954,0.84784
1.7961,0.84767
1.7967,0.84738
1.7973,0.84714
1.7979,0.84722
1.7985,0.84755
1.7992,0.84776
1.7998,0.8477
1.8004,0.84757
1.801,0.84748
1.8017,0.84743
1.8023,0.84748
1.8029,0.84761
1.8036,0.84765
1.8042,0.84765
1.8048,0.8476
1.8054,0.84741
1.8061,0.8472
1.8067,0.84719
1.8073,0.84725
1.808,0.84731
1.8086,0.84733
1.8092,0.84727
1.8098,0.84721
1.8105,0.84717
1.8111,0.84722
1.8117,0.84729
1.8124,0.84734
1.813,0.84733
1.8136,0.84724
1.8143,0.84709
1.8149,0.84703
1.8155,0.847
1.8162,0.84687
1.8168,0.84678
1.8175,0.8468
1.8181,0.84685
1.8187,0.84684
1.8194,0.84678
1.82,0.8468
1.8206,0.84682
1.8213,0.84695
1.8219,0.84708
1.8226,0.84723
1.8232,0.84747
1.8238,0.84774
1.8245,0.84781
1.8251,0.84765
1.8258,0.8474
1.8264,0.84731
1.8271,0.84745
1.8277,0.84752
1.8284,0.84745
1.829,0.84743
1.8296,0.84744
1.8303,0.84747
1.8309,0.84755
1.8316,0.84758
1.8322,0.84748
1.8329,0.84733
1.8335,0.84707
1.8342,0.84682
1.8348,0.84672
1.8355,0.84664
1.8361,0.84652
1.8368,0.84646
1.8374,0.84655
1.8381,0.84683
1.8387,0.84725
1.8394,0.84755
1.84,0.84762
1.8407,0.84759
1.8413,0.84757
1.842,0.84766
1.8426,0.84795
1.8433,0.84821
1.844,0.84821
1.8446,0.84817
1.8453,0.84815
1.8459,0.84803
1.8466,0.84777
1.8472,0.84755
1.8479,0.84746
1.8486,0.84748
1.8492,0.84759
1.8499,0.84782
1.8505,0.84808
1.8512,0.8483
1.8519,0.84833
1.8525,0.84821
1.8532,0.84804
1.8538,0.84788
1.8545,0.84772
1.8552,0.84767
1.8558,0.8476
1.8565,0.84748
1.8572,0.84739
1.8578,0.84741
1.8585,0.84732
1.8592,0.84712
1.8598,0.84703
1.8605,0.84708
1.8612,0.84712
1.8618,0.84713
1.8625,0.84708
1.8632,0.84706
1.8638,0.84713
1.8645,0.84729
1.8652,0.84741
1.8659,0.84746
1.8665,0.84737
1.8672,0.84718
1.8679,0.8471
1.8685,0.84721
1.8692,0.84746
1.8699,0.84758
1.8706,0.8474
1.8712,0.8473
1.8719,0.84732
1.8726,0.84731
1.8733,0.84731
1.8739,0.84755
1.8746,0.84788
1.8753,0.8481
1.876,0.84816
1.8767,0.84803
1.8773,0.84796
1.878,0.84801
1.8787,0.84803
1.8794,0.84798
1.8801,0.84793
1.8807,0.84795
1.8814,0.84799
1.8821,0.84793
1.8828,0.84775
1.8835,0.84751
1.8842,0.84737
1.8848,0.84745
1.8855,0.84762
1.8862,0.84765
1.8869,0.84744
1.8876,0.84705
1.8883,0.84663
1.889,0.84627
1.8897,0.84603
1.8903,0.84594
1.891,0.84598
1.8917,0.846
1.8924,0.84594
1.8931,0.84591
1.8938,0.84597
1.8945,0.84607
1.8952,0.84611
1.8959,0.84612
1.8966,0.84618
1.8973,0.84621
1.898,0.84619
1.8986,0.84618
1.8993,0.84614
1.9,0.84608
1.9007,0.84597
1.9014,0.84581
1.9021,0.84574
1.9028,0.84587
1.9035,0.84607
1.9042,0.84616
1.9049,0.84621
1.9056,0.8462
1.9063,0.84617
1.907,0.84611
1.9077,0.84618
1.9084,0.84617
1.9091,0.84609
1.9098,0.84602
1.9105,0.84593
1.9112,0.84587
1.9119,0.84585
1.9127,0.84567
1.9134,0.84535
1.9141,0.84516
1.9148,0.84518
1.9155,0.84505
1.9162,0.84497
1.9169,0.84511
1.9176,0.84539
1.9183,0.84548
1.919,0.84535
1.9197,0.84513
1.9204,0.84491
1.9212,0.84491
1.9219,0.84512
1.9226,0.84514
1.9233,0.84502
1.924,0.84501
1.9247,0.84528
1.9254,0.84551
1.9262,0.84557
1.9269,0.84555
1.9276,0.84552
1.9283,0.84544
1.929,0.84531
1.9297,0.84525
1.9305,0.84524
1.9312,0.84533
1.9319,0.84536
1.9326,0.84515
1.9333,0.84496
1.9341,0.84498
1.9348,0.84525
1.9355,0.84543
1.9362,0.84534
1.9369,0.84519
1.9377,0.84522
1.9384,0.84522
1.9391,0.84509
1.9398,0.84498
1.9406,0.84486
1.9413,0.84481
1.942,0.84492
1.9428,0.84493
1.9435,0.84496
1.9442,0.84501
1.9449,0.84513
1.9457,0.84537
1.9464,0.8456
1.9471,0.84563
1.9479,0.84546
1.9486,0.84538
1.9493,0.84539
1.9501,0.84544
1.9508,0.84544
1.9515,0.84542
1.9523,0.84529
1.953,0.84511
1.9537,0.84499
1.9545,0.845
1.9552,0.84512
1.9559,0.84532
1.9567,0.84547
1.9574,0.84564
1.9582,0.84573
1.9589,0.84572
1.9596,0.84574
1.9604,0.8457
1.9611,0.84564
1.9619,0.84572
1.9626,0.84582
1.9633,0.84593
1.9641,0.84606
1.9648,0.84625
1.9656,0.84649
1.9663,0.84662
1.9671,0.84659
1.9678,0.84648
1.9686,0.84623
1.9693,0.84593
1.9701,0.84574
1.9708,0.84571
1.9716,0.84576
1.9723,0.84573
1.9731,0.8456
1.9738,0.84552
1.9746,0.84543
1.9753,0.84539
1.9761,0.84544
1.9768,0.8456
1.9776,0.84565
1.9783,0.8455
1.9791,0.84526
1.9798,0.84511
1.9806,0.84504
1.9814,0.84499
1.9821,0.84502
1.9829,0.84525
1.9836,0.84541
1.9844,0.84546
1.9851,0.84554
1.9859,0.84576
1.9867,0.846
1.9874,0.84614
1.9882,0.84615
1.989,0.84613
1.9897,0.84624
1.9905,0.84644
1.9912,0.84657
1.992,0.84656
1.9928,0.84643
1.9935,0.84636
1.9943,0.84638
1.9951,0.84653
1.9958,0.84674
1.9966,0.84698
1.9974,0.84697
1.9982,0.84676
1.9989,0.84665
1.9997,0.84659
2.0005,0.84658
2.0012,0.8466
2.002,0.84665
2.0028,0.84661
2.0036,0.84662
2.0043,0.84674
2.0051,0.8469
2.0059,0.84701
2.0067,0.84708
2.0074,0.84713
2.0082,0.84705
2.009,0.84686
2.0098,0.84682
2.0105,0.84704
2.0113,0.84727
2.0121,0.84734
2.0129,0.8473
2.0137,0.84713
2.0145,0.84687
2.0152,0.8467
2.016,0.84673
2.0168,0.84682
2.0176,0.84684
2.0184,0.84694
2.0192,0.84715
2.0199,0.8472
2.0207,0.84713
2.0215,0.8471
2.0223,0.84713
2.0231,0.84713
2.0239,0.84704
2.0247,0.84701
2.0255,0.84704
2.0263,0.84705
2.0271,0.84697
2.0278,0.8469
2.0286,0.84688
2.0294,0.84678
2.0302,0.84661
2.031,0.84656
2.0318,0.84655
2.0326,0.84659
2.0334,0.84654
2.0342,0.84635
2.035,0.84601
2.0358,0.84577
2.0366,0.84561
2.0374,0.84546
2.0382,0.84538
2.039,0.8454
2.0398,0.84542
2.0406,0.84527
2.0414,0.84508
2.0422,0.84503
2.043,0.84499
2.0438,0.84479
2.0446,0.8446
2.0454,0.84464
2.0463,0.84475
2.0471,0.84469
2.0479,0.84463
2.0487,0.84459
2.0495,0.8446
2.0503,0.84469
2.0511,0.84486
2.0519,0.84504
2.0527,0.8452
2.0535,0.84525
2.0544,0.84533
2.0552,0.84544
2.056,0.84545
2.0568,0.84521
2.0576,0.84503
2.0584,0.84494
2.0593,0.84494
2.0601,0.84496
2.0609,0.84493
2.0617,0.84481
2.0625,0.84484
2.0634,0.84498
2.0642,0.84514
2.065,0.84531
2.0658,0.84526
2.0666,0.84512
2.0675,0.84502
2.0683,0.84493
2.0691,0.84486
2.0699,0.84492
2.0708,0.84527
2.0716,0.84558
2.0724,0.84568
2.0733,0.84555
2.0741,0.84534
2.0749,0.84528
2.0757,0.84522
2.0766,0.84511
2.0774,0.84508
2.0782,0.84518
2.0791,0.84535
2.0799,0.84558
2.0807,0.8458
2.0816,0.84586
2.0824,0.84579
2.0832,0.84563
2.0841,0.8455
2.0849,0.84549
2.0858,0.8455
2.0866,0.84543
2.0874,0.84526
2.0883,0.84508
2.0891,0.84498
2.09,0.84495
2.0908,0.8449
2.0917,0.84502
2.0925,0.84522
2.0933,0.84529
2.0942,0.84521
2.095,0.84521
2.0959,0.8454
2.0967,0.84552
2.0976,0.84556
2.0984,0.84554
2.0993,0.84566
2.1001,0.84592
2.101,0.84604
2.1018,0.84579
2.1027,0.84567
2.1035,0.84561
2.1044,0.84574
2.1052,0.84599
2.1061,0.84612
2.1069,0.8463
2.1078,0.84656
2.1087,0.84673
2.1095,0.84685
2.1104,0.84693
2.1112,0.84702
2.1121,0.84717
2.113,0.84715
2.1138,0.847
2.1147,0.84685
2.1155,0.84674
2.1164,0.84682
2.1173,0.84696
2.1181,0.84691
2.119,0.84688
2.1199,0.84693
2.1207,0.84708
2.1216,0.84715
2.1225,0.84725
2.1233,0.84731
2.1242,0.84721
2.1251,0.84721
2.126,0.84719
2.1268,0.84734
2.1277,0.84741
2.1286,0.84746
2.1294,0.84739
2.1303,0.84734
2.1312,0.84745
2.1321,0.84735
2.133,0.84717
2.1338,0.84701
2.1347,0.84708
2.1356,0.84723
2.1365,0.84727
2.1373,0.84713
2.1382,0.84695
2.1391,0.84688
2.14,0.84699
2.1409,0.8471
2.1418,0.84719
2.1426,0.84734
2.1435,0.84745
2.1444,0.84746
2.1453,0.84739
2.1462,0.84717
2.1471,0.84683
2.148,0.84672
2.1489,0.84668
2.1498,0.84678
2.1506,0.84689
2.1515,0.84683
2.1524,0.84658
2.1533,0.84642
2.1542,0.84651
2.1551,0.84667
2.156,0.84666
2.1569,0.84671
2.1578,0.84668
2.1587,0.8465
2.1596,0.84636
2.1605,0.84606
2.1614,0.8457
2.1623,0.84554
2.1632,0.8455
2.1641,0.84557
2.165,0.84542
2.1659,0.84521
2.1668,0.84483
2.1677,0.84469
2.1686,0.84465
2.1695,0.84453
2.1704,0.84444
2.1714,0.84443
2.1723,0.84447
2.1732,0.84452
2.1741,0.84443
2.175,0.84419
2.1759,0.84401
2.1768,0.84382
2.1777,0.84349
2.1787,0.84332
2.1796,0.8434
2.1805,0.84353
2.1814,0.84362
2.1823,0.84359
2.1832,0.84328
2.1842,0.84294
2.1851,0.8429
2.186,0.84283
2.1869,0.84277
2.1878,0.8425
2.1888,0.84228
2.1897,0.84231
2.1906,0.84253
2.1916,0.84261
2.1925,0.84263
2.1934,0.84271
2.1943,0.84277
2.1953,0.84283
2.1962,0.84278
2.1971,0.8425
2.1981,0.84215
2.199,0.84206
2.1999,0.84228
2.2008,0.8423
2.2018,0.84211
2.2027,0.84209
2.2037,0.8422
2.2046,0.84228
2.2055,0.84221
2.2065,0.84204
2.2074,0.84193
2.2083,0.84192
2.2093,0.84194
2.2102,0.84201
2.2112,0.84213
2.2121,0.84226
2.2131,0.84234
2.214,0.84223
2.215,0.84211
2.2159,0.84185
2.2168,0.84173
2.2178,0.84167
2.2187,0.84162
2.2197,0.8414
2.2206,0.84123
2.2216,0.84126
2.2225,0.84136
2.2235,0.84139
2.2245,0.84131
2.2254,0.84124
2.2264,0.84131
2.2273,0.84133
2.2283,0.84115
2.2292,0.84092
2.2302,0.84066
2.2312,0.84051
2.2321,0.84057
2.2331,0.84079
2.234,0.84082
2.235,0.84079
2.236,0.84072
2.2369,0.84063
2.2379,0.84054
2.2389,0.84018
2.2398,0.83956
2.2408,0.8393
2.2418,0.83949
2.2427,0.83951
2.2437,0.83931
2.2447,0.83922
2.2456,0.83934
2.2466,0.83948
2.2476,0.83951
2.2486,0.83953
2.2495,0.83954
2.2505,0.83941
2.2515,0.83926
2.2525,0.83919
2.2535,0.83908
2.2544,0.83893
2.2554,0.83893
2.2564,0.83908
2.2574,0.83925
2.2584,0.83941
2.2593,0.83948
2.2603,0.83937
2.2613,0.8393
2.2623,0.8393
2.2633,0.83922
2.2643,0.83895
2.2653,0.83858
2.2663,0.83834
2.2672,0.83824
2.2682,0.83807
2.2692,0.83796
2.2702,0.8379
2.2712,0.83797
2.2722,0.83803
2.2732,0.83809
2.2742,0.8381
2.2752,0.83805
2.2762,0.83796
2.2772,0.83769
2.2782,0.83735
2.2792,0.83716
2.2802,0.83697
2.2812,0.83681
2.2822,0.83663
2.2832,0.83652
2.2842,0.83649
2.2852,0.83659
2.2862,0.83635
2.2873,0.83598
2.2883,0.83577
2.2893,0.83569
2.2903,0.83557
2.2913,0.83524
2.2923,0.83502
2.2933,0.83489
2.2943,0.83483
2.2954,0.83462
2.2964,0.83429
2.2974,0.83392
2.2984,0.83359
2.2994,0.83322
2.3004,0.83281
2.3015,0.83234
2.3025,0.8321
2.3035,0.83213
2.3045,0.8322
2.3056,0.83229
2.3066,0.8323
2.3076,0.8323
2.3086,0.83227
2.3097,0.83204
2.3107,0.83173
2.3117,0.83135
2.3128,0.83099
2.3138,0.83065
2.3148,0.8306
2.3159,0.83136
2.3169,0.83214
2.3179,0.83268
2.319,0.83312
2.32,0.83376
2.321,0.8342
2.3221,0.83452
2.3231,0.83473
2.3242,0.83464
2.3252,0.83465
2.3262,0.83471
2.3273,0.835
2.3283,0.83503
2.3294,0.83493
2.3304,0.83496
2.3315,0.835
2.3325,0.83506
2.3336,0.83511
2.3346,0.83505
2.3357,0.83512
2.3367,0.83517
2.3378,0.83498
2.3388,0.83455
2.3399,0.83422
2.341,0.83391
2.342,0.83363
2.3431,0.83349
2.3441,0.83346
2.3452,0.83332
2.3462,0.83319
2.3473,0.83305
2.3484,0.83276
2.3494,0.8324
2.3505,0.83214
2.3516,0.83213
2.3526,0.83223
2.3537,0.83241
2.3548,0.83252
2.3558,0.83265
2.3569,0.83282
2.358,0.83286
2.3591,0.83272
2.3601,0.83279
2.3612,0.83275
2.3623,0.83273
2.3634,0.83247
2.3644,0.83202
2.3655,0.83159
2.3666,0.8311
2.3677,0.83066
2.3688,0.8306
2.3698,0.83083
2.3709,0.83096
2.372,0.83116
2.3731,0.83148
2.3742,0.83183
2.3753,0.83202
2.3764,0.83202
2.3774,0.83192
2.3785,0.8319
2.3796,0.8318
2.3807,0.83171
2.3818,0.83155
2.3829,0.83134
2.384,0.83126
2.3851,0.83124
2.3862,0.8312
2.3873,0.83102
2.3884,0.83079
2.3895,0.83076
2.3906,0.83103
2.3917,0.83119
2.3928,0.83117
2.3939,0.83115
2.395,0.83112
2.3961,0.83112
2.3972,0.83112
2.3983,0.83122
2.3994,0.83131
2.4006,0.83145
2.4017,0.83157
2.4028,0.83156
2.4039,0.83147
2.405,0.83161
2.4061,0.83154
2.4072,0.83148
2.4084,0.83148
2.4095,0.8313
2.4106,0.83111
2.4117,0.83093
2.4128,0.83073
2.414,0.83048
2.4151,0.83011
2.4162,0.82988
2.4173,0.8299
2.4185,0.82971
2.4196,0.82922
2.4207,0.82893
2.4219,0.82874
2.423,0.82869
2.4241,0.82867
2.4253,0.82857
2.4264,0.82869
2.4275,0.82858
2.4287,0.8284
2.4298,0.82853
2.4309,0.82875
2.4321,0.82858
2.4332,0.82831
2.4344,0.82806
2.4355,0.82819
2.4367,0.82813
2.4378,0.82802
2.4389,0.82815
2.4401,0.82791
2.4412,0.82731
2.4424,0.82687
2.4435,0.82676
2.4447,0.8267
2.4458,0.82688
2.447,0.82622
2.4482,0.82569
2.4493,0.82559
2.4505,0.82559
2.4516,0.82573
2.4528,0.82564
2.454,0.82604
2.4551,0.82613
2.4563,0.82584
2.4574,0.82563
2.4586,0.82536
2.4598,0.82513
2.4609,0.82523
2.4621,0.82535
2.4633,0.82514
2.4645,0.82517
2.4656,0.8251
2.4668,0.82559
2.468,0.82557
2.4691,0.82535
2.4703,0.82544
2.4715,0.82576
2.4727,0.82595
2.4739,0.82667
2.475,0.82647
2.4762,0.82573
2.4774,0.8261
2.4786,0.82637
2.4798,0.82564
2.481,0.82571
2.4821,0.82599
2.4833,0.82667
2.4845,0.82672
2.4857,0.82672
2.4869,0.82698
2.4881,0.82633
2.4893,0.82863
2.4905,0.82835
2.4917,0.82784
2.4929,0.82911
2.4941,0.82843
2.4953,0.82988
2.4965,0.83066
2.4977,0.83028
2.4989,0.83182
