KC-OPX-lm_1,
W,R
0.50012,0.29171
0.50031,0.29159
0.5005,0.29161
0.5007,0.28851
0.50089,0.28166
0.50108,0.28035
0.50128,0.28939
0.50147,0.28867
0.50166,0.27453
0.50186,0.26846
0.50205,0.26619
0.50225,0.27078
0.50244,0.28177
0.50264,0.28331
0.50283,0.27156
0.50303,0.26364
0.50322,0.27447
0.50342,0.28734
0.50361,0.28932
0.50381,0.28438
0.50401,0.28442
0.5042,0.28405
0.5044,0.2827
0.50459,0.28484
0.50479,0.27622
0.50499,0.27292
0.50518,0.28367
0.50538,0.29421
0.50558,0.29429
0.50577,0.28836
0.50597,0.28986
0.50617,0.28388
0.50637,0.27704
0.50657,0.2813
0.50676,0.28435
0.50696,0.27978
0.50716,0.27323
0.50736,0.26711
0.50756,0.26118
0.50776,0.26435
0.50795,0.26873
0.50815,0.27194
0.50835,0.2745
0.50855,0.26842
0.50875,0.27372
0.50895,0.28472
0.50915,0.28239
0.50935,0.2805
0.50955,0.28472
0.50975,0.28659
0.50995,0.28207
0.51015,0.27794
0.51035,0.2777
0.51056,0.28593
0.51076,0.29808
0.51096,0.29431
0.51116,0.28266
0.51136,0.28256
0.51156,0.2919
0.51177,0.29672
0.51197,0.28912
0.51217,0.28323
0.51237,0.28587
0.51257,0.28805
0.51278,0.28737
0.51298,0.28505
0.51318,0.28397
0.51339,0.28167
0.51359,0.2775
0.51379,0.27794
0.514,0.27923
0.5142,0.28351
0.51441,0.28857
0.51461,0.288
0.51481,0.28927
0.51502,0.28867
0.51522,0.2837
0.51543,0.28346
0.51563,0.28767
0.51584,0.28823
0.51604,0.29018
0.51625,0.29787
0.51645,0.29852
0.51666,0.29425
0.51687,0.29216
0.51707,0.2905
0.51728,0.2911
0.51749,0.29223
0.51769,0.29319
0.5179,0.29514
0.51811,0.29593
0.51831,0.29277
0.51852,0.29476
0.51873,0.30074
0.51894,0.29973
0.51914,0.3014
0.51935,0.30009
0.51956,0.28948
0.51977,0.28507
0.51998,0.28627
0.52018,0.29136
0.52039,0.29753
0.5206,0.29866
0.52081,0.29957
0.52102,0.30009
0.52123,0.30111
0.52144,0.30084
0.52165,0.29718
0.52186,0.29524
0.52207,0.29517
0.52228,0.29563
0.52249,0.29501
0.5227,0.29263
0.52291,0.29223
0.52312,0.29726
0.52333,0.30039
0.52355,0.29711
0.52376,0.29594
0.52397,0.29583
0.52418,0.29342
0.52439,0.29204
0.52461,0.29388
0.52482,0.29849
0.52503,0.3049
0.52524,0.31032
0.52546,0.30525
0.52567,0.29489
0.52588,0.29226
0.5261,0.29525
0.52631,0.2954
0.52652,0.29344
0.52674,0.29565
0.52695,0.29533
0.52717,0.29567
0.52738,0.30471
0.5276,0.30901
0.52781,0.30299
0.52802,0.29702
0.52824,0.29681
0.52846,0.29686
0.52867,0.29677
0.52889,0.30068
0.5291,0.30284
0.52932,0.30011
0.52953,0.29745
0.52975,0.29899
0.52997,0.30241
0.53018,0.302
0.5304,0.29833
0.53062,0.29961
0.53084,0.30294
0.53105,0.30138
0.53127,0.29892
0.53149,0.29744
0.53171,0.29618
0.53192,0.2952
0.53214,0.29637
0.53236,0.29753
0.53258,0.29322
0.5328,0.29342
0.53302,0.30031
0.53324,0.3027
0.53346,0.30005
0.53368,0.30053
0.5339,0.30584
0.53412,0.3076
0.53434,0.30585
0.53456,0.30399
0.53478,0.30056
0.535,0.29808
0.53522,0.30093
0.53544,0.3072
0.53566,0.30718
0.53588,0.30123
0.5361,0.29643
0.53633,0.29557
0.53655,0.29883
0.53677,0.2998
0.53699,0.30161
0.53722,0.30891
0.53744,0.30978
0.53766,0.30273
0.53788,0.29922
0.53811,0.30082
0.53833,0.30193
0.53855,0.30207
0.53878,0.30191
0.539,0.30133
0.53923,0.30155
0.53945,0.30221
0.53968,0.30468
0.5399,0.30451
0.54013,0.3013
0.54035,0.30198
0.54058,0.30385
0.5408,0.30542
0.54103,0.30655
0.54125,0.30591
0.54148,0.30579
0.54171,0.30431
0.54193,0.30085
0.54216,0.30074
0.54239,0.3051
0.54261,0.30849
0.54284,0.30997
0.54307,0.30763
0.54329,0.30212
0.54352,0.30075
0.54375,0.30362
0.54398,0.30834
0.54421,0.31186
0.54444,0.31023
0.54466,0.30572
0.54489,0.30563
0.54512,0.30857
0.54535,0.30746
0.54558,0.30563
0.54581,0.30576
0.54604,0.30593
0.54627,0.30347
0.5465,0.30049
0.54673,0.30072
0.54696,0.30143
0.54719,0.30439
0.54742,0.30751
0.54766,0.30862
0.54789,0.30668
0.54812,0.3027
0.54835,0.30559
0.54858,0.30886
0.54881,0.30857
0.54905,0.30973
0.54928,0.30891
0.54951,0.30725
0.54975,0.3078
0.54998,0.30733
0.55021,0.30723
0.55045,0.31139
0.55068,0.31036
0.55091,0.30369
0.55115,0.30342
0.55138,0.30718
0.55162,0.30851
0.55185,0.30525
0.55209,0.30328
0.55232,0.30716
0.55256,0.30956
0.55279,0.30954
0.55303,0.31016
0.55327,0.30935
0.5535,0.30929
0.55374,0.31181
0.55397,0.31234
0.55421,0.31205
0.55445,0.31361
0.55469,0.31357
0.55492,0.31104
0.55516,0.30779
0.5554,0.30798
0.55564,0.31088
0.55588,0.31059
0.55611,0.31012
0.55635,0.31108
0.55659,0.30991
0.55683,0.30964
0.55707,0.31212
0.55731,0.3138
0.55755,0.31301
0.55779,0.31314
0.55803,0.31509
0.55827,0.31544
0.55851,0.3148
0.55875,0.31203
0.55899,0.31096
0.55923,0.31528
0.55947,0.31481
0.55972,0.31201
0.55996,0.3142
0.5602,0.31393
0.56044,0.30935
0.56068,0.30797
0.56093,0.31248
0.56117,0.31643
0.56141,0.31503
0.56166,0.31244
0.5619,0.31348
0.56214,0.31297
0.56239,0.30908
0.56263,0.31084
0.56287,0.31645
0.56312,0.31871
0.56336,0.31803
0.56361,0.31741
0.56385,0.31753
0.5641,0.31649
0.56435,0.3153
0.56459,0.31533
0.56484,0.31586
0.56508,0.31433
0.56533,0.31151
0.56558,0.31278
0.56582,0.31567
0.56607,0.31437
0.56632,0.31266
0.56657,0.31301
0.56681,0.31156
0.56706,0.31152
0.56731,0.31556
0.56756,0.31925
0.56781,0.32025
0.56805,0.3177
0.5683,0.3156
0.56855,0.31781
0.5688,0.31871
0.56905,0.31783
0.5693,0.31961
0.56955,0.32124
0.5698,0.32152
0.57005,0.32117
0.5703,0.31814
0.57056,0.31364
0.57081,0.31227
0.57106,0.31466
0.57131,0.31714
0.57156,0.32007
0.57181,0.32135
0.57207,0.32014
0.57232,0.31993
0.57257,0.31817
0.57282,0.31878
0.57308,0.32267
0.57333,0.32264
0.57358,0.32153
0.57384,0.32106
0.57409,0.31894
0.57435,0.31875
0.5746,0.32073
0.57486,0.32042
0.57511,0.31938
0.57537,0.31975
0.57562,0.32138
0.57588,0.32269
0.57613,0.32079
0.57639,0.3186
0.57665,0.31735
0.5769,0.31839
0.57716,0.3228
0.57742,0.32403
0.57767,0.3214
0.57793,0.32118
0.57819,0.32367
0.57845,0.3239
0.57871,0.32216
0.57896,0.32188
0.57922,0.32281
0.57948,0.32342
0.57974,0.32363
0.58,0.32571
0.58026,0.32806
0.58052,0.32839
0.58078,0.32746
0.58104,0.32653
0.5813,0.32625
0.58156,0.32469
0.58182,0.3227
0.58208,0.32193
0.58235,0.32162
0.58261,0.32297
0.58287,0.32578
0.58313,0.32669
0.58339,0.32685
0.58366,0.32738
0.58392,0.32533
0.58418,0.32395
0.58445,0.32539
0.58471,0.32593
0.58497,0.3239
0.58524,0.32252
0.5855,0.32374
0.58577,0.32425
0.58603,0.32488
0.5863,0.32626
0.58656,0.32592
0.58683,0.32567
0.58709,0.32641
0.58736,0.32639
0.58763,0.32648
0.58789,0.32811
0.58816,0.32785
0.58843,0.32564
0.58869,0.32619
0.58896,0.32753
0.58923,0.32604
0.5895,0.32482
0.58976,0.32711
0.59003,0.32847
0.5903,0.32678
0.59057,0.32616
0.59084,0.32583
0.59111,0.32481
0.59138,0.32455
0.59165,0.32394
0.59192,0.32424
0.59219,0.32598
0.59246,0.32735
0.59273,0.3279
0.593,0.32757
0.59327,0.32859
0.59354,0.3297
0.59382,0.32825
0.59409,0.32793
0.59436,0.32954
0.59463,0.32999
0.59491,0.3288
0.59518,0.32856
0.59545,0.32958
0.59573,0.33049
0.596,0.33087
0.59627,0.32893
0.59655,0.32709
0.59682,0.32835
0.5971,0.33026
0.59737,0.33126
0.59765,0.33194
0.59792,0.33213
0.5982,0.33195
0.59848,0.33167
0.59875,0.33171
0.59903,0.33206
0.59931,0.33201
0.59958,0.33295
0.59986,0.33263
0.60014,0.33007
0.60042,0.32955
0.6007,0.33067
0.60097,0.33164
0.60125,0.33137
0.60153,0.33261
0.60181,0.3355
0.60209,0.33487
0.60237,0.33345
0.60265,0.33449
0.60293,0.3346
0.60321,0.33216
0.60349,0.33146
0.60377,0.33252
0.60405,0.33314
0.60434,0.33354
0.60462,0.33171
0.6049,0.33144
0.60518,0.33416
0.60547,0.33566
0.60575,0.33522
0.60603,0.33417
0.60631,0.33383
0.6066,0.33368
0.60688,0.33391
0.60717,0.3343
0.60745,0.33477
0.60774,0.33455
0.60802,0.33399
0.60831,0.33446
0.60859,0.33432
0.60888,0.33415
0.60916,0.33413
0.60945,0.33414
0.60974,0.33439
0.61002,0.33475
0.61031,0.33524
0.6106,0.3356
0.61089,0.33635
0.61117,0.33628
0.61146,0.33634
0.61175,0.3365
0.61204,0.33772
0.61233,0.33951
0.61262,0.33816
0.61291,0.33664
0.6132,0.33667
0.61349,0.33746
0.61378,0.33781
0.61407,0.33738
0.61436,0.33687
0.61465,0.33664
0.61494,0.33706
0.61524,0.33657
0.61553,0.33741
0.61582,0.33874
0.61611,0.33826
0.61641,0.33673
0.6167,0.337
0.61699,0.33923
0.61729,0.33855
0.61758,0.33842
0.61787,0.33969
0.61817,0.34052
0.61846,0.3408
0.61876,0.33959
0.61905,0.33921
0.61935,0.3395
0.61965,0.34091
0.61994,0.34101
0.62024,0.3407
0.62054,0.34088
0.62083,0.33966
0.62113,0.3396
0.62143,0.33909
0.62173,0.33972
0.62203,0.34081
0.62232,0.34043
0.62262,0.3405
0.62292,0.34138
0.62322,0.34264
0.62352,0.34184
0.62382,0.34142
0.62412,0.34169
0.62442,0.34213
0.62472,0.34201
0.62502,0.34057
0.62533,0.34036
0.62563,0.34157
0.62593,0.34405
0.62623,0.34438
0.62654,0.34366
0.62684,0.34265
0.62714,0.34226
0.62744,0.34381
0.62775,0.34313
0.62805,0.34273
0.62836,0.34252
0.62866,0.34267
0.62897,0.34277
0.62927,0.34278
0.62958,0.3437
0.62988,0.34289
0.63019,0.34367
0.6305,0.34304
0.6308,0.3427
0.63111,0.34345
0.63142,0.34423
0.63173,0.34496
0.63203,0.34396
0.63234,0.33553
0.63358,0.33728
0.63389,0.34619
0.6342,0.34617
0.63451,0.34581
0.63482,0.34778
0.63513,0.34756
0.63544,0.34701
0.63575,0.34765
0.63607,0.34778
0.63638,0.34778
0.63669,0.34798
0.637,0.34862
0.63732,0.34836
0.63763,0.34817
0.63794,0.34767
0.63826,0.34686
0.63857,0.34709
0.63889,0.34755
0.6392,0.34761
0.63952,0.34857
0.63983,0.34942
0.64015,0.34905
0.64046,0.34922
0.64078,0.34922
0.6411,0.3489
0.64142,0.34907
0.64173,0.34903
0.64205,0.34915
0.64237,0.3507
0.64269,0.35177
0.64301,0.35142
0.64333,0.35151
0.64364,0.35075
0.64396,0.35013
0.64428,0.35098
0.64461,0.35235
0.64493,0.35344
0.64525,0.35289
0.64557,0.35221
0.64589,0.35155
0.64621,0.35109
0.64653,0.35163
0.64686,0.35245
0.64718,0.35326
0.6475,0.35322
0.64783,0.35242
0.64815,0.35179
0.64847,0.3525
0.6488,0.35313
0.64912,0.35271
0.64945,0.35283
0.64978,0.35338
0.6501,0.3537
0.65043,0.35388
0.65075,0.35406
0.65108,0.35319
0.65141,0.35268
0.65173,0.35386
0.65206,0.35445
0.65239,0.35412
0.65272,0.35394
0.65305,0.35432
0.65338,0.35507
0.65371,0.35593
0.65404,0.35602
0.65437,0.35529
0.6547,0.35461
0.65503,0.35438
0.65536,0.35506
0.65569,0.35533
0.65602,0.35596
0.65635,0.35712
0.65669,0.35739
0.65702,0.35721
0.65735,0.35706
0.65769,0.3575
0.65802,0.35734
0.65836,0.35679
0.65869,0.35666
0.65902,0.35678
0.65936,0.35758
0.6597,0.35849
0.66003,0.35943
0.66037,0.35918
0.6607,0.35825
0.66104,0.35865
0.66138,0.35934
0.66172,0.35968
0.66205,0.35972
0.66239,0.35918
0.66273,0.35891
0.66307,0.3591
0.66341,0.35871
0.66375,0.35904
0.66409,0.35963
0.66443,0.35919
0.66477,0.35979
0.66511,0.36065
0.66545,0.36114
0.66579,0.36152
0.66614,0.36109
0.66648,0.36115
0.66682,0.36176
0.66716,0.36172
0.66751,0.36133
0.66785,0.36184
0.6682,0.3623
0.66854,0.36121
0.66889,0.36017
0.66923,0.36113
0.66958,0.36269
0.66992,0.36352
0.67027,0.3644
0.67062,0.36437
0.67096,0.36429
0.67131,0.36514
0.67166,0.36483
0.67201,0.36397
0.67236,0.3636
0.6727,0.36395
0.67305,0.3649
0.6734,0.36531
0.67375,0.3652
0.6741,0.36519
0.67445,0.36572
0.67481,0.36628
0.67516,0.36644
0.67551,0.36658
0.67586,0.36649
0.67621,0.36648
0.67657,0.36681
0.67692,0.36689
0.67727,0.36666
0.67763,0.36638
0.67798,0.36583
0.67834,0.36567
0.67869,0.36648
0.67905,0.36748
0.6794,0.36853
0.67976,0.36904
0.68012,0.36832
0.68047,0.36779
0.68083,0.36802
0.68119,0.36819
0.68155,0.36846
0.6819,0.36903
0.68226,0.36954
0.68262,0.36935
0.68298,0.36866
0.68334,0.36878
0.6837,0.36954
0.68406,0.36991
0.68443,0.37027
0.68479,0.37045
0.68515,0.37024
0.68551,0.37032
0.68587,0.37053
0.68624,0.37063
0.6866,0.37084
0.68696,0.37111
0.68733,0.37109
0.68769,0.37116
0.68806,0.37192
0.68842,0.37252
0.68879,0.37226
0.68916,0.37154
0.68952,0.37151
0.68989,0.37196
0.69026,0.37216
0.69062,0.37302
0.69099,0.37402
0.69136,0.37392
0.69173,0.37362
0.6921,0.37369
0.69247,0.3735
0.69284,0.37353
0.69321,0.37413
0.69358,0.37421
0.69395,0.37397
0.69432,0.3743
0.6947,0.37516
0.69507,0.37591
0.69544,0.37594
0.69581,0.37548
0.69619,0.37545
0.69656,0.37629
0.69694,0.37701
0.69731,0.37707
0.69769,0.37646
0.69806,0.37599
0.69844,0.3766
0.69881,0.37718
0.69919,0.37755
0.69957,0.37786
0.69995,0.37787
0.70032,0.37784
0.7007,0.37809
0.70108,0.37802
0.70146,0.37723
0.70184,0.37744
0.70222,0.37818
0.7026,0.37881
0.70298,0.37942
0.70336,0.37945
0.70375,0.37985
0.70413,0.38044
0.70451,0.38063
0.70489,0.38034
0.70528,0.38016
0.70566,0.38054
0.70605,0.38038
0.70643,0.38008
0.70682,0.38017
0.7072,0.38076
0.70759,0.38192
0.70797,0.38241
0.70836,0.3817
0.70875,0.38127
0.70914,0.38175
0.70952,0.38195
0.70991,0.38188
0.7103,0.38154
0.71069,0.3817
0.71108,0.38225
0.71147,0.38199
0.71186,0.38175
0.71225,0.38177
0.71265,0.38183
0.71304,0.38189
0.71343,0.38224
0.71382,0.3829
0.71422,0.38331
0.71461,0.3839
0.715,0.38401
0.7154,0.38385
0.71579,0.38403
0.71619,0.38412
0.71658,0.38445
0.71698,0.38508
0.71738,0.38571
0.71777,0.38558
0.71817,0.38503
0.71857,0.38502
0.71897,0.38536
0.71937,0.38594
0.71977,0.3863
0.72017,0.38603
0.72057,0.386
0.72097,0.38627
0.72137,0.3862
0.72177,0.38643
0.72217,0.38678
0.72258,0.3871
0.72298,0.38758
0.72338,0.38754
0.72379,0.38728
0.72419,0.38731
0.7246,0.38751
0.725,0.38766
0.72541,0.3881
0.72581,0.38854
0.72622,0.38804
0.72663,0.38764
0.72703,0.38743
0.72744,0.38693
0.72785,0.38671
0.72826,0.38709
0.72867,0.38778
0.72908,0.38793
0.72949,0.3878
0.7299,0.38797
0.73031,0.38823
0.73072,0.38822
0.73113,0.38805
0.73155,0.38817
0.73196,0.38854
0.73237,0.38874
0.73279,0.38829
0.7332,0.38832
0.73362,0.3888
0.73403,0.38859
0.73445,0.38841
0.73486,0.38853
0.73528,0.38837
0.7357,0.38786
0.73612,0.38781
0.73653,0.38846
0.73695,0.3887
0.73737,0.38846
0.73779,0.38892
0.73821,0.38938
0.73863,0.38877
0.73905,0.38825
0.73948,0.38795
0.7399,0.38786
0.74032,0.38841
0.74074,0.38814
0.74117,0.38747
0.74159,0.38771
0.74202,0.3882
0.74244,0.38835
0.74287,0.38807
0.74329,0.38793
0.74372,0.38843
0.74415,0.38886
0.74457,0.3886
0.745,0.38868
0.74543,0.38893
0.74586,0.3883
0.74629,0.38784
0.74672,0.38815
0.74715,0.38838
0.74758,0.38828
0.74801,0.38793
0.74844,0.38758
0.74887,0.38726
0.74931,0.38746
0.74974,0.38844
0.75017,0.38848
0.75061,0.38733
0.75104,0.38694
0.75148,0.38686
0.75191,0.38649
0.75235,0.38646
0.75279,0.38647
0.75323,0.38668
0.75366,0.38682
0.7541,0.38651
0.75454,0.38596
0.75498,0.38538
0.75542,0.38559
0.75586,0.38581
0.7563,0.38532
0.75674,0.38486
0.75719,0.38474
0.75763,0.38519
0.75807,0.38548
0.75851,0.38524
0.75896,0.38464
0.7594,0.38389
0.75985,0.38351
0.76029,0.38307
0.76074,0.38271
0.76119,0.38255
0.76163,0.38218
0.76208,0.38179
0.76253,0.38126
0.76298,0.38104
0.76343,0.3816
0.76388,0.38219
0.76433,0.38176
0.76478,0.38073
0.76523,0.38052
0.76568,0.38064
0.76614,0.38023
0.76659,0.37959
0.76704,0.37938
0.7675,0.37953
0.76795,0.37913
0.76841,0.37862
0.76886,0.37815
0.76932,0.37766
0.76977,0.37764
0.77023,0.37749
0.77069,0.37724
0.77115,0.37648
0.77161,0.37552
0.77207,0.37556
0.77253,0.3752
0.77299,0.3745
0.77345,0.37425
0.77391,0.37379
0.77437,0.37369
0.77484,0.37382
0.7753,0.37364
0.77576,0.37309
0.77623,0.37237
0.77669,0.37194
0.77716,0.37166
0.77762,0.37104
0.77809,0.37024
0.77856,0.36984
0.77903,0.36941
0.7795,0.36868
0.77996,0.36823
0.78043,0.36789
0.7809,0.36724
0.78138,0.36653
0.78185,0.36594
0.78232,0.36503
0.78279,0.36436
0.78326,0.36409
0.78374,0.36352
0.78421,0.36293
0.78469,0.36238
0.78516,0.36199
0.78564,0.36193
0.78611,0.36166
0.78659,0.36068
0.78707,0.35961
0.78755,0.35926
0.78803,0.35871
0.7885,0.35762
0.78898,0.35653
0.78946,0.35562
0.78995,0.35527
0.79043,0.35508
0.79091,0.35458
0.79139,0.3539
0.79188,0.35336
0.79236,0.35261
0.79284,0.35157
0.79333,0.35081
0.79382,0.35017
0.7943,0.34983
0.79479,0.34935
0.79528,0.34847
0.79576,0.34786
0.79625,0.34731
0.79674,0.3464
0.79723,0.34517
0.79772,0.34423
0.79822,0.34369
0.79871,0.34333
0.7992,0.34278
0.79969,0.34141
0.80019,0.34021
0.80068,0.33987
0.80117,0.33944
0.80167,0.33856
0.80217,0.33744
0.80266,0.33641
0.80316,0.33583
0.80366,0.33526
0.80416,0.33431
0.80466,0.33352
0.80516,0.33301
0.80566,0.33225
0.80616,0.33121
0.80666,0.33064
0.80716,0.33028
0.80766,0.32937
0.80817,0.32822
0.80867,0.32697
0.80918,0.32585
0.80968,0.32488
0.81019,0.32412
0.81069,0.3235
0.8112,0.32215
0.81171,0.32083
0.81222,0.32029
0.81273,0.31996
0.81324,0.31957
0.81375,0.31901
0.81426,0.31845
0.81477,0.31754
0.81528,0.3161
0.8158,0.31466
0.81631,0.31343
0.81682,0.31274
0.81734,0.31225
0.81786,0.31143
0.81837,0.31046
0.81889,0.30955
0.81941,0.30877
0.81992,0.30765
0.82044,0.30641
0.82096,0.30581
0.82148,0.30528
0.822,0.30459
0.82253,0.30386
0.82305,0.30287
0.82357,0.302
0.82409,0.30089
0.82462,0.29958
0.82514,0.29873
0.82567,0.29796
0.8262,0.29732
0.82672,0.29657
0.82725,0.29558
0.82778,0.29488
0.82831,0.29415
0.82884,0.29334
0.82937,0.29245
0.8299,0.29152
0.83043,0.29072
0.83096,0.28976
0.8315,0.28856
0.83203,0.2872
0.83256,0.28634
0.8331,0.28585
0.83363,0.28485
0.83417,0.28382
0.83471,0.2834
0.83525,0.28277
0.83578,0.28154
0.83632,0.28062
0.83686,0.27991
0.8374,0.27901
0.83794,0.27825
0.83849,0.27769
0.83903,0.2771
0.83957,0.27618
0.84012,0.27512
0.84066,0.27413
0.84121,0.27335
0.84175,0.27284
0.8423,0.27239
0.84285,0.27182
0.8434,0.27073
0.84395,0.26944
0.8445,0.26856
0.84505,0.26793
0.8456,0.26733
0.84615,0.26652
0.8467,0.26577
0.84726,0.26505
0.84781,0.26396
0.84836,0.26283
0.84892,0.26204
0.84948,0.26158
0.85003,0.26097
0.85059,0.26
0.85115,0.25913
0.85171,0.25851
0.85227,0.25794
0.85283,0.25737
0.85339,0.25669
0.85395,0.25582
0.85452,0.255
0.85508,0.25416
0.85564,0.25322
0.85621,0.25245
0.85678,0.25179
0.85734,0.25115
0.85791,0.25073
0.85848,0.25024
0.85905,0.2493
0.85962,0.2482
0.86019,0.24744
0.86076,0.24702
0.86133,0.24666
0.8619,0.24648
0.86248,0.24615
0.86305,0.24527
0.86362,0.24439
0.8642,0.24375
0.86478,0.24298
0.86535,0.24234
0.86593,0.2419
0.86651,0.24149
0.86709,0.24086
0.86767,0.24016
0.86825,0.23969
0.86883,0.23921
0.86942,0.23867
0.87,0.23804
0.87058,0.23743
0.87117,0.23679
0.87176,0.23609
0.87234,0.23565
0.87293,0.23513
0.87352,0.23454
0.87411,0.23418
0.8747,0.23368
0.87529,0.23295
0.87588,0.23224
0.87647,0.2318
0.87706,0.23151
0.87766,0.23103
0.87825,0.23062
0.87885,0.23023
0.87944,0.22967
0.88004,0.22919
0.88064,0.22881
0.88124,0.22843
0.88184,0.22807
0.88244,0.22769
0.88304,0.22728
0.88364,0.22694
0.88424,0.22651
0.88485,0.226
0.88545,0.22551
0.88606,0.2251
0.88666,0.22483
0.88727,0.22456
0.88788,0.22413
0.88849,0.2236
0.8891,0.22301
0.88971,0.22258
0.89032,0.22243
0.89093,0.22231
0.89154,0.22192
0.89215,0.22144
0.89277,0.2211
0.89338,0.22075
0.894,0.22037
0.89462,0.22011
0.89524,0.21987
0.89585,0.21961
0.89647,0.2194
0.89709,0.21914
0.89772,0.21881
0.89834,0.21858
0.89896,0.21831
0.89958,0.218
0.90021,0.21779
0.90083,0.21748
0.90146,0.21714
0.90209,0.21704
0.90272,0.21698
0.90335,0.21675
0.90398,0.2165
0.90461,0.21636
0.90524,0.21621
0.90587,0.21608
0.9065,0.21607
0.90714,0.21599
0.90777,0.21577
0.90841,0.2156
0.90905,0.21554
0.90968,0.21552
0.91032,0.21538
0.91096,0.21517
0.9116,0.21508
0.91225,0.21506
0.91289,0.21493
0.91353,0.21483
0.91418,0.21481
0.91482,0.21472
0.91547,0.21459
0.91611,0.21454
0.91676,0.21457
0.91741,0.2146
0.91806,0.21461
0.91871,0.21464
0.91936,0.21466
0.92001,0.21467
0.92067,0.21475
0.92132,0.21484
0.92198,0.2148
0.92263,0.21479
0.92329,0.21498
0.92395,0.21513
0.92461,0.21524
0.92527,0.21545
0.92593,0.21569
0.92659,0.21583
0.92725,0.2159
0.92792,0.21604
0.92858,0.21625
0.92925,0.21648
0.92991,0.21673
0.93058,0.21695
0.93125,0.2171
0.93192,0.21717
0.93259,0.21726
0.93326,0.21744
0.93393,0.21768
0.93461,0.21795
0.93528,0.21822
0.93596,0.21853
0.93663,0.21888
0.93731,0.21915
0.93799,0.21936
0.93867,0.21959
0.93935,0.21989
0.94003,0.22029
0.94071,0.22067
0.9414,0.22099
0.94208,0.2213
0.94276,0.22164
0.94345,0.22201
0.94414,0.22243
0.94483,0.22282
0.94551,0.22315
0.94621,0.22347
0.9469,0.22389
0.94759,0.22439
0.94828,0.22485
0.94898,0.22527
0.94967,0.22568
0.95037,0.22612
0.95106,0.22658
0.95176,0.22706
0.95246,0.22756
0.95316,0.22809
0.95386,0.22863
0.95457,0.22908
0.95527,0.22954
0.95597,0.2301
0.95668,0.23072
0.95739,0.23132
0.95809,0.23187
0.9588,0.23241
0.95951,0.23302
0.96022,0.23367
0.96094,0.23428
0.96165,0.23493
0.96236,0.23558
0.96308,0.23619
0.96379,0.23686
0.96451,0.23761
0.96523,0.23833
0.96595,0.23899
0.96667,0.23962
0.96739,0.24032
0.96811,0.24107
0.96883,0.24182
0.96956,0.24266
0.97029,0.24341
0.97101,0.24411
0.97174,0.24491
0.97247,0.24571
0.9732,0.24649
0.97393,0.24727
0.97466,0.24807
0.9754,0.2489
0.97613,0.24981
0.97687,0.25074
0.9776,0.25163
0.97834,0.25249
0.97908,0.25336
0.97982,0.25425
0.98056,0.25523
0.9813,0.25621
0.98205,0.25718
0.98279,0.25821
0.98354,0.25928
0.98428,0.26028
0.98503,0.26123
0.98578,0.26222
0.98653,0.26328
0.98728,0.26435
0.98803,0.26536
0.98879,0.26634
0.98954,0.26734
0.9903,0.26835
0.99106,0.26945
0.99181,0.27062
0.99257,0.27177
0.99333,0.27282
0.9941,0.27391
0.99486,0.27509
0.99562,0.27628
0.99639,0.27732
0.99715,0.27831
0.99792,0.27944
0.99869,0.28061
0.99946,0.28176
1.0002,0.28291
1.001,0.28409
1.0018,0.28536
1.0026,0.28661
1.0033,0.28781
1.0041,0.28903
1.0047,0.28955
1.0049,0.29087
1.0051,0.29149
1.0053,0.29122
1.0055,0.29074
1.0057,0.29073
1.0059,0.29069
1.0061,0.29019
1.0062,0.29009
1.0064,0.29093
1.0066,0.29203
1.0068,0.29221
1.007,0.29147
1.0072,0.29168
1.0074,0.29329
1.0076,0.2937
1.0078,0.2924
1.008,0.29235
1.0082,0.29381
1.0084,0.29433
1.0086,0.29389
1.0088,0.2941
1.009,0.2953
1.0092,0.29637
1.0094,0.29611
1.0096,0.29535
1.0098,0.29619
1.01,0.29834
1.0102,0.29969
1.0104,0.29952
1.0106,0.29863
1.0108,0.29779
1.011,0.29722
1.0112,0.29712
1.0114,0.29847
1.0115,0.30126
1.0117,0.3031
1.0119,0.30261
1.0121,0.30099
1.0123,0.2992
1.0125,0.29804
1.0127,0.29882
1.0129,0.30109
1.0131,0.30282
1.0133,0.3035
1.0135,0.30388
1.0137,0.30389
1.0139,0.30317
1.0141,0.30243
1.0143,0.30277
1.0145,0.30362
1.0147,0.30373
1.0149,0.30381
1.0151,0.30546
1.0153,0.30805
1.0155,0.30925
1.0157,0.3083
1.0159,0.30732
1.0161,0.30823
1.0163,0.30971
1.0165,0.30933
1.0167,0.30765
1.0169,0.30706
1.0171,0.30838
1.0173,0.31027
1.0175,0.311
1.0177,0.31084
1.0179,0.31135
1.0181,0.31216
1.0183,0.31186
1.0185,0.31123
1.0187,0.31172
1.0189,0.31249
1.0191,0.31204
1.0193,0.31076
1.0195,0.3101
1.0197,0.31055
1.0199,0.31143
1.0201,0.31244
1.0203,0.31339
1.0205,0.31332
1.0207,0.31242
1.0209,0.31278
1.0211,0.31492
1.0213,0.31688
1.0215,0.31784
1.0217,0.31905
1.0219,0.32064
1.0221,0.32101
1.0223,0.32
1.0225,0.31988
1.0227,0.32152
1.0229,0.3223
1.0231,0.3208
1.0233,0.31974
1.0235,0.32089
1.0237,0.32194
1.0239,0.32088
1.0241,0.3194
1.0243,0.31964
1.0245,0.32097
1.0247,0.32158
1.0249,0.32151
1.0251,0.32228
1.0254,0.32427
1.0256,0.32613
1.0258,0.32666
1.026,0.32588
1.0262,0.32453
1.0264,0.32352
1.0266,0.32352
1.0268,0.32437
1.027,0.32544
1.0272,0.3262
1.0274,0.32627
1.0276,0.32564
1.0278,0.32538
1.028,0.32653
1.0282,0.32843
1.0284,0.32938
1.0286,0.32913
1.0288,0.32939
1.029,0.33153
1.0292,0.33404
1.0294,0.33408
1.0296,0.33177
1.0298,0.33027
1.03,0.33071
1.0302,0.33152
1.0304,0.33175
1.0307,0.33111
1.0309,0.32992
1.0311,0.32999
1.0313,0.33161
1.0315,0.3324
1.0317,0.33191
1.0319,0.33199
1.0321,0.33298
1.0323,0.33446
1.0325,0.33608
1.0327,0.33643
1.0329,0.33511
1.0331,0.33373
1.0333,0.33351
1.0335,0.33478
1.0337,0.33704
1.0339,0.33881
1.0341,0.33952
1.0344,0.33959
1.0346,0.3388
1.0348,0.33743
1.035,0.33675
1.0352,0.33775
1.0354,0.34005
1.0356,0.34145
1.0358,0.34062
1.036,0.33981
1.0362,0.34052
1.0364,0.3413
1.0366,0.34221
1.0368,0.34416
1.037,0.34543
1.0372,0.34513
1.0375,0.34464
1.0377,0.34456
1.0379,0.34477
1.0381,0.34491
1.0383,0.34439
1.0385,0.34433
1.0387,0.34588
1.0389,0.34811
1.0391,0.35023
1.0393,0.3514
1.0395,0.35014
1.0397,0.34816
1.04,0.34802
1.0402,0.34852
1.0404,0.3488
1.0406,0.34987
1.0408,0.35064
1.041,0.3505
1.0412,0.35104
1.0414,0.35188
1.0416,0.35196
1.0418,0.35198
1.042,0.35151
1.0423,0.35014
1.0425,0.34997
1.0427,0.35142
1.0429,0.35238
1.0431,0.35237
1.0433,0.35227
1.0435,0.35239
1.0437,0.35297
1.0439,0.35348
1.0441,0.35339
1.0444,0.35388
1.0446,0.35534
1.0448,0.35601
1.045,0.35559
1.0452,0.35569
1.0454,0.35688
1.0456,0.3584
1.0458,0.35922
1.046,0.35897
1.0462,0.35859
1.0465,0.35864
1.0467,0.35842
1.0469,0.35809
1.0471,0.35857
1.0473,0.35924
1.0475,0.35914
1.0477,0.35894
1.0479,0.3595
1.0482,0.36061
1.0484,0.36166
1.0486,0.36235
1.0488,0.36254
1.049,0.36244
1.0492,0.36257
1.0494,0.36303
1.0496,0.3633
1.0498,0.36322
1.0501,0.36352
1.0503,0.36442
1.0505,0.36498
1.0507,0.36459
1.0509,0.36391
1.0511,0.36383
1.0513,0.36465
1.0516,0.3661
1.0518,0.36744
1.052,0.36787
1.0522,0.36755
1.0524,0.36742
1.0526,0.36752
1.0528,0.36743
1.053,0.36762
1.0533,0.36813
1.0535,0.36786
1.0537,0.36701
1.0539,0.36702
1.0541,0.36797
1.0543,0.36895
1.0545,0.36967
1.0548,0.37019
1.055,0.37088
1.0552,0.37216
1.0554,0.3736
1.0556,0.37431
1.0558,0.37427
1.056,0.37412
1.0563,0.3739
1.0565,0.37306
1.0567,0.37226
1.0569,0.3727
1.0571,0.37366
1.0573,0.37403
1.0576,0.37459
1.0578,0.37573
1.058,0.37638
1.0582,0.37657
1.0584,0.37689
1.0586,0.37696
1.0589,0.37665
1.0591,0.37632
1.0593,0.37651
1.0595,0.37815
1.0597,0.38044
1.0599,0.38087
1.0602,0.37959
1.0604,0.37895
1.0606,0.37912
1.0608,0.37874
1.061,0.37804
1.0612,0.37844
1.0615,0.38011
1.0617,0.38175
1.0619,0.38246
1.0621,0.38278
1.0623,0.38317
1.0625,0.38336
1.0628,0.38341
1.063,0.38356
1.0632,0.3837
1.0634,0.38392
1.0636,0.38405
1.0639,0.38341
1.0641,0.38235
1.0643,0.38223
1.0645,0.38312
1.0647,0.38378
1.0649,0.3839
1.0652,0.38455
1.0654,0.38607
1.0656,0.38735
1.0658,0.38771
1.066,0.38748
1.0663,0.38694
1.0665,0.38649
1.0667,0.38704
1.0669,0.38857
1.0671,0.38957
1.0674,0.38924
1.0676,0.38863
1.0678,0.3887
1.068,0.38917
1.0682,0.38974
1.0685,0.39062
1.0687,0.39166
1.0689,0.39231
1.0691,0.3923
1.0693,0.39193
1.0696,0.39188
1.0698,0.39216
1.07,0.39214
1.0702,0.39216
1.0704,0.39328
1.0707,0.39484
1.0709,0.39506
1.0711,0.39401
1.0713,0.39356
1.0715,0.39408
1.0718,0.39445
1.072,0.39477
1.0722,0.39568
1.0724,0.39613
1.0727,0.39549
1.0729,0.3953
1.0731,0.39606
1.0733,0.39655
1.0735,0.3969
1.0738,0.3978
1.074,0.39859
1.0742,0.39878
1.0744,0.39887
1.0747,0.39907
1.0749,0.39934
1.0751,0.39971
1.0753,0.39993
1.0755,0.4001
1.0758,0.40084
1.076,0.40216
1.0762,0.403
1.0764,0.40265
1.0767,0.40208
1.0769,0.40235
1.0771,0.40312
1.0773,0.40381
1.0776,0.40438
1.0778,0.40434
1.078,0.40379
1.0782,0.40376
1.0785,0.40453
1.0787,0.40558
1.0789,0.40651
1.0791,0.40678
1.0794,0.4064
1.0796,0.40624
1.0798,0.40621
1.08,0.40562
1.0803,0.40493
1.0805,0.40523
1.0807,0.4066
1.0809,0.40794
1.0812,0.40821
1.0814,0.408
1.0816,0.40823
1.0818,0.4084
1.0821,0.40805
1.0823,0.40774
1.0825,0.40758
1.0827,0.4075
1.083,0.40822
1.0832,0.40974
1.0834,0.411
1.0836,0.41141
1.0839,0.41127
1.0841,0.41095
1.0843,0.41071
1.0845,0.41098
1.0848,0.41199
1.085,0.41322
1.0852,0.41374
1.0855,0.41317
1.0857,0.41234
1.0859,0.41233
1.0861,0.41296
1.0864,0.41302
1.0866,0.41227
1.0868,0.41191
1.087,0.41285
1.0873,0.41454
1.0875,0.41571
1.0877,0.4158
1.088,0.41561
1.0882,0.41572
1.0884,0.41563
1.0886,0.41543
1.0889,0.41609
1.0891,0.41737
1.0893,0.41807
1.0896,0.41771
1.0898,0.41662
1.09,0.41563
1.0902,0.41574
1.0905,0.4169
1.0907,0.41817
1.0909,0.41915
1.0912,0.41984
1.0914,0.41993
1.0916,0.41961
1.0919,0.42005
1.0921,0.42145
1.0923,0.42243
1.0925,0.42225
1.0928,0.42156
1.093,0.42094
1.0932,0.42098
1.0935,0.4218
1.0937,0.42239
1.0939,0.4227
1.0942,0.42373
1.0944,0.42467
1.0946,0.42426
1.0948,0.42355
1.0951,0.42371
1.0953,0.42434
1.0955,0.42486
1.0958,0.42521
1.096,0.4259
1.0962,0.42713
1.0965,0.4277
1.0967,0.42714
1.0969,0.42681
1.0972,0.42703
1.0974,0.42702
1.0976,0.4272
1.0979,0.42813
1.0981,0.42917
1.0983,0.42952
1.0986,0.42884
1.0988,0.42774
1.099,0.42773
1.0993,0.42909
1.0995,0.4303
1.0997,0.43037
1.1,0.42969
1.1002,0.42932
1.1004,0.4298
1.1007,0.43036
1.1009,0.43023
1.1011,0.43
1.1014,0.4305
1.1016,0.43167
1.1018,0.43273
1.1021,0.43272
1.1023,0.43182
1.1025,0.43159
1.1028,0.43244
1.103,0.43301
1.1032,0.43297
1.1035,0.4331
1.1037,0.43319
1.1039,0.43292
1.1042,0.43304
1.1044,0.43378
1.1046,0.43435
1.1049,0.43456
1.1051,0.43496
1.1054,0.43552
1.1056,0.43546
1.1058,0.43478
1.1061,0.43485
1.1063,0.4362
1.1065,0.43725
1.1068,0.43717
1.107,0.43692
1.1072,0.43672
1.1075,0.43639
1.1077,0.43661
1.1079,0.43737
1.1082,0.43779
1.1084,0.43787
1.1087,0.43809
1.1089,0.43832
1.1091,0.43839
1.1094,0.43845
1.1096,0.43887
1.1098,0.43964
1.1101,0.44014
1.1103,0.44019
1.1106,0.44015
1.1108,0.43992
1.111,0.43957
1.1113,0.43966
1.1115,0.44005
1.1118,0.44024
1.112,0.44009
1.1122,0.43986
1.1125,0.44026
1.1127,0.44119
1.1129,0.44143
1.1132,0.44119
1.1134,0.44164
1.1137,0.44224
1.1139,0.44192
1.1141,0.44117
1.1144,0.441
1.1146,0.4418
1.1149,0.44304
1.1151,0.44362
1.1153,0.44352
1.1156,0.44352
1.1158,0.44368
1.1161,0.44415
1.1163,0.44528
1.1165,0.44635
1.1168,0.4467
1.117,0.44671
1.1173,0.44662
1.1175,0.44631
1.1177,0.44623
1.118,0.44687
1.1182,0.44763
1.1185,0.44746
1.1187,0.44669
1.1189,0.44655
1.1192,0.44687
1.1194,0.44679
1.1197,0.44671
1.1199,0.44704
1.1202,0.44742
1.1204,0.44769
1.1206,0.44789
1.1209,0.44809
1.1211,0.44851
1.1214,0.4488
1.1216,0.44857
1.1219,0.44845
1.1221,0.44891
1.1223,0.44954
1.1226,0.45008
1.1228,0.45047
1.1231,0.45038
1.1233,0.45
1.1236,0.44998
1.1238,0.4506
1.124,0.45137
1.1243,0.45171
1.1245,0.45197
1.1248,0.45252
1.125,0.4529
1.1253,0.45266
1.1255,0.45192
1.1257,0.45111
1.126,0.45107
1.1262,0.45194
1.1265,0.45257
1.1267,0.45242
1.127,0.45189
1.1272,0.45134
1.1275,0.45139
1.1277,0.45223
1.128,0.45303
1.1282,0.45347
1.1284,0.45387
1.1287,0.45387
1.1289,0.45334
1.1292,0.4532
1.1294,0.45399
1.1297,0.45517
1.1299,0.45573
1.1302,0.4554
1.1304,0.45507
1.1307,0.45528
1.1309,0.45565
1.1312,0.45618
1.1314,0.45706
1.1316,0.45789
1.1319,0.45833
1.1321,0.45814
1.1324,0.45731
1.1326,0.45683
1.1329,0.45745
1.1331,0.45835
1.1334,0.45833
1.1336,0.45754
1.1339,0.45733
1.1341,0.45837
1.1344,0.45944
1.1346,0.4596
1.1349,0.45964
1.1351,0.45999
1.1354,0.45999
1.1356,0.4596
1.1359,0.45923
1.1361,0.4592
1.1364,0.45981
1.1366,0.46055
1.1369,0.46082
1.1371,0.46112
1.1374,0.46148
1.1376,0.46101
1.1379,0.46015
1.1381,0.46048
1.1384,0.46185
1.1386,0.46253
1.1389,0.46189
1.1391,0.4612
1.1394,0.46137
1.1396,0.4617
1.1399,0.46161
1.1401,0.46177
1.1404,0.46272
1.1406,0.46376
1.1409,0.46382
1.1411,0.46295
1.1414,0.46248
1.1416,0.46309
1.1419,0.46377
1.1421,0.46387
1.1424,0.46388
1.1426,0.46393
1.1429,0.46371
1.1431,0.46367
1.1434,0.46405
1.1436,0.46428
1.1439,0.464
1.1441,0.46367
1.1444,0.4638
1.1446,0.4644
1.1449,0.46485
1.1451,0.46467
1.1454,0.46442
1.1456,0.46476
1.1459,0.46553
1.1462,0.46628
1.1464,0.46699
1.1467,0.46763
1.1469,0.4679
1.1472,0.46754
1.1474,0.46685
1.1477,0.46676
1.1479,0.46748
1.1482,0.46797
1.1484,0.46786
1.1487,0.46789
1.1489,0.46809
1.1492,0.4681
1.1495,0.46807
1.1497,0.46802
1.15,0.4679
1.1502,0.46809
1.1505,0.4686
1.1507,0.46907
1.151,0.46943
1.1512,0.46953
1.1515,0.46922
1.1518,0.46887
1.152,0.46877
1.1523,0.46878
1.1525,0.46887
1.1528,0.4692
1.153,0.46979
1.1533,0.47021
1.1535,0.47025
1.1538,0.4706
1.1541,0.47154
1.1543,0.47229
1.1546,0.47252
1.1548,0.47224
1.1551,0.47133
1.1553,0.47051
1.1556,0.47046
1.1559,0.47068
1.1561,0.47095
1.1564,0.47164
1.1566,0.47233
1.1569,0.47259
1.1572,0.47257
1.1574,0.47242
1.1577,0.47239
1.1579,0.47259
1.1582,0.47292
1.1584,0.47345
1.1587,0.47413
1.159,0.47463
1.1592,0.47498
1.1595,0.47512
1.1597,0.47483
1.16,0.47452
1.1603,0.47447
1.1605,0.47439
1.1608,0.47458
1.161,0.47486
1.1613,0.47465
1.1616,0.47452
1.1618,0.47504
1.1621,0.47558
1.1623,0.4759
1.1626,0.47635
1.1629,0.47666
1.1631,0.47648
1.1634,0.47594
1.1636,0.47556
1.1639,0.47591
1.1642,0.47663
1.1644,0.47677
1.1647,0.4767
1.165,0.47737
1.1652,0.47834
1.1655,0.47856
1.1657,0.47819
1.166,0.47802
1.1663,0.47812
1.1665,0.47814
1.1668,0.47803
1.1671,0.47796
1.1673,0.4779
1.1676,0.47763
1.1678,0.47728
1.1681,0.47738
1.1684,0.47807
1.1686,0.47848
1.1689,0.47818
1.1692,0.47808
1.1694,0.4786
1.1697,0.47902
1.1699,0.47921
1.1702,0.47961
1.1705,0.47986
1.1707,0.47962
1.171,0.47943
1.1713,0.47957
1.1715,0.47964
1.1718,0.47954
1.1721,0.47955
1.1723,0.47962
1.1726,0.47951
1.1729,0.47946
1.1731,0.47996
1.1734,0.48102
1.1737,0.48196
1.1739,0.482
1.1742,0.48126
1.1745,0.48068
1.1747,0.48084
1.175,0.48136
1.1752,0.48178
1.1755,0.48192
1.1758,0.48182
1.176,0.48174
1.1763,0.48182
1.1766,0.48189
1.1769,0.48196
1.1771,0.48224
1.1774,0.4825
1.1777,0.48279
1.1779,0.48332
1.1782,0.48359
1.1785,0.48325
1.1787,0.48277
1.179,0.48254
1.1793,0.4826
1.1795,0.48291
1.1798,0.48295
1.1801,0.48273
1.1803,0.48318
1.1806,0.48401
1.1809,0.48411
1.1811,0.4838
1.1814,0.48398
1.1817,0.48455
1.1819,0.48517
1.1822,0.48545
1.1825,0.4852
1.1828,0.4851
1.183,0.48542
1.1833,0.48542
1.1836,0.48514
1.1838,0.48506
1.1841,0.48487
1.1844,0.48456
1.1846,0.48473
1.1849,0.48526
1.1852,0.48577
1.1855,0.48631
1.1857,0.48664
1.186,0.48649
1.1863,0.48623
1.1865,0.48632
1.1868,0.48675
1.1871,0.48719
1.1874,0.48731
1.1876,0.48708
1.1879,0.48678
1.1882,0.48694
1.1884,0.4878
1.1887,0.48849
1.189,0.48811
1.1893,0.48746
1.1895,0.48768
1.1898,0.4883
1.1901,0.48839
1.1904,0.48807
1.1906,0.48792
1.1909,0.48819
1.1912,0.48863
1.1915,0.48856
1.1917,0.488
1.192,0.48779
1.1923,0.48792
1.1925,0.4877
1.1928,0.48751
1.1931,0.4881
1.1934,0.48892
1.1936,0.48913
1.1939,0.48899
1.1942,0.48916
1.1945,0.48987
1.1947,0.49084
1.195,0.49136
1.1953,0.49123
1.1956,0.4911
1.1958,0.49117
1.1961,0.49091
1.1964,0.49054
1.1967,0.49067
1.197,0.49101
1.1972,0.4911
1.1975,0.49125
1.1978,0.49168
1.1981,0.49196
1.1983,0.4919
1.1986,0.49193
1.1989,0.49232
1.1992,0.49258
1.1994,0.4922
1.1997,0.4915
1.2,0.49127
1.2003,0.4916
1.2006,0.49187
1.2008,0.49206
1.2011,0.4925
1.2014,0.49293
1.2017,0.49321
1.2019,0.49373
1.2022,0.49434
1.2025,0.4945
1.2028,0.49415
1.2031,0.49347
1.2033,0.49279
1.2036,0.49259
1.2039,0.49293
1.2042,0.49342
1.2045,0.49377
1.2047,0.49372
1.205,0.49333
1.2053,0.49311
1.2056,0.49335
1.2059,0.49396
1.2061,0.49479
1.2064,0.49548
1.2067,0.49591
1.207,0.49618
1.2073,0.49624
1.2075,0.4961
1.2078,0.49597
1.2081,0.49573
1.2084,0.49543
1.2087,0.49534
1.209,0.49548
1.2092,0.49588
1.2095,0.49649
1.2098,0.4968
1.2101,0.4966
1.2104,0.49635
1.2106,0.49626
1.2109,0.49627
1.2112,0.49638
1.2115,0.49646
1.2118,0.49655
1.2121,0.49681
1.2123,0.49729
1.2126,0.49789
1.2129,0.49822
1.2132,0.49794
1.2135,0.49769
1.2138,0.49789
1.214,0.49779
1.2143,0.49735
1.2146,0.49743
1.2149,0.49776
1.2152,0.49764
1.2155,0.49751
1.2158,0.49786
1.216,0.49827
1.2163,0.49845
1.2166,0.49856
1.2169,0.49885
1.2172,0.49928
1.2175,0.49962
1.2178,0.49967
1.218,0.49957
1.2183,0.49967
1.2186,0.50007
1.2189,0.50033
1.2192,0.50012
1.2195,0.49984
1.2198,0.49983
1.22,0.50003
1.2203,0.50047
1.2206,0.50095
1.2209,0.50089
1.2212,0.50039
1.2215,0.50013
1.2218,0.50016
1.2221,0.5003
1.2223,0.50045
1.2226,0.50034
1.2229,0.50014
1.2232,0.50042
1.2235,0.50081
1.2238,0.50074
1.2241,0.5006
1.2244,0.50076
1.2247,0.50111
1.2249,0.50161
1.2252,0.50196
1.2255,0.50176
1.2258,0.50145
1.2261,0.50164
1.2264,0.50205
1.2267,0.50209
1.227,0.50179
1.2273,0.50164
1.2276,0.50184
1.2278,0.50203
1.2281,0.50193
1.2284,0.50184
1.2287,0.5022
1.229,0.50288
1.2293,0.50331
1.2296,0.50341
1.2299,0.50377
1.2302,0.5043
1.2305,0.50416
1.2308,0.50355
1.2311,0.50348
1.2313,0.50385
1.2316,0.50403
1.2319,0.50415
1.2322,0.5044
1.2325,0.50455
1.2328,0.50451
1.2331,0.50437
1.2334,0.50411
1.2337,0.50374
1.234,0.50358
1.2343,0.504
1.2346,0.50478
1.2349,0.50531
1.2352,0.50536
1.2355,0.50521
1.2357,0.50516
1.236,0.50534
1.2363,0.50538
1.2366,0.50499
1.2369,0.50461
1.2372,0.50444
1.2375,0.50416
1.2378,0.50424
1.2381,0.5051
1.2384,0.50587
1.2387,0.50604
1.239,0.50616
1.2393,0.5063
1.2396,0.50626
1.2399,0.50633
1.2402,0.50648
1.2405,0.50634
1.2408,0.50605
1.2411,0.50591
1.2414,0.50601
1.2417,0.50644
1.242,0.50699
1.2423,0.50732
1.2426,0.50742
1.2429,0.50727
1.2432,0.50684
1.2435,0.5066
1.2438,0.50688
1.2441,0.50719
1.2443,0.50698
1.2446,0.50653
1.2449,0.50664
1.2452,0.50748
1.2455,0.50826
1.2458,0.50821
1.2461,0.50769
1.2464,0.50754
1.2467,0.5077
1.247,0.50755
1.2473,0.50725
1.2476,0.50739
1.2479,0.50773
1.2482,0.50794
1.2485,0.50828
1.2488,0.50872
1.2491,0.50889
1.2494,0.50896
1.2497,0.50918
1.25,0.50942
1.2504,0.50965
1.2507,0.50967
1.251,0.50919
1.2513,0.50865
1.2516,0.50887
1.2519,0.50971
1.2522,0.51038
1.2525,0.51055
1.2528,0.51044
1.2531,0.5103
1.2534,0.51014
1.2537,0.50994
1.254,0.50978
1.2543,0.50977
1.2546,0.51006
1.2549,0.51051
1.2552,0.51061
1.2555,0.51029
1.2558,0.51013
1.2561,0.51038
1.2564,0.51058
1.2567,0.51033
1.257,0.50996
1.2573,0.51013
1.2576,0.51076
1.2579,0.51117
1.2582,0.51137
1.2585,0.51176
1.2588,0.51196
1.2592,0.51142
1.2595,0.51065
1.2598,0.51048
1.2601,0.51083
1.2604,0.51101
1.2607,0.51096
1.261,0.51115
1.2613,0.5114
1.2616,0.51129
1.2619,0.51114
1.2622,0.51128
1.2625,0.51143
1.2628,0.51141
1.2631,0.51132
1.2635,0.51142
1.2638,0.51197
1.2641,0.51254
1.2644,0.51266
1.2647,0.51274
1.265,0.51295
1.2653,0.51288
1.2656,0.5127
1.2659,0.5128
1.2662,0.51292
1.2665,0.51295
1.2668,0.51308
1.2672,0.51318
1.2675,0.51314
1.2678,0.51315
1.2681,0.51349
1.2684,0.51393
1.2687,0.51389
1.269,0.51343
1.2693,0.51305
1.2696,0.51296
1.2699,0.51325
1.2703,0.51383
1.2706,0.51402
1.2709,0.51374
1.2712,0.51353
1.2715,0.51333
1.2718,0.51305
1.2721,0.51323
1.2724,0.51376
1.2728,0.51395
1.2731,0.51378
1.2734,0.51371
1.2737,0.51401
1.274,0.51438
1.2743,0.51432
1.2746,0.51398
1.2749,0.51377
1.2753,0.51368
1.2756,0.51368
1.2759,0.51376
1.2762,0.51384
1.2765,0.51407
1.2768,0.51443
1.2771,0.51453
1.2775,0.51437
1.2778,0.51406
1.2781,0.51364
1.2784,0.51361
1.2787,0.51409
1.279,0.51443
1.2793,0.51457
1.2797,0.51478
1.28,0.51473
1.2803,0.5146
1.2806,0.5149
1.2809,0.51526
1.2812,0.51527
1.2816,0.51517
1.2819,0.51505
1.2822,0.51492
1.2825,0.51499
1.2828,0.51513
1.2831,0.5152
1.2835,0.5154
1.2838,0.51569
1.2841,0.51565
1.2844,0.51549
1.2847,0.51582
1.2851,0.51625
1.2854,0.51594
1.2857,0.51525
1.286,0.51495
1.2863,0.51498
1.2867,0.51529
1.287,0.51581
1.2873,0.51585
1.2876,0.51543
1.2879,0.51539
1.2882,0.51576
1.2886,0.51601
1.2889,0.51612
1.2892,0.5161
1.2895,0.51595
1.2899,0.5159
1.2902,0.51586
1.2905,0.51575
1.2908,0.51567
1.2911,0.51565
1.2915,0.51584
1.2918,0.5164
1.2921,0.51683
1.2924,0.51667
1.2927,0.51624
1.2931,0.51603
1.2934,0.51622
1.2937,0.51671
1.294,0.51707
1.2944,0.51694
1.2947,0.51646
1.295,0.51614
1.2953,0.51619
1.2957,0.51627
1.296,0.51621
1.2963,0.51628
1.2966,0.51645
1.2969,0.51642
1.2973,0.51622
1.2976,0.51601
1.2979,0.51596
1.2982,0.51628
1.2986,0.51672
1.2989,0.51675
1.2992,0.5164
1.2996,0.51609
1.2999,0.51617
1.3002,0.51659
1.3005,0.51692
1.3009,0.51704
1.3012,0.51717
1.3015,0.51727
1.3018,0.51716
1.3022,0.51708
1.3025,0.51711
1.3028,0.51716
1.3031,0.51725
1.3035,0.51727
1.3038,0.51715
1.3041,0.51707
1.3045,0.51708
1.3048,0.51702
1.3051,0.51699
1.3054,0.5169
1.3058,0.5167
1.3061,0.51685
1.3064,0.51744
1.3068,0.51758
1.3071,0.5169
1.3074,0.51618
1.3077,0.51609
1.3081,0.51642
1.3084,0.51672
1.3087,0.51675
1.3091,0.51652
1.3094,0.51633
1.3097,0.51649
1.3101,0.51688
1.3104,0.51712
1.3107,0.51698
1.3111,0.5167
1.3114,0.51676
1.3117,0.51723
1.312,0.51754
1.3124,0.51736
1.3127,0.51692
1.313,0.51651
1.3134,0.51621
1.3137,0.51609
1.314,0.51619
1.3144,0.5166
1.3147,0.51705
1.315,0.51712
1.3154,0.51687
1.3157,0.51663
1.316,0.5164
1.3164,0.51618
1.3167,0.51612
1.317,0.51601
1.3174,0.51564
1.3177,0.51544
1.318,0.51578
1.3184,0.51632
1.3187,0.51645
1.3191,0.51612
1.3194,0.51588
1.3197,0.51609
1.3201,0.51642
1.3204,0.51648
1.3207,0.51632
1.3211,0.51618
1.3214,0.51622
1.3217,0.51652
1.3221,0.51686
1.3224,0.51685
1.3228,0.51668
1.3231,0.51669
1.3234,0.5167
1.3238,0.51641
1.3241,0.51615
1.3244,0.51621
1.3248,0.51624
1.3251,0.51603
1.3255,0.51591
1.3258,0.51613
1.3261,0.51648
1.3265,0.51678
1.3268,0.51686
1.3272,0.51654
1.3275,0.51582
1.3278,0.51514
1.3282,0.51498
1.3285,0.51534
1.3289,0.51589
1.3292,0.51622
1.3295,0.51604
1.3299,0.51545
1.3302,0.51499
1.3306,0.5148
1.3309,0.51462
1.3312,0.51458
1.3316,0.51494
1.3319,0.51537
1.3323,0.51546
1.3326,0.51529
1.333,0.51512
1.3333,0.51505
1.3336,0.51485
1.334,0.51427
1.3343,0.51366
1.3347,0.51351
1.335,0.51372
1.3354,0.51396
1.3357,0.5142
1.336,0.5144
1.3364,0.5145
1.3367,0.51455
1.3371,0.51452
1.3374,0.51443
1.3378,0.51438
1.3381,0.51426
1.3385,0.51401
1.3388,0.51401
1.3392,0.51426
1.3395,0.51427
1.3398,0.51403
1.3402,0.51398
1.3405,0.51407
1.3409,0.51399
1.3412,0.51381
1.3416,0.51375
1.3419,0.51378
1.3423,0.51372
1.3426,0.51342
1.343,0.51304
1.3433,0.51274
1.3437,0.51242
1.344,0.51203
1.3444,0.5118
1.3447,0.51185
1.3451,0.51213
1.3454,0.51233
1.3458,0.512
1.3461,0.5113
1.3465,0.51097
1.3468,0.51113
1.3472,0.51124
1.3475,0.51117
1.3479,0.51118
1.3482,0.51134
1.3486,0.51151
1.3489,0.51162
1.3493,0.51166
1.3496,0.51151
1.35,0.51119
1.3503,0.51113
1.3507,0.51143
1.351,0.51137
1.3514,0.51075
1.3517,0.51035
1.3521,0.51046
1.3524,0.51068
1.3528,0.51081
1.3531,0.51074
1.3535,0.51028
1.3538,0.50974
1.3542,0.50945
1.3545,0.50932
1.3549,0.50939
1.3553,0.50979
1.3556,0.51012
1.356,0.51002
1.3563,0.50974
1.3567,0.50959
1.357,0.50951
1.3574,0.50941
1.3577,0.50919
1.3581,0.50889
1.3585,0.5086
1.3588,0.50841
1.3592,0.50844
1.3595,0.50871
1.3599,0.50901
1.3602,0.50928
1.3606,0.50943
1.3609,0.50925
1.3613,0.50883
1.3617,0.50852
1.362,0.50833
1.3624,0.50824
1.3627,0.50836
1.3631,0.50842
1.3635,0.50794
1.3638,0.50727
1.3642,0.50708
1.3645,0.50743
1.3649,0.50783
1.3652,0.50804
1.3656,0.50815
1.366,0.50818
1.3663,0.50805
1.3667,0.50782
1.367,0.50751
1.3674,0.50723
1.3678,0.50725
1.3681,0.50737
1.3685,0.50701
1.3689,0.50657
1.3692,0.50672
1.3696,0.50692
1.3699,0.50666
1.3703,0.50631
1.3707,0.50603
1.371,0.50577
1.3714,0.50589
1.3717,0.50622
1.3721,0.50611
1.3725,0.50572
1.3728,0.50542
1.3732,0.50496
1.3736,0.50419
1.3739,0.50364
1.3743,0.50369
1.3747,0.50412
1.375,0.50444
1.3754,0.50443
1.3758,0.50414
1.3761,0.50376
1.3765,0.50357
1.3768,0.5035
1.3772,0.50325
1.3776,0.50299
1.3779,0.50297
1.3783,0.50296
1.3787,0.50282
1.379,0.50282
1.3794,0.5029
1.3798,0.50268
1.3801,0.50209
1.3805,0.50154
1.3809,0.50142
1.3812,0.50143
1.3816,0.50121
1.382,0.50112
1.3824,0.50131
1.3827,0.50123
1.3831,0.50076
1.3835,0.50019
1.3838,0.4995
1.3842,0.49888
1.3846,0.49871
1.3849,0.49877
1.3853,0.49862
1.3857,0.49832
1.386,0.49791
1.3864,0.49741
1.3868,0.49711
1.3872,0.49698
1.3875,0.49662
1.3879,0.49612
1.3883,0.4958
1.3886,0.49534
1.389,0.49455
1.3894,0.49392
1.3898,0.49347
1.3901,0.49258
1.3905,0.49132
1.3909,0.49036
1.3913,0.48986
1.3916,0.48974
1.392,0.49004
1.3924,0.49064
1.3927,0.49129
1.3931,0.49186
1.3935,0.49218
1.3939,0.49235
1.3942,0.49237
1.3946,0.49182
1.395,0.49081
1.3954,0.49013
1.3957,0.48993
1.3961,0.48955
1.3965,0.4887
1.3969,0.48771
1.3973,0.48682
1.3976,0.48615
1.398,0.48599
1.3984,0.48651
1.3988,0.48721
1.3991,0.48742
1.3995,0.48735
1.3999,0.48758
1.4003,0.488
1.4006,0.48822
1.401,0.48816
1.4014,0.48799
1.4018,0.48784
1.4022,0.48782
1.4025,0.48787
1.4029,0.48766
1.4033,0.48706
1.4037,0.48641
1.4041,0.48598
1.4044,0.48554
1.4048,0.48514
1.4052,0.48519
1.4056,0.48558
1.406,0.48587
1.4063,0.486
1.4067,0.48602
1.4071,0.48584
1.4075,0.48556
1.4079,0.48538
1.4083,0.4854
1.4086,0.48554
1.409,0.48563
1.4094,0.48566
1.4098,0.4857
1.4102,0.48555
1.4106,0.48505
1.4109,0.48454
1.4113,0.48419
1.4117,0.48395
1.4121,0.48396
1.4125,0.48402
1.4129,0.48366
1.4132,0.48308
1.4136,0.48283
1.414,0.48293
1.4144,0.48327
1.4148,0.48373
1.4152,0.48388
1.4156,0.48351
1.4159,0.48289
1.4163,0.48238
1.4167,0.48218
1.4171,0.48229
1.4175,0.48253
1.4179,0.48284
1.4183,0.48304
1.4187,0.48282
1.419,0.48234
1.4194,0.48192
1.4198,0.48154
1.4202,0.48144
1.4206,0.48172
1.421,0.48177
1.4214,0.48135
1.4218,0.48102
1.4222,0.4809
1.4226,0.48074
1.4229,0.48049
1.4233,0.48004
1.4237,0.47955
1.4241,0.47949
1.4245,0.47963
1.4249,0.47946
1.4253,0.47904
1.4257,0.47841
1.4261,0.47763
1.4265,0.47729
1.4269,0.47754
1.4273,0.4777
1.4276,0.47745
1.428,0.47694
1.4284,0.47623
1.4288,0.47564
1.4292,0.47571
1.4296,0.47623
1.43,0.47649
1.4304,0.47625
1.4308,0.47577
1.4312,0.47541
1.4316,0.47532
1.432,0.47535
1.4324,0.47526
1.4328,0.47509
1.4332,0.47496
1.4336,0.47476
1.434,0.47446
1.4344,0.47429
1.4348,0.4742
1.4352,0.47396
1.4356,0.47351
1.4359,0.47294
1.4363,0.47236
1.4367,0.47226
1.4371,0.47278
1.4375,0.47322
1.4379,0.47308
1.4383,0.47276
1.4387,0.47256
1.4391,0.47239
1.4395,0.47234
1.4399,0.47242
1.4403,0.47224
1.4407,0.47176
1.4411,0.4714
1.4415,0.47125
1.4419,0.47115
1.4423,0.47113
1.4427,0.47094
1.4431,0.47046
1.4435,0.47006
1.4439,0.46992
1.4443,0.4697
1.4447,0.46934
1.4452,0.46904
1.4456,0.46878
1.446,0.46856
1.4464,0.46837
1.4468,0.46813
1.4472,0.46788
1.4476,0.4678
1.448,0.46792
1.4484,0.4679
1.4488,0.46738
1.4492,0.46676
1.4496,0.46657
1.45,0.46655
1.4504,0.46622
1.4508,0.46572
1.4512,0.46522
1.4516,0.46485
1.452,0.46484
1.4524,0.46487
1.4528,0.46446
1.4533,0.46382
1.4537,0.46335
1.4541,0.46311
1.4545,0.46305
1.4549,0.46285
1.4553,0.46229
1.4557,0.46175
1.4561,0.46154
1.4565,0.46152
1.4569,0.46156
1.4573,0.46152
1.4577,0.46136
1.4582,0.46137
1.4586,0.46146
1.459,0.46108
1.4594,0.46041
1.4598,0.45993
1.4602,0.45955
1.4606,0.45921
1.461,0.45904
1.4614,0.45879
1.4619,0.45828
1.4623,0.45776
1.4627,0.45735
1.4631,0.45699
1.4635,0.4567
1.4639,0.45646
1.4643,0.45633
1.4647,0.4563
1.4652,0.45618
1.4656,0.45584
1.466,0.45536
1.4664,0.45497
1.4668,0.45483
1.4672,0.45473
1.4676,0.45441
1.4681,0.45411
1.4685,0.45402
1.4689,0.45397
1.4693,0.45392
1.4697,0.45385
1.4701,0.45363
1.4706,0.45334
1.471,0.45298
1.4714,0.4525
1.4718,0.45217
1.4722,0.45201
1.4726,0.45166
1.4731,0.45127
1.4735,0.45097
1.4739,0.45036
1.4743,0.4496
1.4747,0.4494
1.4752,0.44961
1.4756,0.4497
1.476,0.44957
1.4764,0.44933
1.4768,0.44896
1.4773,0.44855
1.4777,0.44813
1.4781,0.4478
1.4785,0.44765
1.479,0.44751
1.4794,0.44725
1.4798,0.44706
1.4802,0.44696
1.4806,0.44667
1.4811,0.44616
1.4815,0.44568
1.4819,0.44536
1.4823,0.44521
1.4828,0.44515
1.4832,0.44502
1.4836,0.44483
1.484,0.44456
1.4845,0.4441
1.4849,0.44365
1.4853,0.44336
1.4857,0.44293
1.4862,0.44238
1.4866,0.44205
1.487,0.44171
1.4874,0.4411
1.4879,0.44062
1.4883,0.4406
1.4887,0.44081
1.4891,0.4409
1.4896,0.44068
1.49,0.44031
1.4904,0.43999
1.4909,0.43952
1.4913,0.439
1.4917,0.43877
1.4921,0.43863
1.4926,0.43826
1.493,0.43786
1.4934,0.43754
1.4939,0.43722
1.4943,0.43695
1.4947,0.43672
1.4952,0.43663
1.4956,0.43677
1.496,0.43673
1.4965,0.43619
1.4969,0.43551
1.4973,0.43499
1.4977,0.43462
1.4982,0.43447
1.4986,0.43441
1.499,0.43423
1.4995,0.43406
1.4999,0.43387
1.5003,0.43343
1.5008,0.43289
1.5012,0.43264
1.5017,0.43264
1.5021,0.43249
1.5025,0.43211
1.503,0.43174
1.5034,0.43151
1.5038,0.43126
1.5043,0.43082
1.5047,0.43031
1.5051,0.42996
1.5056,0.42983
1.506,0.42978
1.5065,0.42967
1.5069,0.42953
1.5073,0.42927
1.5078,0.42885
1.5082,0.42838
1.5086,0.42794
1.5091,0.42754
1.5095,0.42719
1.51,0.42692
1.5104,0.42672
1.5108,0.42648
1.5113,0.42608
1.5117,0.42567
1.5122,0.42546
1.5126,0.42534
1.513,0.42498
1.5135,0.42443
1.5139,0.42401
1.5144,0.42383
1.5148,0.42369
1.5153,0.42352
1.5157,0.42341
1.5161,0.42322
1.5166,0.42268
1.517,0.422
1.5175,0.42154
1.5179,0.42124
1.5184,0.42077
1.5188,0.4201
1.5193,0.41959
1.5197,0.41935
1.5201,0.4191
1.5206,0.41874
1.521,0.41834
1.5215,0.41792
1.5219,0.41761
1.5224,0.41745
1.5228,0.41725
1.5233,0.41692
1.5237,0.41646
1.5242,0.41589
1.5246,0.41557
1.5251,0.41556
1.5255,0.41541
1.526,0.41509
1.5264,0.41475
1.5269,0.4142
1.5273,0.41359
1.5278,0.41325
1.5282,0.41301
1.5287,0.41279
1.5291,0.41283
1.5296,0.41286
1.53,0.41241
1.5305,0.41162
1.5309,0.41104
1.5314,0.41085
1.5318,0.41078
1.5323,0.41063
1.5327,0.41054
1.5332,0.4104
1.5336,0.40985
1.5341,0.40921
1.5345,0.40894
1.535,0.40879
1.5354,0.40844
1.5359,0.40821
1.5364,0.40822
1.5368,0.40798
1.5373,0.40735
1.5377,0.40676
1.5382,0.40641
1.5386,0.40615
1.5391,0.40599
1.5396,0.40591
1.54,0.40569
1.5405,0.40544
1.5409,0.40535
1.5414,0.40514
1.5418,0.40464
1.5423,0.40406
1.5428,0.40356
1.5432,0.40314
1.5437,0.40284
1.5441,0.40272
1.5446,0.40271
1.5451,0.40264
1.5455,0.4022
1.546,0.40153
1.5464,0.40112
1.5469,0.40115
1.5474,0.40142
1.5478,0.40165
1.5483,0.40158
1.5487,0.40122
1.5492,0.4008
1.5497,0.40032
1.5501,0.39963
1.5506,0.39899
1.5511,0.39867
1.5515,0.39854
1.552,0.3984
1.5525,0.39822
1.5529,0.39802
1.5534,0.39771
1.5539,0.39721
1.5543,0.39664
1.5548,0.39626
1.5553,0.39611
1.5557,0.39598
1.5562,0.39571
1.5567,0.39521
1.5571,0.39466
1.5576,0.39434
1.5581,0.39399
1.5585,0.39338
1.559,0.39299
1.5595,0.39299
1.5599,0.39286
1.5604,0.39241
1.5609,0.39194
1.5613,0.39146
1.5618,0.39094
1.5623,0.3906
1.5627,0.39044
1.5632,0.39021
1.5637,0.38984
1.5642,0.38954
1.5646,0.38947
1.5651,0.38932
1.5656,0.3889
1.5661,0.38851
1.5665,0.38837
1.567,0.3883
1.5675,0.38805
1.5679,0.38759
1.5684,0.38715
1.5689,0.38687
1.5694,0.38669
1.5698,0.38671
1.5703,0.38683
1.5708,0.3865
1.5713,0.38575
1.5718,0.38517
1.5722,0.38474
1.5727,0.38432
1.5732,0.38411
1.5737,0.38394
1.5741,0.38362
1.5746,0.38336
1.5751,0.38304
1.5756,0.38259
1.576,0.38236
1.5765,0.38237
1.577,0.3823
1.5775,0.38203
1.578,0.38156
1.5784,0.38103
1.5789,0.38065
1.5794,0.38035
1.5799,0.38002
1.5804,0.37979
1.5809,0.37975
1.5813,0.37993
1.5818,0.38004
1.5823,0.37957
1.5828,0.37877
1.5833,0.37836
1.5838,0.37837
1.5842,0.37835
1.5847,0.3781
1.5852,0.37759
1.5857,0.377
1.5862,0.37659
1.5867,0.37625
1.5871,0.37593
1.5876,0.37582
1.5881,0.37585
1.5886,0.37568
1.5891,0.37532
1.5896,0.37497
1.5901,0.37446
1.5906,0.37371
1.591,0.3732
1.5915,0.37324
1.592,0.37341
1.5925,0.37335
1.593,0.37301
1.5935,0.37258
1.594,0.3725
1.5945,0.37272
1.595,0.37249
1.5954,0.37181
1.5959,0.37129
1.5964,0.37093
1.5969,0.3705
1.5974,0.37014
1.5979,0.36994
1.5984,0.36971
1.5989,0.36928
1.5994,0.36879
1.5999,0.36854
1.6004,0.36838
1.6009,0.36818
1.6014,0.36816
1.6019,0.36817
1.6024,0.36777
1.6028,0.36723
1.6033,0.36696
1.6038,0.36669
1.6043,0.36615
1.6048,0.36542
1.6053,0.36478
1.6058,0.36449
1.6063,0.36421
1.6068,0.36359
1.6073,0.36318
1.6078,0.36317
1.6083,0.36304
1.6088,0.36287
1.6093,0.36298
1.6098,0.36297
1.6103,0.36247
1.6108,0.36167
1.6113,0.36097
1.6118,0.36075
1.6123,0.36091
1.6128,0.36097
1.6133,0.36079
1.6138,0.36057
1.6143,0.3604
1.6148,0.3602
1.6153,0.35991
1.6158,0.35967
1.6163,0.35958
1.6168,0.35954
1.6173,0.35944
1.6178,0.3592
1.6184,0.35873
1.6189,0.35824
1.6194,0.35786
1.6199,0.35744
1.6204,0.35704
1.6209,0.35684
1.6214,0.35666
1.6219,0.35635
1.6224,0.35606
1.6229,0.3559
1.6234,0.35585
1.6239,0.35568
1.6244,0.3552
1.6249,0.35478
1.6255,0.35473
1.626,0.35446
1.6265,0.35379
1.627,0.35331
1.6275,0.35309
1.628,0.35275
1.6285,0.35253
1.629,0.35274
1.6295,0.35295
1.6301,0.35269
1.6306,0.35216
1.6311,0.35176
1.6316,0.35156
1.6321,0.3514
1.6326,0.35118
1.6331,0.35085
1.6337,0.35037
1.6342,0.3498
1.6347,0.34939
1.6352,0.34925
1.6357,0.34914
1.6362,0.34879
1.6367,0.34833
1.6373,0.34801
1.6378,0.34783
1.6383,0.34771
1.6388,0.34757
1.6393,0.34738
1.6398,0.34727
1.6404,0.34724
1.6409,0.34705
1.6414,0.34673
1.6419,0.3465
1.6424,0.34629
1.643,0.34603
1.6435,0.34587
1.644,0.34579
1.6445,0.34562
1.6451,0.34539
1.6456,0.34513
1.6461,0.34489
1.6466,0.34476
1.6471,0.34462
1.6477,0.34433
1.6482,0.34395
1.6487,0.34363
1.6492,0.34358
1.6498,0.34375
1.6503,0.34357
1.6508,0.3429
1.6513,0.34238
1.6519,0.3422
1.6524,0.34197
1.6529,0.34164
1.6534,0.34128
1.654,0.3409
1.6545,0.34065
1.655,0.34046
1.6556,0.34015
1.6561,0.33993
1.6566,0.3398
1.6571,0.3394
1.6577,0.33895
1.6582,0.33891
1.6587,0.33909
1.6593,0.33916
1.6598,0.33911
1.6603,0.3389
1.6609,0.33853
1.6614,0.33808
1.6619,0.33767
1.6625,0.3374
1.663,0.33723
1.6635,0.33699
1.6641,0.33668
1.6646,0.33647
1.6651,0.33641
1.6657,0.33637
1.6662,0.33628
1.6667,0.33617
1.6673,0.33609
1.6678,0.33599
1.6683,0.33579
1.6689,0.33551
1.6694,0.33519
1.67,0.33492
1.6705,0.3348
1.671,0.33465
1.6716,0.33433
1.6721,0.33411
1.6726,0.33406
1.6732,0.33391
1.6737,0.33363
1.6743,0.33345
1.6748,0.33328
1.6753,0.33301
1.6759,0.33275
1.6764,0.33254
1.677,0.33235
1.6775,0.33219
1.6781,0.33203
1.6786,0.33181
1.6791,0.33144
1.6797,0.33087
1.6802,0.33026
1.6808,0.32989
1.6813,0.3298
1.6819,0.32972
1.6824,0.32956
1.683,0.3294
1.6835,0.32917
1.6841,0.32893
1.6846,0.32886
1.6851,0.32889
1.6857,0.32883
1.6862,0.32868
1.6868,0.3285
1.6873,0.32831
1.6879,0.3281
1.6884,0.32774
1.689,0.32729
1.6895,0.32699
1.6901,0.3268
1.6906,0.32653
1.6912,0.32622
1.6917,0.32591
1.6923,0.32556
1.6929,0.32536
1.6934,0.32544
1.694,0.32562
1.6945,0.32571
1.6951,0.32558
1.6956,0.3251
1.6962,0.32453
1.6967,0.32431
1.6973,0.32449
1.6978,0.32474
1.6984,0.3247
1.699,0.3243
1.6995,0.32394
1.7001,0.32393
1.7006,0.32393
1.7012,0.32359
1.7017,0.32307
1.7023,0.32267
1.7029,0.32241
1.7034,0.32233
1.704,0.32237
1.7045,0.32228
1.7051,0.32196
1.7057,0.32161
1.7062,0.32152
1.7068,0.32168
1.7073,0.32157
1.7079,0.32106
1.7085,0.32067
1.709,0.32069
1.7096,0.32072
1.7102,0.32038
1.7107,0.31988
1.7113,0.31957
1.7119,0.31942
1.7124,0.31929
1.713,0.31907
1.7135,0.31864
1.7141,0.31824
1.7147,0.31827
1.7153,0.31852
1.7158,0.31845
1.7164,0.31804
1.717,0.31765
1.7175,0.31744
1.7181,0.31743
1.7187,0.31764
1.7192,0.31787
1.7198,0.31781
1.7204,0.3174
1.7209,0.31696
1.7215,0.31668
1.7221,0.31637
1.7227,0.316
1.7232,0.31588
1.7238,0.31592
1.7244,0.31568
1.725,0.31514
1.7255,0.31466
1.7261,0.31445
1.7267,0.31455
1.7272,0.31476
1.7278,0.31488
1.7284,0.31491
1.729,0.31486
1.7296,0.31469
1.7301,0.31444
1.7307,0.31423
1.7313,0.31409
1.7319,0.31397
1.7324,0.31373
1.733,0.31342
1.7336,0.31336
1.7342,0.31355
1.7348,0.31353
1.7353,0.31329
1.7359,0.31321
1.7365,0.31334
1.7371,0.31331
1.7377,0.31309
1.7383,0.31292
1.7388,0.31279
1.7394,0.31259
1.74,0.31237
1.7406,0.31221
1.7412,0.31201
1.7418,0.31184
1.7423,0.31185
1.7429,0.31194
1.7435,0.31187
1.7441,0.31155
1.7447,0.31115
1.7453,0.31084
1.7459,0.31067
1.7464,0.31058
1.747,0.31059
1.7476,0.31068
1.7482,0.31068
1.7488,0.31046
1.7494,0.31025
1.75,0.31033
1.7506,0.3105
1.7512,0.31042
1.7518,0.31022
1.7524,0.31016
1.7529,0.31011
1.7535,0.30987
1.7541,0.30957
1.7547,0.3093
1.7553,0.30908
1.7559,0.3089
1.7565,0.30877
1.7571,0.30864
1.7577,0.30847
1.7583,0.30818
1.7589,0.30776
1.7595,0.30746
1.7601,0.30742
1.7607,0.30745
1.7613,0.30738
1.7619,0.30731
1.7625,0.30727
1.7631,0.30723
1.7637,0.30725
1.7643,0.30725
1.7649,0.30709
1.7655,0.3069
1.7661,0.30695
1.7667,0.30714
1.7673,0.30707
1.7679,0.30668
1.7685,0.30627
1.7691,0.30593
1.7697,0.30569
1.7703,0.30559
1.7709,0.30564
1.7715,0.30572
1.7721,0.30559
1.7727,0.30526
1.7733,0.30499
1.7739,0.3048
1.7745,0.30464
1.7751,0.30477
1.7758,0.30516
1.7764,0.30525
1.777,0.30493
1.7776,0.3047
1.7782,0.30479
1.7788,0.30485
1.7794,0.30456
1.78,0.30413
1.7806,0.30391
1.7812,0.30395
1.7819,0.30408
1.7825,0.30423
1.7831,0.30427
1.7837,0.30404
1.7843,0.30379
1.7849,0.30378
1.7855,0.30384
1.7862,0.30371
1.7868,0.30337
1.7874,0.30304
1.788,0.30301
1.7886,0.30311
1.7892,0.30301
1.7899,0.30286
1.7905,0.30282
1.7911,0.30279
1.7917,0.30282
1.7923,0.30293
1.7929,0.30301
1.7936,0.303
1.7942,0.30284
1.7948,0.3025
1.7954,0.30219
1.7961,0.30211
1.7967,0.30231
1.7973,0.30258
1.7979,0.30258
1.7985,0.3022
1.7992,0.30188
1.7998,0.30181
1.8004,0.30178
1.801,0.30177
1.8017,0.30183
1.8023,0.30183
1.8029,0.30183
1.8036,0.30188
1.8042,0.30187
1.8048,0.30175
1.8054,0.30157
1.8061,0.30133
1.8067,0.30108
1.8073,0.30099
1.808,0.30111
1.8086,0.30125
1.8092,0.30131
1.8098,0.30142
1.8105,0.30159
1.8111,0.30159
1.8117,0.30142
1.8124,0.30124
1.813,0.3011
1.8136,0.30102
1.8143,0.30097
1.8149,0.30083
1.8155,0.30067
1.8162,0.30062
1.8168,0.30058
1.8175,0.30054
1.8181,0.30067
1.8187,0.30089
1.8194,0.3011
1.82,0.30134
1.8206,0.30136
1.8213,0.30113
1.8219,0.30095
1.8226,0.30085
1.8232,0.30067
1.8238,0.30059
1.8245,0.30075
1.8251,0.30096
1.8258,0.30105
1.8264,0.30106
1.8271,0.30108
1.8277,0.30098
1.8284,0.30071
1.829,0.30053
1.8296,0.30055
1.8303,0.30056
1.8309,0.30046
1.8316,0.3004
1.8322,0.30045
1.8329,0.30062
1.8335,0.30083
1.8342,0.30084
1.8348,0.30051
1.8355,0.30021
1.8361,0.30041
1.8368,0.30093
1.8374,0.30126
1.8381,0.30124
1.8387,0.30112
1.8394,0.30109
1.84,0.30105
1.8407,0.30099
1.8413,0.30114
1.842,0.30157
1.8426,0.30187
1.8433,0.30171
1.844,0.30134
1.8446,0.30114
1.8453,0.30116
1.8459,0.30133
1.8466,0.30158
1.8472,0.30174
1.8479,0.30169
1.8486,0.30154
1.8492,0.3015
1.8499,0.30159
1.8505,0.30164
1.8512,0.30165
1.8519,0.30174
1.8525,0.30191
1.8532,0.30199
1.8538,0.30192
1.8545,0.30184
1.8552,0.30194
1.8558,0.3021
1.8565,0.30214
1.8572,0.30207
1.8578,0.30203
1.8585,0.30204
1.8592,0.30222
1.8598,0.30252
1.8605,0.30268
1.8612,0.3026
1.8618,0.30237
1.8625,0.30214
1.8632,0.30213
1.8638,0.30238
1.8645,0.30274
1.8652,0.30303
1.8659,0.30322
1.8665,0.30329
1.8672,0.30327
1.8679,0.30319
1.8685,0.30309
1.8692,0.30315
1.8699,0.30335
1.8706,0.30346
1.8712,0.30353
1.8719,0.30364
1.8726,0.30365
1.8733,0.30361
1.8739,0.30373
1.8746,0.30392
1.8753,0.30412
1.876,0.30435
1.8767,0.3045
1.8773,0.30445
1.878,0.30438
1.8787,0.30444
1.8794,0.30454
1.8801,0.30461
1.8807,0.30475
1.8814,0.30486
1.8821,0.30486
1.8828,0.30493
1.8835,0.30502
1.8842,0.30494
1.8848,0.30486
1.8855,0.30511
1.8862,0.30551
1.8869,0.30576
1.8876,0.3058
1.8883,0.30574
1.889,0.30571
1.8897,0.30584
1.8903,0.30608
1.891,0.30625
1.8917,0.30628
1.8924,0.30632
1.8931,0.30643
1.8938,0.30646
1.8945,0.3065
1.8952,0.30676
1.8959,0.30702
1.8966,0.30703
1.8973,0.30687
1.898,0.30677
1.8986,0.30673
1.8993,0.3067
1.9,0.30669
1.9007,0.30673
1.9014,0.30682
1.9021,0.30697
1.9028,0.3072
1.9035,0.30749
1.9042,0.30767
1.9049,0.30779
1.9056,0.30793
1.9063,0.30795
1.907,0.30783
1.9077,0.30788
1.9084,0.30796
1.9091,0.30798
1.9098,0.30824
1.9105,0.30864
1.9112,0.30883
1.9119,0.30903
1.9127,0.30936
1.9134,0.3096
1.9141,0.30985
1.9148,0.31044
1.9155,0.31108
1.9162,0.31139
1.9169,0.3114
1.9176,0.31133
1.9183,0.31133
1.919,0.31143
1.9197,0.31154
1.9204,0.31163
1.9212,0.31193
1.9219,0.31241
1.9226,0.3128
1.9233,0.31307
1.924,0.3133
1.9247,0.31352
1.9254,0.31371
1.9262,0.31388
1.9269,0.31403
1.9276,0.3142
1.9283,0.31437
1.929,0.31449
1.9297,0.31458
1.9305,0.31472
1.9312,0.31501
1.9319,0.3154
1.9326,0.31562
1.9333,0.31563
1.9341,0.31565
1.9348,0.31591
1.9355,0.31621
1.9362,0.31644
1.9369,0.31663
1.9377,0.31678
1.9384,0.31695
1.9391,0.31733
1.9398,0.31776
1.9406,0.31801
1.9413,0.31825
1.942,0.31859
1.9428,0.31875
1.9435,0.31883
1.9442,0.31893
1.9449,0.31901
1.9457,0.31909
1.9464,0.31927
1.9471,0.3196
1.9479,0.32001
1.9486,0.32038
1.9493,0.32059
1.9501,0.32086
1.9508,0.32122
1.9515,0.32146
1.9523,0.32153
1.953,0.32171
1.9537,0.32202
1.9545,0.32231
1.9552,0.32256
1.9559,0.32292
1.9567,0.32347
1.9574,0.32394
1.9582,0.32396
1.9589,0.32376
1.9596,0.32394
1.9604,0.32443
1.9611,0.3249
1.9619,0.32526
1.9626,0.32543
1.9633,0.32552
1.9641,0.32572
1.9648,0.32599
1.9656,0.32624
1.9663,0.32661
1.9671,0.3271
1.9678,0.32754
1.9686,0.32777
1.9693,0.32792
1.9701,0.32823
1.9708,0.32872
1.9716,0.32915
1.9723,0.3294
1.9731,0.32967
1.9738,0.3301
1.9746,0.33061
1.9753,0.33103
1.9761,0.33116
1.9768,0.33117
1.9776,0.33137
1.9783,0.33169
1.9791,0.33194
1.9798,0.33215
1.9806,0.33241
1.9814,0.33277
1.9821,0.33333
1.9829,0.33393
1.9836,0.33433
1.9844,0.33457
1.9851,0.33471
1.9859,0.33488
1.9867,0.33527
1.9874,0.33578
1.9882,0.3362
1.989,0.3365
1.9897,0.33675
1.9905,0.33707
1.9912,0.33748
1.992,0.33786
1.9928,0.33815
1.9935,0.33852
1.9943,0.33892
1.9951,0.33921
1.9958,0.33942
1.9966,0.33971
1.9974,0.34004
1.9982,0.34039
1.9989,0.3408
1.9997,0.3413
2.0005,0.3419
2.0012,0.34243
2.002,0.34283
2.0028,0.34311
2.0036,0.34337
2.0043,0.34375
2.0051,0.34426
2.0059,0.34468
2.0067,0.34505
2.0074,0.34555
2.0082,0.34606
2.009,0.34657
2.0098,0.34715
2.0105,0.34763
2.0113,0.34789
2.0121,0.34815
2.0129,0.34858
2.0137,0.3491
2.0145,0.34952
2.0152,0.34983
2.016,0.35006
2.0168,0.3502
2.0176,0.3503
2.0184,0.35057
2.0192,0.35104
2.0199,0.35155
2.0207,0.35213
2.0215,0.35268
2.0223,0.35301
2.0231,0.35333
2.0239,0.35392
2.0247,0.35463
2.0255,0.35514
2.0263,0.35551
2.0271,0.35594
2.0278,0.35646
2.0286,0.357
2.0294,0.35753
2.0302,0.358
2.031,0.3584
2.0318,0.35875
2.0326,0.35921
2.0334,0.35978
2.0342,0.36031
2.035,0.36069
2.0358,0.36097
2.0366,0.36131
2.0374,0.36176
2.0382,0.36223
2.039,0.36279
2.0398,0.36337
2.0406,0.36374
2.0414,0.36401
2.0422,0.3644
2.043,0.36477
2.0438,0.36521
2.0446,0.36597
2.0454,0.36687
2.0463,0.3675
2.0471,0.36789
2.0479,0.36831
2.0487,0.36872
2.0495,0.36909
2.0503,0.36942
2.0511,0.36984
2.0519,0.37042
2.0527,0.37106
2.0535,0.37164
2.0544,0.37225
2.0552,0.37291
2.056,0.37361
2.0568,0.37429
2.0576,0.37489
2.0584,0.37533
2.0593,0.37574
2.0601,0.37617
2.0609,0.37657
2.0617,0.37691
2.0625,0.37724
2.0634,0.37758
2.0642,0.37798
2.065,0.37862
2.0658,0.37949
2.0666,0.38054
2.0675,0.38143
2.0683,0.38194
2.0691,0.38227
2.0699,0.38258
2.0708,0.38296
2.0716,0.38344
2.0724,0.38406
2.0733,0.38467
2.0741,0.38519
2.0749,0.38575
2.0757,0.38632
2.0766,0.38697
2.0774,0.38775
2.0782,0.3884
2.0791,0.38879
2.0799,0.38918
2.0807,0.38964
2.0816,0.39002
2.0824,0.39042
2.0832,0.39099
2.0841,0.39168
2.0849,0.39225
2.0858,0.39262
2.0866,0.39306
2.0874,0.39369
2.0883,0.39417
2.0891,0.39451
2.09,0.39516
2.0908,0.39609
2.0917,0.39696
2.0925,0.39769
2.0933,0.39836
2.0942,0.39886
2.095,0.39921
2.0959,0.39956
2.0967,0.39998
2.0976,0.40055
2.0984,0.40112
2.0993,0.40165
2.1001,0.40226
2.101,0.40298
2.1018,0.40369
2.1027,0.40449
2.1035,0.40523
2.1044,0.4059
2.1052,0.40644
2.1061,0.40676
2.1069,0.40708
2.1078,0.40764
2.1087,0.40842
2.1095,0.40923
2.1104,0.40995
2.1112,0.41068
2.1121,0.41152
2.113,0.41238
2.1138,0.41323
2.1147,0.41404
2.1155,0.41471
2.1164,0.41529
2.1173,0.41596
2.1181,0.41674
2.119,0.41761
2.1199,0.41829
2.1207,0.41878
2.1216,0.41924
2.1225,0.41979
2.1233,0.42032
2.1242,0.42096
2.1251,0.4218
2.126,0.42249
2.1268,0.42313
2.1277,0.4238
2.1286,0.42445
2.1294,0.42499
2.1303,0.42561
2.1312,0.42638
2.1321,0.42714
2.133,0.42792
2.1338,0.4286
2.1347,0.42927
2.1356,0.43003
2.1365,0.4308
2.1373,0.43153
2.1382,0.43233
2.1391,0.43311
2.14,0.43384
2.1409,0.43457
2.1418,0.43524
2.1426,0.43573
2.1435,0.43619
2.1444,0.43687
2.1453,0.43765
2.1462,0.43831
2.1471,0.43886
2.148,0.43936
2.1489,0.43964
2.1498,0.44006
2.1506,0.44087
2.1515,0.44176
2.1524,0.44241
2.1533,0.44299
2.1542,0.44367
2.1551,0.44439
2.156,0.44503
2.1569,0.44556
2.1578,0.44589
2.1587,0.44626
2.1596,0.44706
2.1605,0.44806
2.1614,0.44893
2.1623,0.44961
2.1632,0.45023
2.1641,0.45093
2.165,0.45161
2.1659,0.45235
2.1668,0.45306
2.1677,0.45374
2.1686,0.4542
2.1695,0.45444
2.1704,0.45472
2.1714,0.45523
2.1723,0.45598
2.1732,0.4568
2.1741,0.45749
2.175,0.45805
2.1759,0.4587
2.1768,0.45942
2.1777,0.46004
2.1787,0.4606
2.1796,0.46117
2.1805,0.46174
2.1814,0.46242
2.1823,0.46317
2.1832,0.46386
2.1842,0.4647
2.1851,0.46572
2.186,0.46643
2.1869,0.467
2.1878,0.46759
2.1888,0.46808
2.1897,0.46831
2.1906,0.46861
2.1916,0.46912
2.1925,0.46968
2.1934,0.47022
2.1943,0.47076
2.1953,0.47134
2.1962,0.47201
2.1971,0.47273
2.1981,0.4735
2.199,0.47437
2.1999,0.47522
2.2008,0.47578
2.2018,0.47621
2.2027,0.47685
2.2037,0.4776
2.2046,0.47822
2.2055,0.47872
2.2065,0.47931
2.2074,0.48002
2.2083,0.48056
2.2093,0.48109
2.2102,0.48195
2.2112,0.48277
2.2121,0.48315
2.2131,0.48347
2.214,0.48405
2.215,0.48486
2.2159,0.4856
2.2168,0.4862
2.2178,0.48652
2.2187,0.48685
2.2197,0.48736
2.2206,0.48798
2.2216,0.48861
2.2225,0.48926
2.2235,0.49004
2.2245,0.49087
2.2254,0.49154
2.2264,0.49203
2.2273,0.49253
2.2283,0.49302
2.2292,0.49341
2.2302,0.49389
2.2312,0.4946
2.2321,0.49524
2.2331,0.49573
2.234,0.49614
2.235,0.49657
2.236,0.49678
2.2369,0.49677
2.2379,0.497
2.2389,0.49772
2.2398,0.4984
2.2408,0.49859
2.2418,0.49861
2.2427,0.49877
2.2437,0.49909
2.2447,0.49951
2.2456,0.49997
2.2466,0.5003
2.2476,0.50055
2.2486,0.50089
2.2495,0.50133
2.2505,0.5018
2.2515,0.50223
2.2525,0.50253
2.2535,0.50283
2.2544,0.50345
2.2554,0.50427
2.2564,0.50497
2.2574,0.50551
2.2584,0.50598
2.2593,0.50648
2.2603,0.50698
2.2613,0.5075
2.2623,0.50804
2.2633,0.50846
2.2643,0.50868
2.2653,0.5089
2.2663,0.50937
2.2672,0.50998
2.2682,0.5106
2.2692,0.5113
2.2702,0.51178
2.2712,0.51208
2.2722,0.51242
2.2732,0.51282
2.2742,0.51308
2.2752,0.51335
2.2762,0.51384
2.2772,0.51446
2.2782,0.51506
2.2792,0.51555
2.2802,0.51576
2.2812,0.5159
2.2822,0.51605
2.2832,0.51627
2.2842,0.51653
2.2852,0.51665
2.2862,0.51637
2.2873,0.516
2.2883,0.51558
2.2893,0.515
2.2903,0.51476
2.2913,0.51503
2.2923,0.51525
2.2933,0.515
2.2943,0.51478
2.2954,0.51476
2.2964,0.51481
2.2974,0.51496
2.2984,0.51515
2.2994,0.51514
2.3004,0.51521
2.3015,0.51555
2.3025,0.51572
2.3035,0.51538
2.3045,0.51494
2.3056,0.51485
2.3066,0.5148
2.3076,0.51464
2.3086,0.51455
2.3097,0.51449
2.3107,0.51449
2.3117,0.5145
2.3128,0.51454
2.3138,0.51453
2.3148,0.51447
2.3159,0.51462
2.3169,0.51492
2.3179,0.51546
2.319,0.51599
2.32,0.51646
2.321,0.51678
2.3221,0.51716
2.3231,0.51773
2.3242,0.51839
2.3252,0.51904
2.3262,0.51948
2.3273,0.52008
2.3283,0.52071
2.3294,0.52137
2.3304,0.52214
2.3315,0.52297
2.3325,0.52393
2.3336,0.5248
2.3346,0.52535
2.3357,0.52605
2.3367,0.52707
2.3378,0.528
2.3388,0.52862
2.3399,0.52922
2.341,0.52985
2.342,0.53049
2.3431,0.53113
2.3441,0.53183
2.3452,0.53252
2.3462,0.53311
2.3473,0.53358
2.3484,0.53411
2.3494,0.53475
2.3505,0.53535
2.3516,0.53585
2.3526,0.53628
2.3537,0.53691
2.3548,0.53765
2.3558,0.53814
2.3569,0.53841
2.358,0.53884
2.3591,0.53938
2.3601,0.53989
2.3612,0.54017
2.3623,0.54049
2.3634,0.54076
2.3644,0.54115
2.3655,0.54177
2.3666,0.54233
2.3677,0.54264
2.3688,0.5428
2.3698,0.54303
2.3709,0.54328
2.372,0.54332
2.3731,0.54306
2.3742,0.54287
2.3753,0.5429
2.3764,0.54308
2.3774,0.54343
2.3785,0.54386
2.3796,0.54403
2.3807,0.54395
2.3818,0.54371
2.3829,0.54355
2.384,0.5437
2.3851,0.54393
2.3862,0.544
2.3873,0.54384
2.3884,0.54352
2.3895,0.54329
2.3906,0.54337
2.3917,0.54365
2.3928,0.5441
2.3939,0.54455
2.395,0.54475
2.3961,0.54508
2.3972,0.54572
2.3983,0.54627
2.3994,0.54636
2.4006,0.54652
2.4017,0.54707
2.4028,0.54787
2.4039,0.54876
2.405,0.54964
2.4061,0.55007
2.4072,0.55035
2.4084,0.55084
2.4095,0.55132
2.4106,0.55158
2.4117,0.55162
2.4128,0.55165
2.414,0.55183
2.4151,0.55214
2.4162,0.55255
2.4173,0.55296
2.4185,0.5533
2.4196,0.55371
2.4207,0.55413
2.4219,0.55419
2.423,0.55415
2.4241,0.5543
2.4253,0.55457
2.4264,0.55498
2.4275,0.55513
2.4287,0.5552
2.4298,0.55541
2.4309,0.55548
2.4321,0.55528
2.4332,0.55508
2.4344,0.55481
2.4355,0.5548
2.4367,0.55482
2.4378,0.55474
2.4389,0.55463
2.4401,0.55444
2.4412,0.55444
2.4424,0.5547
2.4435,0.555
2.4447,0.55509
2.4458,0.55523
2.447,0.55477
2.4482,0.55452
2.4493,0.55482
2.4505,0.55513
2.4516,0.55501
2.4528,0.55447
2.454,0.5547
2.4551,0.55517
2.4563,0.55531
2.4574,0.55527
2.4586,0.55517
2.4598,0.55513
2.4609,0.55531
2.4621,0.55554
2.4633,0.55563
2.4645,0.55585
2.4656,0.55585
2.4668,0.55621
2.468,0.55634
2.4691,0.55636
2.4703,0.55636
2.4715,0.55634
2.4727,0.55634
2.4739,0.55686
2.475,0.55668
2.4762,0.55611
2.4774,0.55654
2.4786,0.55702
2.4798,0.55654
2.481,0.5564
2.4821,0.55666
2.4833,0.5574
2.4845,0.55754
2.4857,0.55754
2.4869,0.55782
2.4881,0.55741
2.4893,0.5588
2.4905,0.55845
2.4917,0.55804
2.4929,0.55874
2.4929,0.55705
2.4941,0.55779
2.4953,0.55958
2.4965,0.56112
2.4977,0.56198
2.4989,0.56323
2.5001,0.56479
2.5013,0.5648
2.5025,0.56284
2.5037,0.56107
2.5049,0.56114
2.5061,0.56249
2.5074,0.56344
2.5086,0.56301
2.5098,0.56199
2.511,0.56188
2.5122,0.56284
2.5134,0.56372
2.5146,0.56379
2.5159,0.56299
2.5171,0.56184
2.5183,0.5614
2.5195,0.56193
2.5208,0.56209
2.522,0.56144
2.5232,0.56149
2.5244,0.56261
2.5257,0.56362
2.5269,0.56457
2.5281,0.56553
2.5294,0.56526
2.5306,0.56411
2.5318,0.56371
2.5331,0.5637
2.5343,0.5632
2.5356,0.5627
2.5368,0.56269
2.538,0.56325
2.5393,0.56387
2.5405,0.56348
2.5418,0.56263
2.543,0.56297
2.5443,0.56402
2.5455,0.56398
2.5468,0.56266
2.548,0.56148
2.5493,0.56143
2.5505,0.56176
2.5518,0.56176
2.553,0.56258
2.5543,0.56472
2.5555,0.56631
2.5568,0.56596
2.5581,0.56446
2.5593,0.5635
2.5606,0.56435
2.5619,0.56588
2.5631,0.56575
2.5644,0.56445
2.5657,0.56433
2.5669,0.56542
2.5682,0.56587
2.5695,0.56508
2.5708,0.56467
2.572,0.56602
2.5733,0.56772
2.5746,0.56796
2.5759,0.56776
2.5771,0.56818
2.5784,0.56819
2.5797,0.56761
2.581,0.56725
2.5823,0.56689
2.5836,0.56653
2.5848,0.56708
2.5861,0.56856
2.5874,0.57008
2.5887,0.57079
2.59,0.57034
2.5913,0.56934
2.5926,0.56879
2.5939,0.56877
2.5952,0.56916
2.5965,0.5703
2.5978,0.57164
2.5991,0.57192
2.6004,0.571
