KC_OPX_lvn_6,
W,R
0.4501,0.21494
0.45026,0.21827
0.45042,0.2077
0.45057,0.19312
0.45073,0.20482
0.45089,0.22987
0.45104,0.22519
0.4512,0.21316
0.45136,0.20796
0.45152,0.20005
0.45167,0.20757
0.45183,0.21473
0.45199,0.21751
0.45215,0.22231
0.4523,0.21989
0.45246,0.2165
0.45262,0.21081
0.45278,0.21358
0.45294,0.23098
0.45309,0.23489
0.45325,0.21756
0.45341,0.20639
0.45357,0.21066
0.45373,0.21014
0.45389,0.20669
0.45405,0.2066
0.45421,0.21573
0.45436,0.22637
0.45452,0.21924
0.45468,0.21634
0.45484,0.22619
0.455,0.22384
0.45516,0.21088
0.45532,0.2074
0.45548,0.20922
0.45564,0.20309
0.4558,0.19466
0.45596,0.1857
0.45612,0.18757
0.45628,0.20363
0.45644,0.21209
0.4566,0.20924
0.45677,0.20384
0.45693,0.2062
0.45709,0.20811
0.45725,0.19904
0.45741,0.19639
0.45757,0.20502
0.45773,0.20684
0.4579,0.20502
0.45806,0.20409
0.45822,0.19701
0.45838,0.19414
0.45854,0.19624
0.45871,0.19757
0.45887,0.20613
0.45903,0.2099
0.45919,0.20723
0.45936,0.20413
0.45952,0.19731
0.45968,0.19128
0.45984,0.19233
0.46001,0.19686
0.46017,0.20134
0.46033,0.21122
0.4605,0.21242
0.46066,0.20586
0.46083,0.20548
0.46099,0.20934
0.46115,0.21423
0.46132,0.21728
0.46148,0.2209
0.46165,0.22424
0.46181,0.2151
0.46197,0.20031
0.46214,0.19878
0.4623,0.20768
0.46247,0.21167
0.46263,0.21546
0.4628,0.215
0.46296,0.20906
0.46313,0.20874
0.4633,0.20296
0.46346,0.20299
0.46363,0.21697
0.46379,0.21651
0.46396,0.20442
0.46412,0.2018
0.46429,0.20896
0.46446,0.21857
0.46462,0.22457
0.46479,0.22031
0.46496,0.21526
0.46512,0.21954
0.46529,0.21806
0.46546,0.21125
0.46563,0.21098
0.46579,0.21196
0.46596,0.20983
0.46613,0.21198
0.4663,0.21964
0.46646,0.2201
0.46663,0.21951
0.4668,0.22387
0.46697,0.22612
0.46714,0.22535
0.4673,0.22303
0.46747,0.22204
0.46764,0.21559
0.46781,0.20808
0.46798,0.21324
0.46815,0.22094
0.46832,0.22436
0.46849,0.2244
0.46866,0.22506
0.46883,0.22597
0.46899,0.2237
0.46916,0.2257
0.46933,0.22545
0.4695,0.22075
0.46967,0.21971
0.46984,0.22034
0.47001,0.222
0.47019,0.22238
0.47036,0.22245
0.47053,0.22888
0.4707,0.23129
0.47087,0.22804
0.47104,0.23026
0.47121,0.22872
0.47138,0.2268
0.47155,0.22863
0.47173,0.2275
0.4719,0.23087
0.47207,0.23223
0.47224,0.22801
0.47241,0.225
0.47259,0.22556
0.47276,0.22982
0.47293,0.22847
0.4731,0.22524
0.47328,0.22652
0.47345,0.22894
0.47362,0.23041
0.47379,0.22678
0.47397,0.22022
0.47414,0.21726
0.47431,0.21991
0.47449,0.22478
0.47466,0.22912
0.47484,0.22884
0.47501,0.22582
0.47518,0.22472
0.47536,0.22524
0.47553,0.22519
0.47571,0.2173
0.47588,0.21244
0.47606,0.21755
0.47623,0.21775
0.47641,0.21768
0.47658,0.22373
0.47676,0.22788
0.47693,0.22558
0.47711,0.22039
0.47728,0.21927
0.47746,0.22101
0.47763,0.22199
0.47781,0.22404
0.47799,0.22538
0.47816,0.22281
0.47834,0.22025
0.47852,0.21946
0.47869,0.2182
0.47887,0.21811
0.47905,0.22158
0.47922,0.22507
0.4794,0.224
0.47958,0.22344
0.47976,0.22769
0.47993,0.23144
0.48011,0.23187
0.48029,0.23058
0.48047,0.22961
0.48065,0.22648
0.48082,0.22028
0.481,0.22021
0.48118,0.22217
0.48136,0.21671
0.48154,0.21818
0.48172,0.22523
0.4819,0.2238
0.48208,0.22182
0.48225,0.22244
0.48243,0.22365
0.48261,0.22477
0.48279,0.22241
0.48297,0.22453
0.48315,0.22846
0.48333,0.22392
0.48351,0.22086
0.48369,0.22426
0.48387,0.22918
0.48406,0.23449
0.48424,0.23371
0.48442,0.22927
0.4846,0.22867
0.48478,0.22814
0.48496,0.23036
0.48514,0.23417
0.48532,0.23267
0.48551,0.2305
0.48569,0.23297
0.48587,0.23796
0.48605,0.23754
0.48623,0.23425
0.48642,0.23276
0.4866,0.22836
0.48678,0.22825
0.48697,0.2347
0.48715,0.2359
0.48733,0.23208
0.48751,0.23189
0.4877,0.23698
0.48788,0.239
0.48807,0.23461
0.48825,0.23251
0.48843,0.23437
0.48862,0.23604
0.4888,0.23777
0.48899,0.2373
0.48917,0.23387
0.48935,0.23491
0.48954,0.23849
0.48972,0.23908
0.48991,0.2391
0.49009,0.23783
0.49028,0.23707
0.49047,0.23713
0.49065,0.23723
0.49084,0.238
0.49102,0.23717
0.49121,0.23732
0.4914,0.23789
0.49158,0.23675
0.49177,0.23604
0.49195,0.23608
0.49214,0.23697
0.49233,0.23946
0.49252,0.24306
0.4927,0.24213
0.49289,0.23666
0.49308,0.23284
0.49327,0.23431
0.49345,0.23853
0.49364,0.24021
0.49383,0.24068
0.49402,0.23837
0.49421,0.23584
0.49439,0.23634
0.49458,0.23907
0.49477,0.24466
0.49496,0.24406
0.49515,0.2403
0.49534,0.23898
0.49553,0.23777
0.49572,0.24042
0.49591,0.24088
0.4961,0.23839
0.49629,0.23785
0.49648,0.2372
0.49667,0.23726
0.49686,0.23754
0.49705,0.23675
0.49724,0.2352
0.49743,0.23536
0.49762,0.23749
0.49781,0.2414
0.498,0.24326
0.49819,0.23786
0.49839,0.23442
0.49858,0.23843
0.49877,0.24262
0.49896,0.24265
0.49915,0.24057
0.49935,0.23999
0.49954,0.23941
0.49973,0.2377
0.49992,0.23553
0.50012,0.23503
0.50031,0.23847
0.5005,0.24215
0.5007,0.24185
0.50089,0.23848
0.50108,0.23635
0.50128,0.23746
0.50147,0.23958
0.50166,0.23985
0.50186,0.23885
0.50205,0.23833
0.50225,0.23783
0.50244,0.23999
0.50264,0.24325
0.50283,0.24127
0.50303,0.23911
0.50322,0.2417
0.50342,0.24429
0.50361,0.24377
0.50381,0.24025
0.50401,0.23907
0.5042,0.242
0.5044,0.24339
0.50459,0.24433
0.50479,0.24493
0.50499,0.24327
0.50518,0.2423
0.50538,0.24074
0.50558,0.24005
0.50577,0.24194
0.50597,0.24215
0.50617,0.24059
0.50637,0.23965
0.50657,0.24128
0.50676,0.24465
0.50696,0.24549
0.50716,0.24293
0.50736,0.24127
0.50756,0.24294
0.50776,0.2445
0.50795,0.2438
0.50815,0.24358
0.50835,0.24518
0.50855,0.24468
0.50875,0.24234
0.50895,0.2415
0.50915,0.2398
0.50935,0.23945
0.50955,0.24155
0.50975,0.24285
0.50995,0.2442
0.51015,0.24534
0.51035,0.24568
0.51056,0.24476
0.51076,0.24553
0.51096,0.24894
0.51116,0.24861
0.51136,0.2464
0.51156,0.24579
0.51177,0.24594
0.51197,0.24627
0.51217,0.24584
0.51237,0.24607
0.51257,0.2464
0.51278,0.24542
0.51298,0.24476
0.51318,0.24523
0.51339,0.24509
0.51359,0.24404
0.51379,0.24644
0.514,0.2508
0.5142,0.25101
0.51441,0.24998
0.51461,0.25002
0.51481,0.2492
0.51502,0.24904
0.51522,0.24906
0.51543,0.24851
0.51563,0.24842
0.51584,0.24801
0.51604,0.24718
0.51625,0.24593
0.51645,0.24671
0.51666,0.24951
0.51687,0.25042
0.51707,0.25076
0.51728,0.25115
0.51749,0.25012
0.51769,0.24943
0.5179,0.2496
0.51811,0.24982
0.51831,0.25099
0.51852,0.25288
0.51873,0.25412
0.51894,0.2548
0.51914,0.25374
0.51935,0.25152
0.51956,0.25276
0.51977,0.25666
0.51998,0.25648
0.52018,0.25425
0.52039,0.25561
0.5206,0.25563
0.52081,0.25387
0.52102,0.25365
0.52123,0.25328
0.52144,0.25463
0.52165,0.25692
0.52186,0.25824
0.52207,0.25839
0.52228,0.25633
0.52249,0.25656
0.5227,0.25908
0.52291,0.25882
0.52312,0.25623
0.52333,0.25432
0.52355,0.25551
0.52376,0.25754
0.52397,0.25841
0.52418,0.25888
0.52439,0.25748
0.52461,0.25614
0.52482,0.25708
0.52503,0.25842
0.52524,0.25976
0.52546,0.26061
0.52567,0.26042
0.52588,0.25964
0.5261,0.2578
0.52631,0.25731
0.52652,0.25923
0.52674,0.25904
0.52695,0.25742
0.52717,0.25822
0.52738,0.25994
0.5276,0.26026
0.52781,0.25963
0.52802,0.25887
0.52824,0.25809
0.52846,0.25921
0.52867,0.26129
0.52889,0.26042
0.5291,0.25914
0.52932,0.26076
0.52953,0.26205
0.52975,0.26159
0.52997,0.26169
0.53018,0.26154
0.5304,0.26099
0.53062,0.26066
0.53084,0.26006
0.53105,0.26057
0.53127,0.26013
0.53149,0.25954
0.53171,0.26085
0.53192,0.26143
0.53214,0.26331
0.53236,0.26487
0.53258,0.26383
0.5328,0.26284
0.53302,0.26119
0.53324,0.26044
0.53346,0.26151
0.53368,0.26148
0.5339,0.2616
0.53412,0.26272
0.53434,0.26224
0.53456,0.2622
0.53478,0.26371
0.535,0.26393
0.53522,0.26371
0.53544,0.26325
0.53566,0.2629
0.53588,0.26281
0.5361,0.26249
0.53633,0.26324
0.53655,0.26261
0.53677,0.26115
0.53699,0.26129
0.53722,0.26153
0.53744,0.26234
0.53766,0.26329
0.53788,0.26341
0.53811,0.26269
0.53833,0.26173
0.53855,0.26215
0.53878,0.26231
0.539,0.26094
0.53923,0.26062
0.53945,0.26254
0.53968,0.26446
0.5399,0.26389
0.54013,0.26212
0.54035,0.26135
0.54058,0.26062
0.5408,0.25959
0.54103,0.26
0.54125,0.26209
0.54148,0.26359
0.54171,0.26397
0.54193,0.26404
0.54216,0.26272
0.54239,0.26176
0.54261,0.26262
0.54284,0.26304
0.54307,0.26351
0.54329,0.2642
0.54352,0.26405
0.54375,0.26394
0.54398,0.26433
0.54421,0.26462
0.54444,0.26443
0.54466,0.26485
0.54489,0.2664
0.54512,0.26655
0.54535,0.26563
0.54558,0.26617
0.54581,0.26625
0.54604,0.26445
0.54627,0.26357
0.5465,0.2648
0.54673,0.2654
0.54696,0.26458
0.54719,0.26427
0.54742,0.26507
0.54766,0.26692
0.54789,0.26731
0.54812,0.26612
0.54835,0.26671
0.54858,0.26758
0.54881,0.26693
0.54905,0.2661
0.54928,0.26685
0.54951,0.26778
0.54975,0.26684
0.54998,0.26674
0.55021,0.26738
0.55045,0.26684
0.55068,0.26626
0.55091,0.26591
0.55115,0.26662
0.55138,0.26894
0.55162,0.27041
0.55185,0.26983
0.55209,0.26928
0.55232,0.26983
0.55256,0.27013
0.55279,0.27
0.55303,0.26983
0.55327,0.26914
0.5535,0.26881
0.55374,0.26934
0.55397,0.26958
0.55421,0.26919
0.55445,0.26885
0.55469,0.26926
0.55492,0.26986
0.55516,0.27043
0.5554,0.27154
0.55564,0.2719
0.55588,0.27107
0.55611,0.2705
0.55635,0.27019
0.55659,0.26983
0.55683,0.27047
0.55707,0.27116
0.55731,0.27089
0.55755,0.2714
0.55779,0.27244
0.55803,0.27267
0.55827,0.27269
0.55851,0.27247
0.55875,0.27208
0.55899,0.27296
0.55923,0.27368
0.55947,0.27237
0.55972,0.27153
0.55996,0.27203
0.5602,0.27181
0.56044,0.27077
0.56068,0.27066
0.56093,0.27172
0.56117,0.27224
0.56141,0.27271
0.56166,0.27304
0.5619,0.27261
0.56214,0.27286
0.56239,0.27362
0.56263,0.27417
0.56287,0.27482
0.56312,0.27533
0.56336,0.27495
0.56361,0.27454
0.56385,0.27446
0.5641,0.27395
0.56435,0.27407
0.56459,0.27424
0.56484,0.27428
0.56508,0.27481
0.56533,0.27472
0.56558,0.27504
0.56582,0.27544
0.56607,0.27517
0.56632,0.2755
0.56657,0.27551
0.56681,0.27516
0.56706,0.27533
0.56731,0.27559
0.56756,0.27557
0.56781,0.27549
0.56805,0.2766
0.5683,0.27799
0.56855,0.27815
0.5688,0.27816
0.56905,0.27803
0.5693,0.27729
0.56955,0.27733
0.5698,0.27834
0.57005,0.2779
0.5703,0.27645
0.57056,0.27636
0.57081,0.27673
0.57106,0.2775
0.57131,0.27816
0.57156,0.27768
0.57181,0.27803
0.57207,0.2787
0.57232,0.27851
0.57257,0.27859
0.57282,0.27873
0.57308,0.27873
0.57333,0.27889
0.57358,0.27887
0.57384,0.27878
0.57409,0.27858
0.57435,0.27823
0.5746,0.27837
0.57486,0.27849
0.57511,0.27865
0.57537,0.27914
0.57562,0.27893
0.57588,0.27884
0.57613,0.27957
0.57639,0.27992
0.57665,0.27971
0.5769,0.27967
0.57716,0.2802
0.57742,0.28084
0.57767,0.28087
0.57793,0.28046
0.57819,0.2808
0.57845,0.28168
0.57871,0.28118
0.57896,0.28038
0.57922,0.28076
0.57948,0.28075
0.57974,0.28055
0.58,0.28114
0.58026,0.28162
0.58052,0.28167
0.58078,0.28186
0.58104,0.28206
0.5813,0.28177
0.58156,0.28149
0.58182,0.28142
0.58208,0.28139
0.58235,0.28175
0.58261,0.28202
0.58287,0.28187
0.58313,0.28192
0.58339,0.2829
0.58366,0.28369
0.58392,0.28355
0.58418,0.28396
0.58445,0.28416
0.58471,0.28371
0.58497,0.28397
0.58524,0.28431
0.5855,0.28397
0.58577,0.28352
0.58603,0.2838
0.5863,0.2845
0.58656,0.2851
0.58683,0.28508
0.58709,0.28435
0.58736,0.28396
0.58763,0.2842
0.58789,0.28451
0.58816,0.2849
0.58843,0.28548
0.58869,0.28549
0.58896,0.28505
0.58923,0.28533
0.5895,0.28594
0.58976,0.28611
0.59003,0.28597
0.5903,0.28619
0.59057,0.28648
0.59084,0.28645
0.59111,0.28658
0.59138,0.28661
0.59165,0.28636
0.59192,0.28626
0.59219,0.28713
0.59246,0.28825
0.59273,0.28809
0.593,0.28788
0.59327,0.288
0.59354,0.28757
0.59382,0.28726
0.59409,0.28753
0.59436,0.28784
0.59463,0.28772
0.59491,0.28795
0.59518,0.28827
0.59545,0.2878
0.59573,0.28799
0.596,0.28887
0.59627,0.28897
0.59655,0.2886
0.59682,0.28872
0.5971,0.28947
0.59737,0.2897
0.59765,0.28902
0.59792,0.2887
0.5982,0.28914
0.59848,0.28922
0.59875,0.28879
0.59903,0.28899
0.59931,0.28965
0.59958,0.28977
0.59986,0.2895
0.60014,0.28944
0.60042,0.28945
0.6007,0.28967
0.60097,0.29022
0.60125,0.29072
0.60153,0.29077
0.60181,0.2901
0.60209,0.28981
0.60237,0.28995
0.60265,0.28985
0.60293,0.29034
0.60321,0.29098
0.60349,0.29105
0.60377,0.29073
0.60405,0.29055
0.60434,0.29114
0.60462,0.29148
0.6049,0.29128
0.60518,0.29116
0.60547,0.29091
0.60575,0.29074
0.60603,0.29095
0.60631,0.29143
0.6066,0.29169
0.60688,0.29135
0.60717,0.29104
0.60745,0.29135
0.60774,0.29188
0.60802,0.29239
0.60831,0.29288
0.60859,0.29316
0.60888,0.2931
0.60916,0.29309
0.60945,0.29358
0.60974,0.29395
0.61002,0.29367
0.61031,0.29297
0.6106,0.29255
0.61089,0.29293
0.61117,0.29365
0.61146,0.29412
0.61175,0.29397
0.61204,0.29341
0.61233,0.2933
0.61262,0.29351
0.61291,0.29338
0.6132,0.29354
0.61349,0.29419
0.61378,0.29447
0.61407,0.29438
0.61436,0.29427
0.61465,0.29446
0.61494,0.29471
0.61524,0.29467
0.61553,0.29459
0.61582,0.29481
0.61611,0.29543
0.61641,0.29554
0.6167,0.2952
0.61699,0.29519
0.61729,0.2953
0.61758,0.29546
0.61787,0.29573
0.61817,0.29608
0.61846,0.29621
0.61876,0.29674
0.61905,0.29742
0.61935,0.29749
0.61965,0.2973
0.61994,0.29701
0.62024,0.2971
0.62054,0.29746
0.62083,0.29749
0.62113,0.29723
0.62143,0.29718
0.62173,0.2976
0.62203,0.29789
0.62232,0.29809
0.62262,0.29826
0.62292,0.29814
0.62322,0.29799
0.62352,0.29823
0.62382,0.29855
0.62412,0.29853
0.62442,0.29868
0.62472,0.29917
0.62502,0.29948
0.62533,0.29913
0.62563,0.29887
0.62593,0.29892
0.62623,0.29889
0.62654,0.29883
0.62684,0.29908
0.62714,0.29948
0.62744,0.29936
0.62775,0.29974
0.62805,0.30022
0.62836,0.30013
0.62866,0.29989
0.63544,0.30271
0.63575,0.30211
0.63607,0.30254
0.63638,0.30248
0.63669,0.30256
0.637,0.30272
0.63732,0.30321
0.63763,0.30352
0.63794,0.30331
0.63826,0.30325
0.63857,0.30323
0.63889,0.30379
0.6392,0.30385
0.63952,0.30364
0.63983,0.3034
0.64015,0.30341
0.64046,0.30396
0.64078,0.30385
0.6411,0.30397
0.64142,0.30419
0.64173,0.3043
0.64205,0.30448
0.64237,0.30476
0.64269,0.30505
0.64301,0.30495
0.64333,0.30512
0.64364,0.30515
0.64396,0.30511
0.64428,0.30515
0.64461,0.30492
0.64493,0.30505
0.64525,0.30541
0.64557,0.30561
0.64589,0.30567
0.64621,0.30606
0.64653,0.30642
0.64686,0.30645
0.64718,0.30636
0.6475,0.30608
0.64783,0.30598
0.64815,0.30606
0.64847,0.30628
0.6488,0.30668
0.64912,0.3069
0.64945,0.30664
0.64978,0.30667
0.6501,0.30702
0.65043,0.30689
0.65075,0.30683
0.65108,0.30711
0.65141,0.30763
0.65173,0.30792
0.65206,0.30795
0.65239,0.30826
0.65272,0.30845
0.65305,0.30865
0.65338,0.3088
0.65371,0.30879
0.65404,0.30871
0.65437,0.30862
0.6547,0.30874
0.65503,0.30891
0.65536,0.30909
0.65569,0.30905
0.65602,0.30928
0.65635,0.3097
0.65669,0.30989
0.65702,0.31007
0.65735,0.3102
0.65769,0.31041
0.65802,0.31042
0.65836,0.31029
0.65869,0.31026
0.65902,0.3102
0.65936,0.31048
0.6597,0.31089
0.66003,0.31112
0.66037,0.31118
0.6607,0.31108
0.66104,0.31093
0.66138,0.31102
0.66172,0.3115
0.66205,0.3115
0.66239,0.31141
0.66273,0.31182
0.66307,0.31204
0.66341,0.31223
0.66375,0.31242
0.66409,0.3124
0.66443,0.31254
0.66477,0.3126
0.66511,0.31248
0.66545,0.31259
0.66579,0.3129
0.66614,0.31304
0.66648,0.31297
0.66682,0.31314
0.66716,0.31328
0.66751,0.31317
0.66785,0.3132
0.6682,0.31349
0.66854,0.31397
0.66889,0.31424
0.66923,0.3143
0.66958,0.31434
0.66992,0.31435
0.67027,0.31464
0.67062,0.31472
0.67096,0.31448
0.67131,0.31451
0.67166,0.31466
0.67201,0.3148
0.67236,0.31494
0.6727,0.31494
0.67305,0.31486
0.6734,0.31483
0.67375,0.31517
0.6741,0.31562
0.67445,0.3158
0.67481,0.31601
0.67516,0.31611
0.67551,0.31599
0.67586,0.31608
0.67621,0.31644
0.67657,0.31677
0.67692,0.31701
0.67727,0.31721
0.67763,0.31729
0.67798,0.31722
0.67834,0.31721
0.67869,0.31743
0.67905,0.31769
0.6794,0.3178
0.67976,0.31778
0.68012,0.31788
0.68047,0.31807
0.68083,0.31825
0.68119,0.31838
0.68155,0.31845
0.6819,0.31858
0.68226,0.31879
0.68262,0.31886
0.68298,0.31889
0.68334,0.31913
0.6837,0.31939
0.68406,0.31954
0.68443,0.31958
0.68479,0.31961
0.68515,0.31976
0.68551,0.31991
0.68587,0.31996
0.68624,0.31995
0.6866,0.31995
0.68696,0.32027
0.68733,0.32066
0.68769,0.32077
0.68806,0.32073
0.68842,0.32076
0.68879,0.32092
0.68916,0.32088
0.68952,0.32084
0.68989,0.32103
0.69026,0.32099
0.69062,0.32082
0.69099,0.32097
0.69136,0.32137
0.69173,0.32169
0.6921,0.3218
0.69247,0.32176
0.69284,0.3217
0.69321,0.32186
0.69358,0.32212
0.69395,0.32226
0.69432,0.32223
0.6947,0.32228
0.69507,0.32252
0.69544,0.32267
0.69581,0.3227
0.69619,0.32265
0.69656,0.32276
0.69694,0.32283
0.69731,0.32267
0.69769,0.32285
0.69806,0.32329
0.69844,0.32347
0.69881,0.32345
0.69919,0.32347
0.69957,0.32351
0.69995,0.32371
0.70032,0.32394
0.7007,0.32395
0.70108,0.32402
0.70146,0.32404
0.70184,0.32405
0.70222,0.32426
0.7026,0.32454
0.70298,0.32468
0.70336,0.32467
0.70375,0.32471
0.70413,0.32467
0.70451,0.32462
0.70489,0.32483
0.70528,0.3251
0.70566,0.32519
0.70605,0.32512
0.70643,0.32523
0.70682,0.32546
0.7072,0.32547
0.70759,0.32546
0.70797,0.32565
0.70836,0.32589
0.70875,0.32614
0.70914,0.32621
0.70952,0.32591
0.70991,0.32607
0.7103,0.32654
0.71069,0.32656
0.71108,0.32646
0.71147,0.32639
0.71186,0.32636
0.71225,0.3265
0.71265,0.3267
0.71304,0.32685
0.71343,0.3269
0.71382,0.32694
0.71422,0.32695
0.71461,0.32714
0.715,0.3274
0.7154,0.32746
0.71579,0.32739
0.71619,0.32724
0.71658,0.32723
0.71698,0.3274
0.71738,0.32753
0.71777,0.32749
0.71817,0.3275
0.71857,0.32763
0.71897,0.32758
0.71937,0.32768
0.71977,0.3279
0.72017,0.32792
0.72057,0.32796
0.72097,0.32806
0.72137,0.32808
0.72177,0.32802
0.72217,0.32798
0.72258,0.328
0.72298,0.32803
0.72338,0.32804
0.72379,0.32798
0.72419,0.32806
0.7246,0.32825
0.725,0.32814
0.72541,0.32798
0.72581,0.328
0.72622,0.32791
0.72663,0.32786
0.72703,0.32797
0.72744,0.32798
0.72785,0.32792
0.72826,0.32794
0.72867,0.32795
0.72908,0.32782
0.72949,0.32782
0.7299,0.32797
0.73031,0.32797
0.73072,0.32787
0.73113,0.3277
0.73155,0.32769
0.73196,0.32777
0.73237,0.32766
0.73279,0.32766
0.7332,0.32783
0.73362,0.32794
0.73403,0.32784
0.73445,0.32774
0.73486,0.32785
0.73528,0.32785
0.7357,0.32777
0.73612,0.32775
0.73653,0.3277
0.73695,0.32756
0.73737,0.32733
0.73779,0.32718
0.73821,0.32705
0.73863,0.32694
0.73905,0.32683
0.73948,0.32674
0.7399,0.32681
0.74032,0.32677
0.74074,0.32653
0.74117,0.32637
0.74159,0.32639
0.74202,0.32644
0.74244,0.32637
0.74287,0.32617
0.74329,0.32596
0.74372,0.32584
0.74415,0.32578
0.74457,0.32565
0.745,0.32549
0.74543,0.32534
0.74586,0.32532
0.74629,0.32521
0.74672,0.32483
0.74715,0.32449
0.74758,0.32429
0.74801,0.3242
0.74844,0.32414
0.74887,0.32394
0.74931,0.3237
0.74974,0.32349
0.75017,0.32341
0.75061,0.32323
0.75104,0.32281
0.75148,0.32248
0.75191,0.32227
0.75235,0.32206
0.75279,0.32185
0.75323,0.3217
0.75366,0.32149
0.7541,0.32117
0.75454,0.32094
0.75498,0.32064
0.75542,0.32032
0.75586,0.32022
0.7563,0.32015
0.75674,0.31998
0.75719,0.31967
0.75763,0.31937
0.75807,0.31914
0.75851,0.3188
0.75896,0.31838
0.7594,0.31808
0.75985,0.31787
0.76029,0.31753
0.76074,0.3171
0.76119,0.31674
0.76163,0.31661
0.76208,0.31653
0.76253,0.31629
0.76298,0.31582
0.76343,0.31531
0.76388,0.31503
0.76433,0.31473
0.76478,0.31438
0.76523,0.31406
0.76568,0.31361
0.76614,0.31316
0.76659,0.31298
0.76704,0.31292
0.7675,0.31251
0.76795,0.3119
0.76841,0.31149
0.76886,0.31117
0.76932,0.3108
0.76977,0.31029
0.77023,0.30984
0.77069,0.30951
0.77115,0.30912
0.77161,0.30868
0.77207,0.30823
0.77253,0.30774
0.77299,0.30724
0.77345,0.30678
0.77391,0.30615
0.77437,0.30554
0.77484,0.3052
0.7753,0.30485
0.77576,0.30434
0.77623,0.30383
0.77669,0.30338
0.77716,0.30284
0.77762,0.3023
0.77809,0.30191
0.77856,0.3015
0.77903,0.30098
0.7795,0.30025
0.77996,0.29957
0.78043,0.29914
0.7809,0.29865
0.78138,0.29791
0.78185,0.29715
0.78232,0.29665
0.78279,0.29626
0.78326,0.29579
0.78374,0.29528
0.78421,0.29466
0.78469,0.29408
0.78516,0.29362
0.78564,0.29318
0.78611,0.29267
0.78659,0.29212
0.78707,0.29157
0.78755,0.29091
0.78803,0.29015
0.7885,0.28935
0.78898,0.28871
0.78946,0.28805
0.78995,0.28728
0.79043,0.28664
0.79091,0.28611
0.79139,0.28563
0.79188,0.2851
0.79236,0.28457
0.79284,0.28392
0.79333,0.28315
0.79382,0.28244
0.7943,0.28177
0.79479,0.28125
0.79528,0.2807
0.79576,0.27998
0.79625,0.27922
0.79674,0.27851
0.79723,0.27786
0.79772,0.27713
0.79822,0.27636
0.79871,0.27574
0.7992,0.27512
0.79969,0.27456
0.80019,0.27411
0.80068,0.27362
0.80117,0.27303
0.80167,0.27245
0.80217,0.2717
0.80266,0.27085
0.80316,0.27025
0.80366,0.26965
0.80416,0.26892
0.80466,0.26819
0.80516,0.26745
0.80566,0.26672
0.80616,0.26604
0.80666,0.26539
0.80716,0.26474
0.80766,0.26403
0.80817,0.26326
0.80867,0.26246
0.80918,0.26168
0.80968,0.26086
0.81019,0.26015
0.81069,0.25954
0.8112,0.25882
0.81171,0.258
0.81222,0.25725
0.81273,0.2565
0.81324,0.25573
0.81375,0.25506
0.81426,0.25437
0.81477,0.25363
0.81528,0.25297
0.8158,0.25225
0.81631,0.25132
0.81682,0.25041
0.81734,0.24975
0.81786,0.24912
0.81837,0.24827
0.81889,0.24738
0.81941,0.24676
0.81992,0.24613
0.82044,0.24533
0.82096,0.24454
0.82148,0.24373
0.822,0.24281
0.82253,0.24185
0.82305,0.24104
0.82357,0.24046
0.82409,0.23982
0.82462,0.23903
0.82514,0.23821
0.82567,0.23733
0.8262,0.23649
0.82672,0.23573
0.82725,0.23481
0.82778,0.23386
0.82831,0.2331
0.82884,0.23235
0.82937,0.23164
0.8299,0.23093
0.83043,0.23009
0.83096,0.22929
0.8315,0.22854
0.83203,0.22773
0.83256,0.22703
0.8331,0.22635
0.83363,0.22545
0.83417,0.22457
0.83471,0.22397
0.83525,0.22333
0.83578,0.22245
0.83632,0.2216
0.83686,0.22086
0.8374,0.22016
0.83794,0.21952
0.83849,0.21891
0.83903,0.21821
0.83957,0.21736
0.84012,0.21663
0.84066,0.21604
0.84121,0.21532
0.84175,0.21454
0.8423,0.21383
0.84285,0.21321
0.8434,0.21245
0.84395,0.21155
0.8445,0.21081
0.84505,0.21016
0.8456,0.20957
0.84615,0.20893
0.8467,0.20817
0.84726,0.20745
0.84781,0.20683
0.84836,0.20618
0.84892,0.20548
0.84948,0.20488
0.85003,0.20421
0.85059,0.20336
0.85115,0.20264
0.85171,0.20203
0.85227,0.20149
0.85283,0.20089
0.85339,0.20027
0.85395,0.19969
0.85452,0.19899
0.85508,0.19824
0.85564,0.19761
0.85621,0.19701
0.85678,0.19637
0.85734,0.19589
0.85791,0.19541
0.85848,0.19468
0.85905,0.19397
0.85962,0.19333
0.86019,0.19276
0.86076,0.19233
0.86133,0.19185
0.8619,0.19132
0.86248,0.19073
0.86305,0.19015
0.86362,0.18961
0.8642,0.1891
0.86478,0.1886
0.86535,0.18804
0.86593,0.18746
0.86651,0.18694
0.86709,0.18645
0.86767,0.18595
0.86825,0.18543
0.86883,0.18491
0.86942,0.1844
0.87,0.18387
0.87058,0.1834
0.87117,0.18296
0.87176,0.18248
0.87234,0.18203
0.87293,0.18156
0.87352,0.18111
0.87411,0.18068
0.8747,0.18025
0.87529,0.17979
0.87588,0.17936
0.87647,0.17899
0.87706,0.17859
0.87766,0.17821
0.87825,0.17787
0.87885,0.17748
0.87944,0.17707
0.88004,0.17673
0.88064,0.17639
0.88124,0.17597
0.88184,0.17554
0.88244,0.17518
0.88304,0.17485
0.88364,0.17451
0.88424,0.17416
0.88485,0.17383
0.88545,0.17351
0.88606,0.17318
0.88666,0.17279
0.88727,0.17247
0.88788,0.17218
0.88849,0.17186
0.8891,0.17155
0.88971,0.17124
0.89032,0.17088
0.89093,0.17055
0.89154,0.17024
0.89215,0.16993
0.89277,0.16964
0.89338,0.16937
0.894,0.16909
0.89462,0.16883
0.89524,0.16857
0.89585,0.16835
0.89647,0.16812
0.89709,0.1679
0.89772,0.1677
0.89834,0.1675
0.89896,0.16728
0.89958,0.16706
0.90021,0.16689
0.90083,0.16672
0.90146,0.16652
0.90209,0.16632
0.90272,0.16615
0.90335,0.16602
0.90398,0.1659
0.90461,0.16575
0.90524,0.1656
0.90587,0.16546
0.9065,0.1653
0.90714,0.16514
0.90777,0.16499
0.90841,0.16485
0.90905,0.16473
0.90968,0.16463
0.91032,0.16456
0.91096,0.16449
0.9116,0.1644
0.91225,0.1643
0.91289,0.16423
0.91353,0.16419
0.91418,0.16415
0.91482,0.16407
0.91547,0.16396
0.91611,0.16392
0.91676,0.16389
0.91741,0.16383
0.91806,0.16374
0.91871,0.16369
0.91936,0.16371
0.92001,0.16373
0.92067,0.16374
0.92132,0.16377
0.92198,0.16378
0.92263,0.1638
0.92329,0.16383
0.92395,0.16387
0.92461,0.16394
0.92527,0.16401
0.92593,0.1641
0.92659,0.16417
0.92725,0.16425
0.92792,0.16436
0.92858,0.16447
0.92925,0.16454
0.92991,0.16463
0.93058,0.1648
0.93125,0.16499
0.93192,0.16515
0.93259,0.16529
0.93326,0.16548
0.93393,0.16565
0.93461,0.16578
0.93528,0.16593
0.93596,0.1661
0.93663,0.16627
0.93731,0.16647
0.93799,0.16667
0.93867,0.16686
0.93935,0.16708
0.94003,0.16732
0.94071,0.16754
0.9414,0.16775
0.94208,0.16797
0.94276,0.16821
0.94345,0.16845
0.94414,0.16872
0.94483,0.16901
0.94551,0.16931
0.94621,0.16963
0.9469,0.16996
0.94759,0.17032
0.94828,0.17068
0.94898,0.17106
0.94967,0.17144
0.95037,0.1718
0.95106,0.17215
0.95176,0.17252
0.95246,0.17291
0.95316,0.17333
0.95386,0.17377
0.95457,0.17423
0.95527,0.17465
0.95597,0.17507
0.95668,0.1755
0.95739,0.17595
0.95809,0.1764
0.9588,0.17687
0.95951,0.17734
0.96022,0.17783
0.96094,0.17831
0.96165,0.17879
0.96236,0.1793
0.96308,0.17982
0.96379,0.18033
0.96451,0.18086
0.96523,0.1814
0.96595,0.18192
0.96667,0.18248
0.96739,0.18305
0.96811,0.18359
0.96883,0.1841
0.96956,0.18467
0.97029,0.18526
0.97101,0.18582
0.97174,0.1864
0.97247,0.187
0.9732,0.18762
0.97393,0.18826
0.97466,0.18894
0.9754,0.18962
0.97613,0.19027
0.97687,0.1909
0.9776,0.19154
0.97834,0.1922
0.97908,0.19289
0.97982,0.19363
0.98056,0.19439
0.9813,0.19514
0.98205,0.19588
0.98279,0.19664
0.98354,0.19738
0.98428,0.19811
0.98503,0.19886
0.98578,0.19962
0.98653,0.20036
0.98728,0.20114
0.98803,0.20192
0.98879,0.20268
0.98954,0.20347
0.9903,0.2043
0.99106,0.20513
0.99181,0.20596
0.99257,0.20678
0.99333,0.2076
0.9941,0.20843
0.99486,0.20929
0.99562,0.21021
0.99639,0.21112
0.99715,0.21201
0.99792,0.21291
0.99869,0.21378
0.99946,0.21464
1.0002,0.2155
1.001,0.21637
1.0018,0.21729
1.0026,0.21822
1.0033,0.21915
1.0041,0.2201
1.0047,0.22076
1.0049,0.22064
1.0051,0.22073
1.0053,0.22106
1.0055,0.22157
1.0057,0.22214
1.0059,0.22248
1.0061,0.22257
1.0062,0.22259
1.0064,0.22259
1.0066,0.22278
1.0068,0.22317
1.007,0.22346
1.0072,0.22364
1.0074,0.22395
1.0076,0.22437
1.0078,0.22479
1.008,0.22507
1.0082,0.22521
1.0084,0.22554
1.0086,0.22594
1.0088,0.2258
1.009,0.22541
1.0092,0.22552
1.0094,0.22605
1.0096,0.22648
1.0098,0.22673
1.01,0.22698
1.0102,0.22739
1.0104,0.22788
1.0106,0.22824
1.0108,0.22855
1.011,0.22882
1.0112,0.22888
1.0114,0.2289
1.0115,0.22905
1.0117,0.22918
1.0119,0.22929
1.0121,0.22964
1.0123,0.23028
1.0125,0.23086
1.0127,0.23085
1.0129,0.23055
1.0131,0.23071
1.0133,0.23125
1.0135,0.2317
1.0137,0.23219
1.0139,0.2327
1.0141,0.2328
1.0143,0.23262
1.0145,0.23256
1.0147,0.23258
1.0149,0.23256
1.0151,0.23272
1.0153,0.23328
1.0155,0.23397
1.0157,0.23434
1.0159,0.23442
1.0161,0.23466
1.0163,0.23514
1.0165,0.23563
1.0167,0.23605
1.0169,0.23629
1.0171,0.23633
1.0173,0.23634
1.0175,0.2365
1.0177,0.23675
1.0179,0.23702
1.0181,0.23727
1.0183,0.23751
1.0185,0.23783
1.0187,0.23832
1.0189,0.2389
1.0191,0.23932
1.0193,0.23945
1.0195,0.23954
1.0197,0.23973
1.0199,0.23986
1.0201,0.23995
1.0203,0.24023
1.0205,0.24065
1.0207,0.24102
1.0209,0.24144
1.0211,0.24188
1.0213,0.24219
1.0215,0.24231
1.0217,0.24225
1.0219,0.24217
1.0221,0.24238
1.0223,0.24284
1.0225,0.24317
1.0227,0.24341
1.0229,0.24388
1.0231,0.24441
1.0233,0.24455
1.0235,0.24446
1.0237,0.24455
1.0239,0.24479
1.0241,0.24499
1.0243,0.24519
1.0245,0.24548
1.0247,0.24585
1.0249,0.24628
1.0251,0.24671
1.0254,0.24704
1.0256,0.24721
1.0258,0.24736
1.026,0.24764
1.0262,0.24795
1.0264,0.24814
1.0266,0.24834
1.0268,0.24867
1.027,0.24892
1.0272,0.24901
1.0274,0.24924
1.0276,0.24975
1.0278,0.25034
1.028,0.25089
1.0282,0.25125
1.0284,0.25122
1.0286,0.25102
1.0288,0.25107
1.029,0.25145
1.0292,0.25197
1.0294,0.25243
1.0296,0.25272
1.0298,0.25302
1.03,0.25346
1.0302,0.25372
1.0304,0.25368
1.0307,0.25371
1.0309,0.25394
1.0311,0.25403
1.0313,0.25405
1.0315,0.25436
1.0317,0.25488
1.0319,0.25529
1.0321,0.25566
1.0323,0.25613
1.0325,0.25649
1.0327,0.25658
1.0329,0.25657
1.0331,0.25671
1.0333,0.25698
1.0335,0.25723
1.0337,0.25748
1.0339,0.25782
1.0341,0.2581
1.0344,0.25825
1.0346,0.25848
1.0348,0.25879
1.035,0.25908
1.0352,0.25949
1.0354,0.25993
1.0356,0.26009
1.0358,0.26009
1.036,0.26025
1.0362,0.26057
1.0364,0.26099
1.0366,0.26142
1.0368,0.26157
1.037,0.26166
1.0372,0.26207
1.0375,0.26248
1.0377,0.26255
1.0379,0.26265
1.0381,0.26307
1.0383,0.26362
1.0385,0.26403
1.0387,0.26427
1.0389,0.26456
1.0391,0.26495
1.0393,0.26516
1.0395,0.26517
1.0397,0.26526
1.04,0.26547
1.0402,0.26566
1.0404,0.26591
1.0406,0.26621
1.0408,0.26643
1.041,0.26665
1.0412,0.26709
1.0414,0.26754
1.0416,0.26775
1.0418,0.26789
1.042,0.2682
1.0423,0.26855
1.0425,0.269
1.0427,0.26962
1.0429,0.27008
1.0431,0.2702
1.0433,0.27026
1.0435,0.27033
1.0437,0.2704
1.0439,0.27068
1.0441,0.27114
1.0444,0.27153
1.0446,0.27173
1.0448,0.27174
1.045,0.27177
1.0452,0.27214
1.0454,0.27269
1.0456,0.27303
1.0458,0.27313
1.046,0.27316
1.0462,0.27325
1.0465,0.27354
1.0467,0.27408
1.0469,0.27469
1.0471,0.27511
1.0473,0.27524
1.0475,0.27536
1.0477,0.27567
1.0479,0.27608
1.0482,0.27657
1.0484,0.27704
1.0486,0.27717
1.0488,0.27708
1.049,0.27719
1.0492,0.27742
1.0494,0.27763
1.0496,0.27809
1.0498,0.27876
1.0501,0.2792
1.0503,0.2793
1.0505,0.27933
1.0507,0.2794
1.0509,0.2795
1.0511,0.27964
1.0513,0.27984
1.0516,0.28013
1.0518,0.28041
1.052,0.28059
1.0522,0.28086
1.0524,0.28142
1.0526,0.28197
1.0528,0.2821
1.053,0.28205
1.0533,0.28229
1.0535,0.28273
1.0537,0.28301
1.0539,0.2832
1.0541,0.28346
1.0543,0.28378
1.0545,0.28405
1.0548,0.28416
1.055,0.28428
1.0552,0.28469
1.0554,0.28521
1.0556,0.28553
1.0558,0.28576
1.056,0.28603
1.0563,0.28631
1.0565,0.28659
1.0567,0.28676
1.0569,0.28675
1.0571,0.2867
1.0573,0.2868
1.0576,0.28707
1.0578,0.28746
1.058,0.28793
1.0582,0.28838
1.0584,0.28857
1.0586,0.28846
1.0589,0.2885
1.0591,0.28894
1.0593,0.28943
1.0595,0.28967
1.0597,0.28978
1.0599,0.28994
1.0602,0.29013
1.0604,0.29032
1.0606,0.29066
1.0608,0.29116
1.061,0.29156
1.0612,0.29177
1.0615,0.29208
1.0617,0.29245
1.0619,0.2926
1.0621,0.2926
1.0623,0.29263
1.0625,0.29271
1.0628,0.29296
1.063,0.29343
1.0632,0.29386
1.0634,0.2941
1.0636,0.29423
1.0639,0.29444
1.0641,0.29479
1.0643,0.29525
1.0645,0.29568
1.0647,0.29596
1.0649,0.29602
1.0652,0.29592
1.0654,0.29597
1.0656,0.29625
1.0658,0.29654
1.066,0.2968
1.0663,0.29713
1.0665,0.29745
1.0667,0.29769
1.0669,0.29791
1.0671,0.29811
1.0674,0.29828
1.0676,0.29849
1.0678,0.29874
1.068,0.299
1.0682,0.29931
1.0685,0.29964
1.0687,0.29984
1.0689,0.2999
1.0691,0.3
1.0693,0.30026
1.0696,0.30075
1.0698,0.3013
1.07,0.30156
1.0702,0.3016
1.0704,0.30179
1.0707,0.3021
1.0709,0.30234
1.0711,0.3026
1.0713,0.30301
1.0715,0.30343
1.0718,0.30367
1.072,0.30367
1.0722,0.3037
1.0724,0.30401
1.0727,0.3044
1.0729,0.30463
1.0731,0.30482
1.0733,0.30511
1.0735,0.30549
1.0738,0.30587
1.074,0.30601
1.0742,0.30601
1.0744,0.30619
1.0747,0.30652
1.0749,0.30675
1.0751,0.30688
1.0753,0.30695
1.0755,0.30709
1.0758,0.30749
1.076,0.30796
1.0762,0.3082
1.0764,0.30826
1.0767,0.30836
1.0769,0.30859
1.0771,0.30897
1.0773,0.30929
1.0776,0.30945
1.0778,0.3097
1.078,0.31009
1.0782,0.31029
1.0785,0.31025
1.0787,0.31029
1.0789,0.31057
1.0791,0.31093
1.0794,0.31112
1.0796,0.31118
1.0798,0.31132
1.08,0.31164
1.0803,0.31195
1.0805,0.31201
1.0807,0.31188
1.0809,0.31193
1.0812,0.31231
1.0814,0.3127
1.0816,0.31292
1.0818,0.31322
1.0821,0.31371
1.0823,0.31408
1.0825,0.31412
1.0827,0.31403
1.083,0.31415
1.0832,0.31455
1.0834,0.31501
1.0836,0.31532
1.0839,0.31552
1.0841,0.31572
1.0843,0.316
1.0845,0.31629
1.0848,0.3165
1.085,0.31669
1.0852,0.31696
1.0855,0.31719
1.0857,0.3172
1.0859,0.31706
1.0861,0.31713
1.0864,0.31758
1.0866,0.31804
1.0868,0.3181
1.087,0.31803
1.0873,0.31813
1.0875,0.31835
1.0877,0.31859
1.088,0.31885
1.0882,0.31901
1.0884,0.31914
1.0886,0.31946
1.0889,0.31982
1.0891,0.32008
1.0893,0.32038
1.0896,0.3208
1.0898,0.3211
1.09,0.32122
1.0902,0.32141
1.0905,0.32176
1.0907,0.32204
1.0909,0.32212
1.0912,0.32214
1.0914,0.32236
1.0916,0.32275
1.0919,0.32305
1.0921,0.3231
1.0923,0.32305
1.0925,0.32305
1.0928,0.32319
1.093,0.32352
1.0932,0.32382
1.0935,0.32402
1.0937,0.32439
1.0939,0.32486
1.0942,0.32508
1.0944,0.32517
1.0946,0.32535
1.0948,0.3254
1.0951,0.32534
1.0953,0.32548
1.0955,0.32578
1.0958,0.326
1.096,0.32611
1.0962,0.32623
1.0965,0.32645
1.0967,0.32673
1.0969,0.327
1.0972,0.32729
1.0974,0.3275
1.0976,0.32763
1.0979,0.32791
1.0981,0.32824
1.0983,0.32841
1.0986,0.32861
1.0988,0.32892
1.099,0.32909
1.0993,0.32915
1.0995,0.32934
1.0997,0.32961
1.1,0.3298
1.1002,0.3299
1.1004,0.33
1.1007,0.3302
1.1009,0.33044
1.1011,0.33052
1.1014,0.3305
1.1016,0.3306
1.1018,0.33084
1.1021,0.33107
1.1023,0.33125
1.1025,0.33153
1.1028,0.33184
1.103,0.33202
1.1032,0.33217
1.1035,0.33248
1.1037,0.33273
1.1039,0.33277
1.1042,0.33281
1.1044,0.33298
1.1046,0.33322
1.1049,0.33353
1.1051,0.33382
1.1054,0.33398
1.1056,0.33402
1.1058,0.33407
1.1061,0.33409
1.1063,0.33403
1.1065,0.33403
1.1068,0.33425
1.107,0.33449
1.1072,0.33455
1.1075,0.33466
1.1077,0.33496
1.1079,0.33523
1.1082,0.3355
1.1084,0.3359
1.1087,0.33627
1.1089,0.33646
1.1091,0.3365
1.1094,0.33643
1.1096,0.33641
1.1098,0.3365
1.1101,0.33666
1.1103,0.33692
1.1106,0.33718
1.1108,0.33736
1.111,0.33768
1.1113,0.33821
1.1115,0.33851
1.1118,0.33839
1.112,0.33827
1.1122,0.33842
1.1125,0.33877
1.1127,0.33902
1.1129,0.33898
1.1132,0.33885
1.1134,0.3389
1.1137,0.3391
1.1139,0.33938
1.1141,0.33971
1.1144,0.33999
1.1146,0.34017
1.1149,0.3403
1.1151,0.34037
1.1153,0.34048
1.1156,0.34078
1.1158,0.34115
1.1161,0.34124
1.1163,0.34113
1.1165,0.34116
1.1168,0.34146
1.117,0.34174
1.1173,0.3418
1.1175,0.34182
1.1177,0.34196
1.118,0.34202
1.1182,0.34202
1.1185,0.34222
1.1187,0.34259
1.1189,0.34286
1.1192,0.34297
1.1194,0.34306
1.1197,0.34319
1.1199,0.34341
1.1202,0.34374
1.1204,0.34409
1.1206,0.34428
1.1209,0.34431
1.1211,0.34438
1.1214,0.34452
1.1216,0.34457
1.1219,0.34461
1.1221,0.34485
1.1223,0.34519
1.1226,0.34537
1.1228,0.34544
1.1231,0.34559
1.1233,0.34589
1.1236,0.34619
1.1238,0.34627
1.124,0.34617
1.1243,0.34614
1.1245,0.34624
1.1248,0.34635
1.125,0.34646
1.1253,0.34663
1.1255,0.34689
1.1257,0.3471
1.126,0.34718
1.1262,0.34737
1.1265,0.34776
1.1267,0.34801
1.127,0.34795
1.1272,0.34787
1.1275,0.34801
1.1277,0.34828
1.128,0.34854
1.1282,0.34866
1.1284,0.34867
1.1287,0.34869
1.1289,0.34877
1.1292,0.34895
1.1294,0.3492
1.1297,0.34938
1.1299,0.34945
1.1302,0.34949
1.1304,0.34956
1.1307,0.34967
1.1309,0.3499
1.1312,0.35026
1.1314,0.35057
1.1316,0.35063
1.1319,0.35054
1.1321,0.35057
1.1324,0.35074
1.1326,0.35094
1.1329,0.3512
1.1331,0.35153
1.1334,0.35184
1.1336,0.35215
1.1339,0.35245
1.1341,0.35254
1.1344,0.35248
1.1346,0.35252
1.1349,0.35273
1.1351,0.35293
1.1354,0.35307
1.1356,0.35322
1.1359,0.35344
1.1361,0.35362
1.1364,0.35366
1.1366,0.35363
1.1369,0.35369
1.1371,0.35385
1.1374,0.35404
1.1376,0.35423
1.1379,0.35442
1.1381,0.35461
1.1384,0.35478
1.1386,0.35487
1.1389,0.35493
1.1391,0.355
1.1394,0.355
1.1396,0.35494
1.1399,0.35501
1.1401,0.35531
1.1404,0.35569
1.1406,0.35598
1.1409,0.35612
1.1411,0.35616
1.1414,0.35626
1.1416,0.35643
1.1419,0.3566
1.1421,0.35675
1.1424,0.35686
1.1426,0.35701
1.1429,0.35731
1.1431,0.35758
1.1434,0.35766
1.1436,0.35764
1.1439,0.35768
1.1441,0.35772
1.1444,0.35779
1.1446,0.35798
1.1449,0.35819
1.1451,0.35834
1.1454,0.35843
1.1456,0.35849
1.1459,0.35857
1.1462,0.35875
1.1464,0.35907
1.1467,0.35939
1.1469,0.35952
1.1472,0.35947
1.1474,0.35945
1.1477,0.35959
1.1479,0.35979
1.1482,0.36002
1.1484,0.36028
1.1487,0.36046
1.1489,0.36057
1.1492,0.36071
1.1495,0.36088
1.1497,0.3609
1.15,0.36082
1.1502,0.36083
1.1505,0.36102
1.1507,0.36132
1.151,0.36165
1.1512,0.36184
1.1515,0.36176
1.1518,0.3616
1.152,0.36161
1.1523,0.36175
1.1525,0.3619
1.1528,0.36196
1.153,0.36197
1.1533,0.36207
1.1535,0.36224
1.1538,0.36242
1.1541,0.36265
1.1543,0.36292
1.1546,0.36307
1.1548,0.363
1.1551,0.36293
1.1553,0.36315
1.1556,0.3635
1.1559,0.36361
1.1561,0.36351
1.1564,0.36352
1.1566,0.3637
1.1569,0.3639
1.1572,0.36405
1.1574,0.36404
1.1577,0.36395
1.1579,0.36402
1.1582,0.36423
1.1584,0.36437
1.1587,0.36445
1.159,0.3646
1.1592,0.36475
1.1595,0.36488
1.1597,0.36503
1.16,0.36519
1.1603,0.36532
1.1605,0.36539
1.1608,0.36551
1.161,0.36568
1.1613,0.36582
1.1616,0.36594
1.1618,0.36602
1.1621,0.36598
1.1623,0.36593
1.1626,0.3661
1.1629,0.3664
1.1631,0.36663
1.1634,0.36678
1.1636,0.36689
1.1639,0.36696
1.1642,0.36699
1.1644,0.36698
1.1647,0.36698
1.165,0.36707
1.1652,0.36726
1.1655,0.36759
1.1657,0.36787
1.166,0.36786
1.1663,0.3677
1.1665,0.3677
1.1668,0.36788
1.1671,0.36814
1.1673,0.36843
1.1676,0.36859
1.1678,0.36863
1.1681,0.36875
1.1684,0.36897
1.1686,0.36916
1.1689,0.36928
1.1692,0.36939
1.1694,0.36958
1.1697,0.3698
1.1699,0.36989
1.1702,0.36989
1.1705,0.36998
1.1707,0.37022
1.171,0.37045
1.1713,0.37058
1.1715,0.3706
1.1718,0.37054
1.1721,0.37052
1.1723,0.37062
1.1726,0.37087
1.1729,0.37117
1.1731,0.37139
1.1734,0.37151
1.1737,0.37159
1.1739,0.37172
1.1742,0.37185
1.1745,0.37187
1.1747,0.37182
1.175,0.37185
1.1752,0.37191
1.1755,0.37196
1.1758,0.37209
1.176,0.37227
1.1763,0.37232
1.1766,0.3723
1.1769,0.37244
1.1771,0.3727
1.1774,0.37291
1.1777,0.37307
1.1779,0.37322
1.1782,0.37329
1.1785,0.37335
1.1787,0.37353
1.179,0.37376
1.1793,0.37387
1.1795,0.37381
1.1798,0.37369
1.1801,0.37363
1.1803,0.37376
1.1806,0.37394
1.1809,0.37409
1.1811,0.3743
1.1814,0.37455
1.1817,0.37471
1.1819,0.37481
1.1822,0.37493
1.1825,0.37511
1.1828,0.3753
1.183,0.37537
1.1833,0.3753
1.1836,0.37521
1.1838,0.37526
1.1841,0.37555
1.1844,0.37589
1.1846,0.376
1.1849,0.37588
1.1852,0.37583
1.1855,0.37591
1.1857,0.37601
1.186,0.37609
1.1863,0.37619
1.1865,0.37638
1.1868,0.37657
1.1871,0.37664
1.1874,0.37671
1.1876,0.37698
1.1879,0.37732
1.1882,0.37752
1.1884,0.37752
1.1887,0.37744
1.189,0.37743
1.1893,0.3775
1.1895,0.37761
1.1898,0.37785
1.1901,0.37817
1.1904,0.37831
1.1906,0.37829
1.1909,0.37824
1.1912,0.37815
1.1915,0.37805
1.1917,0.37803
1.192,0.3781
1.1923,0.37833
1.1925,0.37864
1.1928,0.37886
1.1931,0.37906
1.1934,0.37922
1.1936,0.37915
1.1939,0.37903
1.1942,0.37916
1.1945,0.37942
1.1947,0.37953
1.195,0.37952
1.1953,0.37956
1.1956,0.37975
1.1958,0.37995
1.1961,0.38002
1.1964,0.38002
1.1967,0.38008
1.197,0.38024
1.1972,0.38043
1.1975,0.38055
1.1978,0.3806
1.1981,0.38075
1.1983,0.38104
1.1986,0.38126
1.1989,0.38139
1.1992,0.38154
1.1994,0.38171
1.1997,0.38184
1.2,0.38191
1.2003,0.38192
1.2006,0.38188
1.2008,0.38192
1.2011,0.38207
1.2014,0.3823
1.2017,0.38249
1.2019,0.38265
1.2022,0.38283
1.2025,0.38304
1.2028,0.38319
1.2031,0.38326
1.2033,0.38336
1.2036,0.38346
1.2039,0.38349
1.2042,0.38347
1.2045,0.38354
1.2047,0.38371
1.205,0.38388
1.2053,0.38403
1.2056,0.38421
1.2059,0.38435
1.2061,0.38438
1.2064,0.38438
1.2067,0.38442
1.207,0.38447
1.2073,0.38449
1.2075,0.3845
1.2078,0.38453
1.2081,0.38465
1.2084,0.38486
1.2087,0.38506
1.209,0.3852
1.2092,0.38529
1.2095,0.38529
1.2098,0.3853
1.2101,0.38539
1.2104,0.38555
1.2106,0.38571
1.2109,0.38589
1.2112,0.3861
1.2115,0.38629
1.2118,0.38638
1.2121,0.38641
1.2123,0.3865
1.2126,0.38663
1.2129,0.3867
1.2132,0.38676
1.2135,0.38689
1.2138,0.38705
1.214,0.3871
1.2143,0.38706
1.2146,0.38705
1.2149,0.38708
1.2152,0.38707
1.2155,0.38707
1.2158,0.38715
1.216,0.38737
1.2163,0.38771
1.2166,0.38798
1.2169,0.38803
1.2172,0.38801
1.2175,0.38814
1.2178,0.38837
1.218,0.3886
1.2183,0.38877
1.2186,0.38885
1.2189,0.38896
1.2192,0.38916
1.2195,0.38927
1.2198,0.38921
1.22,0.38917
1.2203,0.38929
1.2206,0.38947
1.2209,0.38962
1.2212,0.38972
1.2215,0.38982
1.2218,0.38991
1.2221,0.38997
1.2223,0.39002
1.2226,0.39009
1.2229,0.39011
1.2232,0.39011
1.2235,0.39012
1.2238,0.39019
1.2241,0.39035
1.2244,0.39053
1.2247,0.39063
1.2249,0.39073
1.2252,0.39084
1.2255,0.39087
1.2258,0.3909
1.2261,0.39098
1.2264,0.39108
1.2267,0.39122
1.227,0.39138
1.2273,0.39149
1.2276,0.39161
1.2278,0.39178
1.2281,0.39199
1.2284,0.39215
1.2287,0.39213
1.229,0.3921
1.2293,0.39225
1.2296,0.39239
1.2299,0.3925
1.2302,0.3927
1.2305,0.39279
1.2308,0.39272
1.2311,0.39278
1.2313,0.39289
1.2316,0.39288
1.2319,0.39297
1.2322,0.39316
1.2325,0.39319
1.2328,0.39313
1.2331,0.39324
1.2334,0.39352
1.2337,0.39379
1.234,0.39387
1.2343,0.39379
1.2346,0.39375
1.2349,0.39386
1.2352,0.39407
1.2355,0.39428
1.2357,0.3944
1.236,0.39446
1.2363,0.39458
1.2366,0.39466
1.2369,0.39473
1.2372,0.39488
1.2375,0.39503
1.2378,0.39511
1.2381,0.39525
1.2384,0.3954
1.2387,0.39547
1.239,0.39551
1.2393,0.39557
1.2396,0.39568
1.2399,0.39586
1.2402,0.39607
1.2405,0.39625
1.2408,0.39636
1.2411,0.3964
1.2414,0.39642
1.2417,0.39647
1.242,0.39653
1.2423,0.39654
1.2426,0.39649
1.2429,0.39648
1.2432,0.39661
1.2435,0.39679
1.2438,0.39687
1.2441,0.39688
1.2443,0.39688
1.2446,0.39692
1.2449,0.39705
1.2452,0.39722
1.2455,0.39742
1.2458,0.39768
1.2461,0.39787
1.2464,0.39788
1.2467,0.39786
1.247,0.39796
1.2473,0.39811
1.2476,0.39827
1.2479,0.39839
1.2482,0.39856
1.2485,0.3988
1.2488,0.39896
1.2491,0.39897
1.2494,0.39894
1.2497,0.39894
1.25,0.3989
1.2504,0.39889
1.2507,0.39893
1.251,0.39902
1.2513,0.39921
1.2516,0.39941
1.2519,0.39949
1.2522,0.39951
1.2525,0.39958
1.2528,0.39974
1.2531,0.39991
1.2534,0.39996
1.2537,0.39995
1.254,0.40004
1.2543,0.4002
1.2546,0.40029
1.2549,0.40037
1.2552,0.40047
1.2555,0.40057
1.2558,0.40064
1.2561,0.40069
1.2564,0.40079
1.2567,0.401
1.257,0.40117
1.2573,0.40125
1.2576,0.40139
1.2579,0.40156
1.2582,0.40162
1.2585,0.40164
1.2588,0.4017
1.2592,0.40177
1.2595,0.40185
1.2598,0.40203
1.2601,0.40223
1.2604,0.40229
1.2607,0.40217
1.261,0.40205
1.2613,0.40206
1.2616,0.40219
1.2619,0.40236
1.2622,0.40249
1.2625,0.4025
1.2628,0.40248
1.2631,0.40256
1.2635,0.40263
1.2638,0.40258
1.2641,0.40252
1.2644,0.40255
1.2647,0.40259
1.265,0.40262
1.2653,0.40274
1.2656,0.40297
1.2659,0.4031
1.2662,0.40304
1.2665,0.40298
1.2668,0.40304
1.2672,0.40319
1.2675,0.40336
1.2678,0.40348
1.2681,0.40349
1.2684,0.40355
1.2687,0.40374
1.269,0.40386
1.2693,0.40378
1.2696,0.40373
1.2699,0.40388
1.2703,0.40405
1.2706,0.4041
1.2709,0.40414
1.2712,0.40425
1.2715,0.4043
1.2718,0.40428
1.2721,0.40434
1.2724,0.40451
1.2728,0.40469
1.2731,0.40483
1.2734,0.40489
1.2737,0.40483
1.274,0.40476
1.2743,0.40481
1.2746,0.40496
1.2749,0.40508
1.2753,0.40512
1.2756,0.40517
1.2759,0.40526
1.2762,0.40529
1.2765,0.40528
1.2768,0.4054
1.2771,0.40557
1.2775,0.40562
1.2778,0.4056
1.2781,0.40565
1.2784,0.40573
1.2787,0.40583
1.279,0.40594
1.2793,0.40603
1.2797,0.40609
1.28,0.40606
1.2803,0.40598
1.2806,0.40601
1.2809,0.40616
1.2812,0.40625
1.2816,0.40626
1.2819,0.40628
1.2822,0.40634
1.2825,0.40647
1.2828,0.40663
1.2831,0.40671
1.2835,0.40678
1.2838,0.4069
1.2841,0.40696
1.2844,0.4069
1.2847,0.40693
1.2851,0.40709
1.2854,0.40719
1.2857,0.40714
1.286,0.40711
1.2863,0.40718
1.2867,0.4073
1.287,0.40744
1.2873,0.40756
1.2876,0.40761
1.2879,0.4076
1.2882,0.40758
1.2886,0.40758
1.2889,0.40762
1.2892,0.40774
1.2895,0.40787
1.2899,0.40788
1.2902,0.4078
1.2905,0.40778
1.2908,0.40786
1.2911,0.40796
1.2915,0.40809
1.2918,0.40819
1.2921,0.40822
1.2924,0.40828
1.2927,0.40837
1.2931,0.40843
1.2934,0.40847
1.2937,0.4086
1.294,0.40876
1.2944,0.40887
1.2947,0.40893
1.295,0.40889
1.2953,0.40872
1.2957,0.40855
1.296,0.40852
1.2963,0.40871
1.2966,0.40898
1.2969,0.40908
1.2973,0.40899
1.2976,0.40886
1.2979,0.40877
1.2982,0.40872
1.2986,0.4088
1.2989,0.40891
1.2992,0.40887
1.2996,0.40871
1.2999,0.40867
1.3002,0.40883
1.3005,0.40907
1.3009,0.40915
1.3012,0.40903
1.3015,0.40891
1.3018,0.40895
1.3022,0.40906
1.3025,0.40915
1.3028,0.4092
1.3031,0.40925
1.3035,0.40932
1.3038,0.40944
1.3041,0.40956
1.3045,0.40962
1.3048,0.40965
1.3051,0.4097
1.3054,0.40974
1.3058,0.40979
1.3061,0.40987
1.3064,0.40993
1.3068,0.40993
1.3071,0.40991
1.3074,0.40994
1.3077,0.41002
1.3081,0.4101
1.3084,0.41018
1.3087,0.41028
1.3091,0.41034
1.3094,0.41033
1.3097,0.41024
1.3101,0.41016
1.3104,0.41015
1.3107,0.41022
1.3111,0.41033
1.3114,0.41044
1.3117,0.41054
1.312,0.41065
1.3124,0.41073
1.3127,0.41072
1.313,0.41068
1.3134,0.41066
1.3137,0.41064
1.314,0.41061
1.3144,0.41062
1.3147,0.41067
1.315,0.41077
1.3154,0.41089
1.3157,0.41094
1.316,0.41093
1.3164,0.41095
1.3167,0.41103
1.317,0.41109
1.3174,0.41112
1.3177,0.41117
1.318,0.41125
1.3184,0.4113
1.3187,0.41128
1.3191,0.41125
1.3194,0.41131
1.3197,0.41142
1.3201,0.41153
1.3204,0.41169
1.3207,0.41186
1.3211,0.4119
1.3214,0.41181
1.3217,0.41179
1.3221,0.41188
1.3224,0.41199
1.3228,0.41211
1.3231,0.41226
1.3234,0.4123
1.3238,0.41219
1.3241,0.41211
1.3244,0.41214
1.3248,0.41221
1.3251,0.41225
1.3255,0.41224
1.3258,0.41223
1.3261,0.41214
1.3265,0.41197
1.3268,0.41185
1.3272,0.4119
1.3275,0.41201
1.3278,0.41209
1.3282,0.41209
1.3285,0.41206
1.3289,0.41208
1.3292,0.41213
1.3295,0.41209
1.3299,0.41204
1.3302,0.41203
1.3306,0.41201
1.3309,0.41206
1.3312,0.41224
1.3316,0.41237
1.3319,0.41234
1.3323,0.41229
1.3326,0.41223
1.333,0.41213
1.3333,0.41201
1.3336,0.41193
1.334,0.41189
1.3343,0.41188
1.3347,0.41195
1.335,0.41209
1.3354,0.41225
1.3357,0.41239
1.336,0.4125
1.3364,0.41248
1.3367,0.41228
1.3371,0.41208
1.3374,0.41206
1.3378,0.41214
1.3381,0.41218
1.3385,0.41212
1.3388,0.41206
1.3392,0.41208
1.3395,0.4121
1.3398,0.41205
1.3402,0.41204
1.3405,0.41207
1.3409,0.41207
1.3412,0.41199
1.3416,0.41196
1.3419,0.41201
1.3423,0.41204
1.3426,0.41201
1.343,0.41201
1.3433,0.41203
1.3437,0.41192
1.344,0.41177
1.3444,0.4118
1.3447,0.41193
1.3451,0.41195
1.3454,0.41184
1.3458,0.41166
1.3461,0.41147
1.3465,0.41136
1.3468,0.41132
1.3472,0.41126
1.3475,0.4112
1.3479,0.41125
1.3482,0.41127
1.3486,0.41115
1.3489,0.41102
1.3493,0.41103
1.3496,0.41108
1.35,0.41105
1.3503,0.41096
1.3507,0.41091
1.351,0.4109
1.3514,0.4108
1.3517,0.41066
1.3521,0.41061
1.3524,0.4106
1.3528,0.41057
1.3531,0.4106
1.3535,0.41066
1.3538,0.41066
1.3542,0.41066
1.3545,0.41069
1.3549,0.41069
1.3553,0.41066
1.3556,0.41067
1.356,0.41066
1.3563,0.41056
1.3567,0.4104
1.357,0.41026
1.3574,0.41022
1.3577,0.4102
1.3581,0.41013
1.3585,0.41006
1.3588,0.40999
1.3592,0.40991
1.3595,0.40984
1.3599,0.40982
1.3602,0.4099
1.3606,0.40994
1.3609,0.40981
1.3613,0.40962
1.3617,0.4096
1.362,0.40967
1.3624,0.40965
1.3627,0.40956
1.3631,0.40954
1.3635,0.40953
1.3638,0.40951
1.3642,0.40946
1.3645,0.40936
1.3649,0.40921
1.3652,0.40911
1.3656,0.40911
1.366,0.40912
1.3663,0.40909
1.3667,0.40902
1.367,0.40894
1.3674,0.40884
1.3678,0.40878
1.3681,0.40871
1.3685,0.40859
1.3689,0.40843
1.3692,0.40831
1.3696,0.40831
1.3699,0.40837
1.3703,0.40832
1.3707,0.4082
1.371,0.40815
1.3714,0.40818
1.3717,0.4081
1.3721,0.40787
1.3725,0.40763
1.3728,0.40751
1.3732,0.40743
1.3736,0.40732
1.3739,0.40719
1.3743,0.40706
1.3747,0.40694
1.375,0.4069
1.3754,0.40685
1.3758,0.4067
1.3761,0.40653
1.3765,0.40644
1.3768,0.40635
1.3772,0.40619
1.3776,0.40602
1.3779,0.40592
1.3783,0.40583
1.3787,0.40567
1.379,0.40547
1.3794,0.40534
1.3798,0.40527
1.3801,0.40524
1.3805,0.40519
1.3809,0.40508
1.3812,0.40495
1.3816,0.40487
1.382,0.40482
1.3824,0.40468
1.3827,0.40446
1.3831,0.40428
1.3835,0.40422
1.3838,0.40418
1.3842,0.40408
1.3846,0.40399
1.3849,0.40392
1.3853,0.40374
1.3857,0.40347
1.386,0.40319
1.3864,0.40293
1.3868,0.40272
1.3872,0.40267
1.3875,0.40259
1.3879,0.4023
1.3883,0.40187
1.3886,0.40143
1.389,0.40102
1.3894,0.40053
1.3898,0.39983
1.3901,0.39883
1.3905,0.39764
1.3909,0.39645
1.3913,0.39559
1.3916,0.39543
1.392,0.39604
1.3924,0.39696
1.3927,0.39763
1.3931,0.39796
1.3935,0.39813
1.3939,0.39817
1.3942,0.39808
1.3946,0.39792
1.395,0.39773
1.3954,0.39752
1.3957,0.39718
1.3961,0.39653
1.3965,0.39556
1.3969,0.39441
1.3973,0.3934
1.3976,0.39304
1.398,0.39352
1.3984,0.39444
1.3988,0.39526
1.3991,0.39576
1.3995,0.39592
1.3999,0.39586
1.4003,0.3958
1.4006,0.39578
1.401,0.39574
1.4014,0.39566
1.4018,0.3956
1.4022,0.39562
1.4025,0.39564
1.4029,0.39555
1.4033,0.39537
1.4037,0.39505
1.4041,0.39456
1.4044,0.39405
1.4048,0.39386
1.4052,0.3941
1.4056,0.39454
1.406,0.39486
1.4063,0.39502
1.4067,0.39512
1.4071,0.39516
1.4075,0.39511
1.4079,0.39508
1.4083,0.39508
1.4086,0.39503
1.409,0.39494
1.4094,0.39488
1.4098,0.39486
1.4102,0.39488
1.4106,0.39484
1.4109,0.39472
1.4113,0.39464
1.4117,0.39464
1.4121,0.39462
1.4125,0.39455
1.4129,0.39448
1.4132,0.39439
1.4136,0.39425
1.414,0.39409
1.4144,0.39393
1.4148,0.39377
1.4152,0.39362
1.4156,0.39354
1.4159,0.39351
1.4163,0.39352
1.4167,0.39351
1.4171,0.39345
1.4175,0.39337
1.4179,0.39331
1.4183,0.39318
1.4187,0.39295
1.419,0.39274
1.4194,0.3926
1.4198,0.39245
1.4202,0.39232
1.4206,0.39222
1.421,0.3921
1.4214,0.39202
1.4218,0.39206
1.4222,0.39212
1.4226,0.39209
1.4229,0.39197
1.4233,0.39186
1.4237,0.39179
1.4241,0.39174
1.4245,0.39161
1.4249,0.3914
1.4253,0.39119
1.4257,0.39107
1.4261,0.39097
1.4265,0.39078
1.4269,0.39056
1.4273,0.39043
1.4276,0.39036
1.428,0.39022
1.4284,0.39008
1.4288,0.38992
1.4292,0.38975
1.4296,0.38958
1.43,0.38939
1.4304,0.38917
1.4308,0.38903
1.4312,0.38894
1.4316,0.38883
1.432,0.38865
1.4324,0.38847
1.4328,0.38836
1.4332,0.38832
1.4336,0.38823
1.434,0.38801
1.4344,0.38777
1.4348,0.38753
1.4352,0.38723
1.4356,0.38701
1.4359,0.38694
1.4363,0.38692
1.4367,0.38685
1.4371,0.38672
1.4375,0.3866
1.4379,0.38652
1.4383,0.3864
1.4387,0.38624
1.4391,0.3861
1.4395,0.38601
1.4399,0.38589
1.4403,0.38576
1.4407,0.38561
1.4411,0.38544
1.4415,0.38525
1.4419,0.38507
1.4423,0.38488
1.4427,0.38465
1.4431,0.38444
1.4435,0.38426
1.4439,0.38406
1.4443,0.38384
1.4447,0.38368
1.4452,0.38357
1.4456,0.3834
1.446,0.38313
1.4464,0.38283
1.4468,0.38255
1.4472,0.3823
1.4476,0.38207
1.448,0.38186
1.4484,0.3817
1.4488,0.38158
1.4492,0.38147
1.4496,0.38142
1.45,0.38139
1.4504,0.38124
1.4508,0.38096
1.4512,0.38077
1.4516,0.38072
1.452,0.3806
1.4524,0.38038
1.4528,0.38016
1.4533,0.37992
1.4537,0.37967
1.4541,0.37948
1.4545,0.37931
1.4549,0.3791
1.4553,0.37887
1.4557,0.3787
1.4561,0.37853
1.4565,0.3783
1.4569,0.37808
1.4573,0.37793
1.4577,0.37775
1.4582,0.37745
1.4586,0.37713
1.459,0.37692
1.4594,0.37674
1.4598,0.37652
1.4602,0.3763
1.4606,0.37615
1.461,0.37605
1.4614,0.37592
1.4619,0.37571
1.4623,0.37546
1.4627,0.37518
1.4631,0.37487
1.4635,0.37457
1.4639,0.37436
1.4643,0.37426
1.4647,0.3742
1.4652,0.37407
1.4656,0.37383
1.466,0.37364
1.4664,0.37354
1.4668,0.37343
1.4672,0.37323
1.4676,0.37301
1.4681,0.3728
1.4685,0.37256
1.4689,0.37228
1.4693,0.37203
1.4697,0.37184
1.4701,0.37164
1.4706,0.37141
1.471,0.37122
1.4714,0.3711
1.4718,0.37098
1.4722,0.37079
1.4726,0.37056
1.4731,0.37031
1.4735,0.37008
1.4739,0.36981
1.4743,0.36946
1.4747,0.36904
1.4752,0.3687
1.4756,0.36848
1.476,0.36827
1.4764,0.36802
1.4768,0.36779
1.4773,0.36756
1.4777,0.3673
1.4781,0.36703
1.4785,0.36686
1.479,0.36672
1.4794,0.36649
1.4798,0.36623
1.4802,0.36597
1.4806,0.36569
1.4811,0.36542
1.4815,0.36524
1.4819,0.36512
1.4823,0.36497
1.4828,0.36474
1.4832,0.36448
1.4836,0.36417
1.484,0.36388
1.4845,0.36369
1.4849,0.36358
1.4853,0.36339
1.4857,0.36313
1.4862,0.36291
1.4866,0.36269
1.487,0.36248
1.4874,0.36228
1.4879,0.36211
1.4883,0.36194
1.4887,0.36172
1.4891,0.36149
1.4896,0.36132
1.49,0.36122
1.4904,0.36105
1.4909,0.36076
1.4913,0.36044
1.4917,0.36018
1.4921,0.36002
1.4926,0.35987
1.493,0.35963
1.4934,0.35942
1.4939,0.35928
1.4943,0.35914
1.4947,0.35896
1.4952,0.35873
1.4956,0.3585
1.496,0.3583
1.4965,0.3581
1.4969,0.35786
1.4973,0.35762
1.4977,0.35737
1.4982,0.35706
1.4986,0.35676
1.499,0.35657
1.4995,0.35639
1.4999,0.35623
1.5003,0.3561
1.5008,0.35588
1.5012,0.35553
1.5017,0.35516
1.5021,0.35485
1.5025,0.35459
1.503,0.35438
1.5034,0.3542
1.5038,0.35397
1.5043,0.35371
1.5047,0.35351
1.5051,0.35336
1.5056,0.35316
1.506,0.35291
1.5065,0.35265
1.5069,0.35238
1.5073,0.35203
1.5078,0.35159
1.5082,0.35119
1.5086,0.35093
1.5091,0.35076
1.5095,0.35053
1.51,0.35026
1.5104,0.35006
1.5108,0.34982
1.5113,0.34946
1.5117,0.34907
1.5122,0.34874
1.5126,0.34852
1.513,0.34837
1.5135,0.3482
1.5139,0.34793
1.5144,0.34768
1.5148,0.34751
1.5153,0.34734
1.5157,0.34711
1.5161,0.34682
1.5166,0.34649
1.517,0.34618
1.5175,0.34591
1.5179,0.34568
1.5184,0.34548
1.5188,0.34525
1.5193,0.34498
1.5197,0.34472
1.5201,0.34453
1.5206,0.34438
1.521,0.34422
1.5215,0.34402
1.5219,0.34374
1.5224,0.34346
1.5228,0.34327
1.5233,0.34313
1.5237,0.34292
1.5242,0.34264
1.5246,0.3424
1.5251,0.34218
1.5255,0.34195
1.526,0.34171
1.5264,0.34145
1.5269,0.34122
1.5273,0.34103
1.5278,0.34086
1.5282,0.34069
1.5287,0.34052
1.5291,0.34034
1.5296,0.34011
1.53,0.33985
1.5305,0.33958
1.5309,0.33929
1.5314,0.33899
1.5318,0.33871
1.5323,0.33852
1.5327,0.33839
1.5332,0.33821
1.5336,0.33796
1.5341,0.3377
1.5345,0.33744
1.535,0.33718
1.5354,0.33695
1.5359,0.33674
1.5364,0.33647
1.5368,0.33618
1.5373,0.33586
1.5377,0.3355
1.5382,0.3351
1.5386,0.33476
1.5391,0.3345
1.5396,0.3343
1.54,0.33409
1.5405,0.33389
1.5409,0.33369
1.5414,0.33345
1.5418,0.33319
1.5423,0.33299
1.5428,0.33284
1.5432,0.33257
1.5437,0.33223
1.5441,0.33191
1.5446,0.33164
1.5451,0.33138
1.5455,0.33116
1.546,0.33098
1.5464,0.33079
1.5469,0.33056
1.5474,0.33028
1.5478,0.32997
1.5483,0.32968
1.5487,0.32944
1.5492,0.3292
1.5497,0.32894
1.5501,0.32871
1.5506,0.32854
1.5511,0.32836
1.5515,0.32812
1.552,0.32784
1.5525,0.32758
1.5529,0.32735
1.5534,0.32714
1.5539,0.3269
1.5543,0.32666
1.5548,0.32641
1.5553,0.32613
1.5557,0.32586
1.5562,0.32565
1.5567,0.32549
1.5571,0.32526
1.5576,0.32495
1.5581,0.32459
1.5585,0.32429
1.559,0.32405
1.5595,0.32385
1.5599,0.32368
1.5604,0.32352
1.5609,0.32333
1.5613,0.32311
1.5618,0.32286
1.5623,0.32259
1.5627,0.32233
1.5632,0.32208
1.5637,0.32178
1.5642,0.32149
1.5646,0.32129
1.5651,0.32114
1.5656,0.3209
1.5661,0.32063
1.5665,0.32038
1.567,0.32014
1.5675,0.3199
1.5679,0.3196
1.5684,0.31925
1.5689,0.31891
1.5694,0.31861
1.5698,0.31834
1.5703,0.31807
1.5708,0.31782
1.5713,0.31756
1.5718,0.31731
1.5722,0.31704
1.5727,0.31674
1.5732,0.31645
1.5737,0.31619
1.5741,0.31596
1.5746,0.31575
1.5751,0.31558
1.5756,0.3154
1.576,0.31517
1.5765,0.31493
1.577,0.31467
1.5775,0.3144
1.578,0.31416
1.5784,0.31397
1.5789,0.31376
1.5794,0.31352
1.5799,0.31322
1.5804,0.31291
1.5809,0.3127
1.5813,0.31257
1.5818,0.31238
1.5823,0.31209
1.5828,0.31175
1.5833,0.31144
1.5838,0.31121
1.5842,0.31105
1.5847,0.31089
1.5852,0.31066
1.5857,0.31038
1.5862,0.31013
1.5867,0.30994
1.5871,0.30977
1.5876,0.30959
1.5881,0.30936
1.5886,0.30903
1.5891,0.30867
1.5896,0.30839
1.5901,0.30821
1.5906,0.30801
1.591,0.30776
1.5915,0.30748
1.592,0.30719
1.5925,0.30689
1.593,0.30657
1.5935,0.30631
1.594,0.30611
1.5945,0.30596
1.595,0.30581
1.5954,0.3056
1.5959,0.30532
1.5964,0.305
1.5969,0.30469
1.5974,0.30443
1.5979,0.30416
1.5984,0.30382
1.5989,0.30349
1.5994,0.30324
1.5999,0.30298
1.6004,0.30262
1.6009,0.30226
1.6014,0.30196
1.6019,0.30174
1.6024,0.30161
1.6028,0.30152
1.6033,0.3014
1.6038,0.30125
1.6043,0.3011
1.6048,0.30092
1.6053,0.30072
1.6058,0.3005
1.6063,0.30026
1.6068,0.29999
1.6073,0.29969
1.6078,0.29943
1.6083,0.2992
1.6088,0.299
1.6093,0.29882
1.6098,0.29864
1.6103,0.2984
1.6108,0.29811
1.6113,0.29783
1.6118,0.29757
1.6123,0.29731
1.6128,0.29708
1.6133,0.29686
1.6138,0.29666
1.6143,0.29648
1.6148,0.2963
1.6153,0.29614
1.6158,0.29601
1.6163,0.29587
1.6168,0.29564
1.6173,0.29531
1.6178,0.29499
1.6184,0.29473
1.6189,0.29449
1.6194,0.29422
1.6199,0.29394
1.6204,0.29369
1.6209,0.29348
1.6214,0.29326
1.6219,0.29297
1.6224,0.29269
1.6229,0.29251
1.6234,0.29241
1.6239,0.29228
1.6244,0.29208
1.6249,0.29185
1.6255,0.29163
1.626,0.29139
1.6265,0.29113
1.627,0.29088
1.6275,0.29067
1.628,0.29046
1.6285,0.29023
1.629,0.28999
1.6295,0.28971
1.6301,0.28942
1.6306,0.28917
1.6311,0.28894
1.6316,0.28865
1.6321,0.28834
1.6326,0.28814
1.6331,0.28801
1.6337,0.2878
1.6342,0.28747
1.6347,0.28713
1.6352,0.28685
1.6357,0.28664
1.6362,0.28644
1.6367,0.28616
1.6373,0.28586
1.6378,0.28564
1.6383,0.2855
1.6388,0.28536
1.6393,0.28521
1.6398,0.28503
1.6404,0.2848
1.6409,0.28457
1.6414,0.28436
1.6419,0.28416
1.6424,0.28399
1.643,0.28379
1.6435,0.28355
1.644,0.28336
1.6445,0.28322
1.6451,0.28308
1.6456,0.28285
1.6461,0.28257
1.6466,0.28231
1.6471,0.28214
1.6477,0.28197
1.6482,0.28176
1.6487,0.28155
1.6492,0.28138
1.6498,0.28121
1.6503,0.281
1.6508,0.28077
1.6513,0.28058
1.6519,0.28046
1.6524,0.2803
1.6529,0.28004
1.6534,0.27976
1.654,0.27951
1.6545,0.27929
1.655,0.27907
1.6556,0.27883
1.6561,0.27862
1.6566,0.2785
1.6571,0.27841
1.6577,0.27828
1.6582,0.27807
1.6587,0.27776
1.6593,0.27745
1.6598,0.27719
1.6603,0.27701
1.6609,0.2769
1.6614,0.27674
1.6619,0.27647
1.6625,0.27617
1.663,0.27596
1.6635,0.27581
1.6641,0.27564
1.6646,0.27543
1.6651,0.27523
1.6657,0.27501
1.6662,0.27477
1.6667,0.27456
1.6673,0.27437
1.6678,0.27413
1.6683,0.27386
1.6689,0.27367
1.6694,0.27356
1.67,0.27342
1.6705,0.27322
1.671,0.27299
1.6716,0.27276
1.6721,0.27257
1.6726,0.27239
1.6732,0.27222
1.6737,0.2721
1.6743,0.27198
1.6748,0.27181
1.6753,0.27166
1.6759,0.27157
1.6764,0.27147
1.677,0.27131
1.6775,0.27111
1.6781,0.27088
1.6786,0.27065
1.6791,0.27044
1.6797,0.27023
1.6802,0.27003
1.6808,0.26982
1.6813,0.26962
1.6819,0.26942
1.6824,0.2692
1.683,0.26899
1.6835,0.2688
1.6841,0.26864
1.6846,0.26848
1.6851,0.26838
1.6857,0.2683
1.6862,0.26817
1.6868,0.268
1.6873,0.26785
1.6879,0.26769
1.6884,0.2675
1.689,0.26732
1.6895,0.26718
1.6901,0.26701
1.6906,0.2668
1.6912,0.26657
1.6917,0.26635
1.6923,0.26615
1.6929,0.26599
1.6934,0.26583
1.694,0.26566
1.6945,0.26548
1.6951,0.26528
1.6956,0.26506
1.6962,0.2649
1.6967,0.26477
1.6973,0.26457
1.6978,0.26431
1.6984,0.26404
1.699,0.26379
1.6995,0.26362
1.7001,0.26349
1.7006,0.26336
1.7012,0.26325
1.7017,0.26316
1.7023,0.26305
1.7029,0.26292
1.7034,0.2628
1.704,0.26265
1.7045,0.26242
1.7051,0.26222
1.7057,0.26213
1.7062,0.26212
1.7068,0.26207
1.7073,0.26188
1.7079,0.26166
1.7085,0.26148
1.709,0.26128
1.7096,0.26109
1.7102,0.26093
1.7107,0.26079
1.7113,0.26069
1.7119,0.26066
1.7124,0.26062
1.713,0.26053
1.7135,0.26038
1.7141,0.26021
1.7147,0.26009
1.7153,0.25995
1.7158,0.25976
1.7164,0.25959
1.717,0.25946
1.7175,0.25933
1.7181,0.25921
1.7187,0.25914
1.7192,0.25906
1.7198,0.25892
1.7204,0.25875
1.7209,0.25858
1.7215,0.25845
1.7221,0.25833
1.7227,0.25827
1.7232,0.25826
1.7238,0.25819
1.7244,0.25802
1.725,0.25783
1.7255,0.25769
1.7261,0.25756
1.7267,0.25744
1.7272,0.2573
1.7278,0.25718
1.7284,0.25709
1.729,0.25701
1.7296,0.25689
1.7301,0.25674
1.7307,0.2566
1.7313,0.25647
1.7319,0.25635
1.7324,0.25623
1.733,0.25613
1.7336,0.25605
1.7342,0.25597
1.7348,0.25588
1.7353,0.25578
1.7359,0.25568
1.7365,0.25562
1.7371,0.25551
1.7377,0.25534
1.7383,0.25517
1.7388,0.25505
1.7394,0.25489
1.74,0.25473
1.7406,0.2546
1.7412,0.25446
1.7418,0.25432
1.7423,0.25416
1.7429,0.25398
1.7435,0.25384
1.7441,0.2537
1.7447,0.25356
1.7453,0.25341
1.7459,0.25329
1.7464,0.2532
1.747,0.25311
1.7476,0.25294
1.7482,0.25273
1.7488,0.25259
1.7494,0.25248
1.75,0.25231
1.7506,0.25213
1.7512,0.25198
1.7518,0.25191
1.7524,0.25189
1.7529,0.25183
1.7535,0.2517
1.7541,0.25157
1.7547,0.25144
1.7553,0.25131
1.7559,0.2512
1.7565,0.25109
1.7571,0.25095
1.7577,0.25079
1.7583,0.25062
1.7589,0.25049
1.7595,0.25038
1.7601,0.25028
1.7607,0.2502
1.7613,0.25021
1.7619,0.25025
1.7625,0.25026
1.7631,0.25023
1.7637,0.25019
1.7643,0.25012
1.7649,0.25005
1.7655,0.24995
1.7661,0.24983
1.7667,0.24972
1.7673,0.24959
1.7679,0.24946
1.7685,0.24935
1.7691,0.24925
1.7697,0.24914
1.7703,0.24906
1.7709,0.24897
1.7715,0.24885
1.7721,0.2487
1.7727,0.24857
1.7733,0.24843
1.7739,0.24829
1.7745,0.24819
1.7751,0.24812
1.7758,0.24807
1.7764,0.24801
1.777,0.24797
1.7776,0.24797
1.7782,0.24797
1.7788,0.24797
1.7794,0.24791
1.78,0.24782
1.7806,0.24771
1.7812,0.24764
1.7819,0.2476
1.7825,0.24757
1.7831,0.24754
1.7837,0.24748
1.7843,0.2474
1.7849,0.24732
1.7855,0.24727
1.7862,0.24727
1.7868,0.2473
1.7874,0.2473
1.788,0.24726
1.7886,0.24725
1.7892,0.24722
1.7899,0.24718
1.7905,0.24714
1.7911,0.24712
1.7917,0.2471
1.7923,0.24703
1.7929,0.24695
1.7936,0.24692
1.7942,0.24694
1.7948,0.24694
1.7954,0.24688
1.7961,0.24681
1.7967,0.24675
1.7973,0.2467
1.7979,0.24665
1.7985,0.24659
1.7992,0.24653
1.7998,0.2465
1.8004,0.24649
1.801,0.24649
1.8017,0.24652
1.8023,0.24657
1.8029,0.24659
1.8036,0.24655
1.8042,0.24651
1.8048,0.2465
1.8054,0.24645
1.8061,0.24634
1.8067,0.24621
1.8073,0.24613
1.808,0.24611
1.8086,0.24612
1.8092,0.24606
1.8098,0.24597
1.8105,0.24592
1.8111,0.24589
1.8117,0.24584
1.8124,0.24582
1.813,0.24582
1.8136,0.24579
1.8143,0.24577
1.8149,0.24579
1.8155,0.24583
1.8162,0.24585
1.8168,0.24583
1.8175,0.24578
1.8181,0.24571
1.8187,0.24565
1.8194,0.24566
1.82,0.24567
1.8206,0.2456
1.8213,0.24555
1.8219,0.24556
1.8226,0.24555
1.8232,0.24549
1.8238,0.24546
1.8245,0.24541
1.8251,0.24536
1.8258,0.24536
1.8264,0.24535
1.8271,0.2453
1.8277,0.24521
1.8284,0.24514
1.829,0.24507
1.8296,0.24499
1.8303,0.24493
1.8309,0.2449
1.8316,0.2449
1.8322,0.24492
1.8329,0.24497
1.8335,0.24498
1.8342,0.24497
1.8348,0.24502
1.8355,0.2451
1.8361,0.24515
1.8368,0.2451
1.8374,0.245
1.8381,0.24489
1.8387,0.24483
1.8394,0.24485
1.84,0.24493
1.8407,0.24499
1.8413,0.24502
1.842,0.24509
1.8426,0.24514
1.8433,0.24509
1.844,0.24503
1.8446,0.24506
1.8453,0.24515
1.8459,0.24521
1.8466,0.24528
1.8472,0.24539
1.8479,0.24548
1.8486,0.24551
1.8492,0.24552
1.8499,0.24555
1.8505,0.24557
1.8512,0.24562
1.8519,0.24574
1.8525,0.2459
1.8532,0.24606
1.8538,0.24615
1.8545,0.24613
1.8552,0.24609
1.8558,0.24614
1.8565,0.24623
1.8572,0.24626
1.8578,0.24627
1.8585,0.24634
1.8592,0.24645
1.8598,0.24647
1.8605,0.24641
1.8612,0.24641
1.8618,0.24649
1.8625,0.24658
1.8632,0.24661
1.8638,0.2466
1.8645,0.2466
1.8652,0.24665
1.8659,0.24675
1.8665,0.24687
1.8672,0.24704
1.8679,0.24723
1.8685,0.24733
1.8692,0.2474
1.8699,0.24753
1.8706,0.24762
1.8712,0.24765
1.8719,0.24767
1.8726,0.24773
1.8733,0.24784
1.8739,0.24792
1.8746,0.24795
1.8753,0.24796
1.876,0.24798
1.8767,0.24803
1.8773,0.24812
1.878,0.24822
1.8787,0.2483
1.8794,0.2484
1.8801,0.24852
1.8807,0.24865
1.8814,0.24875
1.8821,0.24882
1.8828,0.24891
1.8835,0.24903
1.8842,0.24913
1.8848,0.24921
1.8855,0.24927
1.8862,0.24928
1.8869,0.24928
1.8876,0.24935
1.8883,0.24946
1.889,0.2495
1.8897,0.24949
1.8903,0.2495
1.891,0.24956
1.8917,0.24966
1.8924,0.24977
1.8931,0.24985
1.8938,0.24992
1.8945,0.25001
1.8952,0.25016
1.8959,0.25027
1.8966,0.25036
1.8973,0.25047
1.898,0.25061
1.8986,0.25074
1.8993,0.25085
1.9,0.25092
1.9007,0.25095
1.9014,0.25097
1.9021,0.25104
1.9028,0.25115
1.9035,0.25129
1.9042,0.25144
1.9049,0.25163
1.9056,0.2518
1.9063,0.25193
1.907,0.25205
1.9077,0.25226
1.9084,0.25249
1.9091,0.25266
1.9098,0.25282
1.9105,0.25298
1.9112,0.25315
1.9119,0.25336
1.9127,0.25363
1.9134,0.25383
1.9141,0.2539
1.9148,0.25399
1.9155,0.25415
1.9162,0.25431
1.9169,0.25446
1.9176,0.25467
1.9183,0.25492
1.919,0.25519
1.9197,0.25545
1.9204,0.25567
1.9212,0.2559
1.9219,0.25616
1.9226,0.25639
1.9233,0.25659
1.924,0.25673
1.9247,0.25686
1.9254,0.257
1.9262,0.25715
1.9269,0.25732
1.9276,0.25752
1.9283,0.25775
1.929,0.25799
1.9297,0.25822
1.9305,0.25842
1.9312,0.25863
1.9319,0.25886
1.9326,0.25908
1.9333,0.25933
1.9341,0.25958
1.9348,0.25979
1.9355,0.25993
1.9362,0.26009
1.9369,0.26031
1.9377,0.26057
1.9384,0.26082
1.9391,0.26105
1.9398,0.2612
1.9406,0.26125
1.9413,0.26136
1.942,0.26161
1.9428,0.26186
1.9435,0.26206
1.9442,0.26221
1.9449,0.26234
1.9457,0.26245
1.9464,0.26258
1.9471,0.26272
1.9479,0.26282
1.9486,0.26294
1.9493,0.26306
1.9501,0.26319
1.9508,0.26336
1.9515,0.26359
1.9523,0.26383
1.953,0.26405
1.9537,0.26426
1.9545,0.26448
1.9552,0.2647
1.9559,0.26495
1.9567,0.26519
1.9574,0.26548
1.9582,0.26583
1.9589,0.26619
1.9596,0.26653
1.9604,0.2668
1.9611,0.26702
1.9619,0.26728
1.9626,0.26758
1.9633,0.26794
1.9641,0.26834
1.9648,0.26869
1.9656,0.26898
1.9663,0.26926
1.9671,0.26956
1.9678,0.26983
1.9686,0.27007
1.9693,0.27033
1.9701,0.2706
1.9708,0.27082
1.9716,0.27105
1.9723,0.27132
1.9731,0.27164
1.9738,0.27204
1.9746,0.27243
1.9753,0.27277
1.9761,0.27308
1.9768,0.27345
1.9776,0.2738
1.9783,0.27411
1.9791,0.27442
1.9798,0.27481
1.9806,0.2752
1.9814,0.27553
1.9821,0.27582
1.9829,0.27613
1.9836,0.27648
1.9844,0.27686
1.9851,0.27725
1.9859,0.27759
1.9867,0.27789
1.9874,0.27812
1.9882,0.27833
1.989,0.2786
1.9897,0.27893
1.9905,0.27925
1.9912,0.27952
1.992,0.27977
1.9928,0.28005
1.9935,0.2804
1.9943,0.28075
1.9951,0.28105
1.9958,0.28131
1.9966,0.2816
1.9974,0.2819
1.9982,0.28218
1.9989,0.28244
1.9997,0.28265
2.0005,0.28287
2.0012,0.28311
2.002,0.28341
2.0028,0.28382
2.0036,0.28429
2.0043,0.28472
2.0051,0.2851
2.0059,0.28547
2.0067,0.28579
2.0074,0.28609
2.0082,0.28642
2.009,0.28679
2.0098,0.28719
2.0105,0.28761
2.0113,0.28797
2.0121,0.28832
2.0129,0.28868
2.0137,0.289
2.0145,0.28924
2.0152,0.28946
2.016,0.28973
2.0168,0.29011
2.0176,0.29056
2.0184,0.29104
2.0192,0.29154
2.0199,0.29196
2.0207,0.29232
2.0215,0.29269
2.0223,0.29308
2.0231,0.29348
2.0239,0.29389
2.0247,0.29434
2.0255,0.2948
2.0263,0.29527
2.0271,0.29575
2.0278,0.29625
2.0286,0.29677
2.0294,0.29727
2.0302,0.29769
2.031,0.2981
2.0318,0.2985
2.0326,0.29895
2.0334,0.29942
2.0342,0.29992
2.035,0.30036
2.0358,0.30076
2.0366,0.30118
2.0374,0.30166
2.0382,0.30215
2.039,0.30262
2.0398,0.30305
2.0406,0.30344
2.0414,0.30386
2.0422,0.30437
2.043,0.30489
2.0438,0.30534
2.0446,0.30578
2.0454,0.30627
2.0463,0.30674
2.0471,0.30713
2.0479,0.3076
2.0487,0.30815
2.0495,0.30873
2.0503,0.30926
2.0511,0.30975
2.0519,0.31022
2.0527,0.31067
2.0535,0.31105
2.0544,0.3114
2.0552,0.31179
2.056,0.31222
2.0568,0.31261
2.0576,0.31302
2.0584,0.31342
2.0593,0.31387
2.0601,0.31442
2.0609,0.31501
2.0617,0.31553
2.0625,0.31605
2.0634,0.31654
2.0642,0.31698
2.065,0.3174
2.0658,0.31782
2.0666,0.31828
2.0675,0.31871
2.0683,0.31915
2.0691,0.31966
2.0699,0.32019
2.0708,0.3207
2.0716,0.32117
2.0724,0.32168
2.0733,0.32222
2.0741,0.3227
2.0749,0.32313
2.0757,0.32352
2.0766,0.32391
2.0774,0.32428
2.0782,0.32467
2.0791,0.32511
2.0799,0.32564
2.0807,0.32621
2.0816,0.3268
2.0824,0.32742
2.0832,0.32805
2.0841,0.32864
2.0849,0.32915
2.0858,0.32957
2.0866,0.33001
2.0874,0.3305
2.0883,0.33099
2.0891,0.33147
2.09,0.33199
2.0908,0.3325
2.0917,0.33299
2.0925,0.33345
2.0933,0.33396
2.0942,0.33451
2.095,0.3351
2.0959,0.3357
2.0967,0.33629
2.0976,0.33695
2.0984,0.33765
2.0993,0.33831
2.1001,0.3389
2.101,0.33945
2.1018,0.33998
2.1027,0.34065
2.1035,0.34132
2.1044,0.34196
2.1052,0.34256
2.1061,0.34307
2.1069,0.34362
2.1078,0.34417
2.1087,0.34465
2.1095,0.34516
2.1104,0.3458
2.1112,0.34648
2.1121,0.34711
2.113,0.34765
2.1138,0.34819
2.1147,0.34879
2.1155,0.34941
2.1164,0.35008
2.1173,0.35077
2.1181,0.35144
2.119,0.35207
2.1199,0.3526
2.1207,0.35319
2.1216,0.35382
2.1225,0.35446
2.1233,0.35508
2.1242,0.35572
2.1251,0.35644
2.126,0.35709
2.1268,0.35774
2.1277,0.35836
2.1286,0.35901
2.1294,0.3596
2.1303,0.36015
2.1312,0.36076
2.1321,0.3614
2.133,0.36205
2.1338,0.36266
2.1347,0.3633
2.1356,0.36397
2.1365,0.36466
2.1373,0.36533
2.1382,0.36599
2.1391,0.36662
2.14,0.36727
2.1409,0.3679
2.1418,0.3685
2.1426,0.36914
2.1435,0.36973
2.1444,0.37024
2.1453,0.37072
2.1462,0.37123
2.1471,0.37166
2.148,0.37209
2.1489,0.37247
2.1498,0.37292
2.1506,0.37339
2.1515,0.3739
2.1524,0.37444
2.1533,0.37504
2.1542,0.37573
2.1551,0.37646
2.156,0.37712
2.1569,0.37775
2.1578,0.3783
2.1587,0.37878
2.1596,0.37934
2.1605,0.37994
2.1614,0.38049
2.1623,0.38098
2.1632,0.38145
2.1641,0.38195
2.165,0.38241
2.1659,0.38294
2.1668,0.38345
2.1677,0.38399
2.1686,0.3845
2.1695,0.38496
2.1704,0.38546
2.1714,0.38596
2.1723,0.38643
2.1732,0.38685
2.1741,0.38729
2.175,0.38781
2.1759,0.38849
2.1768,0.38917
2.1777,0.3897
2.1787,0.39017
2.1796,0.39064
2.1805,0.3911
2.1814,0.39161
2.1823,0.39218
2.1832,0.39276
2.1842,0.39339
2.1851,0.39409
2.186,0.39469
2.1869,0.39538
2.1878,0.39611
2.1888,0.3968
2.1897,0.39739
2.1906,0.39791
2.1916,0.39835
2.1925,0.39876
2.1934,0.39923
2.1943,0.39979
2.1953,0.40042
2.1962,0.40103
2.1971,0.40158
2.1981,0.40214
2.199,0.40275
2.1999,0.40343
2.2008,0.40397
2.2018,0.40442
2.2027,0.40497
2.2037,0.40553
2.2046,0.40605
2.2055,0.40668
2.2065,0.40744
2.2074,0.40819
2.2083,0.40885
2.2093,0.40946
2.2102,0.41009
2.2112,0.41073
2.2121,0.41134
2.2131,0.41194
2.214,0.41259
2.215,0.41325
2.2159,0.41376
2.2168,0.41428
2.2178,0.41484
2.2187,0.41542
2.2197,0.41594
2.2206,0.41644
2.2216,0.41696
2.2225,0.41751
2.2235,0.41805
2.2245,0.41847
2.2254,0.41885
2.2264,0.41935
2.2273,0.41992
2.2283,0.42051
2.2292,0.42103
2.2302,0.42133
2.2312,0.42163
2.2321,0.42211
2.2331,0.42268
2.234,0.42313
2.235,0.42355
2.236,0.42391
2.2369,0.42428
2.2379,0.42476
2.2389,0.42526
2.2398,0.42566
2.2408,0.4261
2.2418,0.42666
2.2427,0.42717
2.2437,0.42758
2.2447,0.42785
2.2456,0.42808
2.2466,0.42836
2.2476,0.42874
2.2486,0.42922
2.2495,0.42982
2.2505,0.43043
2.2515,0.43092
2.2525,0.4313
2.2535,0.43171
2.2544,0.43226
2.2554,0.4329
2.2564,0.43354
2.2574,0.43421
2.2584,0.43492
2.2593,0.43562
2.2603,0.43613
2.2613,0.43647
2.2623,0.43678
2.2633,0.43722
2.2643,0.43779
2.2653,0.4384
2.2663,0.43898
2.2672,0.43943
2.2682,0.4398
2.2692,0.44026
2.2702,0.44074
2.2712,0.44116
2.2722,0.44146
2.2732,0.44171
2.2742,0.44194
2.2752,0.44216
2.2762,0.44241
2.2772,0.44269
2.2782,0.44297
2.2792,0.44327
2.2802,0.44347
2.2812,0.44363
2.2822,0.44374
2.2832,0.4439
2.2842,0.44402
2.2852,0.44401
2.2862,0.44373
2.2873,0.44343
2.2883,0.44324
2.2893,0.44316
2.2903,0.44316
2.2913,0.44317
2.2923,0.44334
2.2933,0.44356
2.2943,0.44372
2.2954,0.44376
2.2964,0.44376
2.2974,0.44378
2.2984,0.44392
2.2994,0.44412
2.3004,0.44434
2.3015,0.44447
2.3025,0.44449
2.3035,0.44438
2.3045,0.44419
2.3056,0.44407
2.3066,0.44396
2.3076,0.44378
2.3086,0.44346
2.3097,0.44305
2.3107,0.44282
2.3117,0.44272
2.3128,0.44267
2.3138,0.44264
2.3148,0.44276
2.3159,0.44327
2.3169,0.44394
2.3179,0.44471
2.319,0.44535
2.32,0.44578
2.321,0.44608
2.3221,0.44655
2.3231,0.44716
2.3242,0.44777
2.3252,0.44857
2.3262,0.44936
2.3273,0.45024
2.3283,0.45112
2.3294,0.4521
2.3304,0.45314
2.3315,0.454
2.3325,0.45469
2.3336,0.45539
2.3346,0.45619
2.3357,0.45705
2.3367,0.45779
2.3378,0.45841
2.3388,0.45904
2.3399,0.45975
2.341,0.4604
2.342,0.46097
2.3431,0.46158
2.3441,0.46224
2.3452,0.4628
2.3462,0.46334
2.3473,0.46396
2.3484,0.4646
2.3494,0.46519
2.3505,0.46572
2.3516,0.46621
2.3526,0.46667
2.3537,0.46721
2.3548,0.46777
2.3558,0.46824
2.3569,0.46869
2.358,0.46924
2.3591,0.46983
2.3601,0.47044
2.3612,0.47092
2.3623,0.47142
2.3634,0.47172
2.3644,0.47184
2.3655,0.47199
2.3666,0.47213
2.3677,0.47232
2.3688,0.47271
2.3698,0.47303
2.3709,0.47311
2.372,0.47324
2.3731,0.47345
2.3742,0.47364
2.3753,0.47385
2.3764,0.47415
2.3774,0.47444
2.3785,0.47464
2.3796,0.47465
2.3807,0.4747
2.3818,0.47479
2.3829,0.47481
2.384,0.47485
2.3851,0.47496
2.3862,0.4751
2.3873,0.47523
2.3884,0.47535
2.3895,0.47538
2.3906,0.4753
2.3917,0.47518
2.3928,0.47523
2.3939,0.47559
2.395,0.4761
2.3961,0.47655
2.3972,0.47685
2.3983,0.47725
2.3994,0.47784
2.4006,0.47861
2.4017,0.47942
2.4028,0.48012
2.4039,0.4807
2.405,0.4814
2.4061,0.48199
2.4072,0.48244
2.4084,0.48279
2.4095,0.48306
2.4106,0.48337
2.4117,0.48372
2.4128,0.48411
2.414,0.48451
2.4151,0.48482
2.4162,0.48505
2.4173,0.48523
2.4185,0.48537
2.4196,0.48563
2.4207,0.48607
2.4219,0.48628
2.423,0.48626
2.4241,0.48629
2.4253,0.48649
2.4264,0.48688
2.4275,0.48701
2.4287,0.48695
2.4298,0.48696
2.4309,0.48703
2.4321,0.48701
2.4332,0.48702
2.4344,0.48692
2.4355,0.48693
2.4367,0.48689
2.4378,0.48687
2.4389,0.48702
2.4401,0.48712
2.4412,0.48716
2.4424,0.48723
2.4435,0.48733
2.4447,0.48734
2.4458,0.48746
2.447,0.48724
2.4482,0.48719
2.4493,0.48719
2.4505,0.48708
2.4516,0.48713
2.4528,0.48706
2.454,0.48714
2.4551,0.48705
2.4563,0.48697
2.4574,0.48713
2.4586,0.48729
2.4598,0.48734
2.4609,0.48741
2.4621,0.48739
2.4633,0.48715
2.4645,0.48703
2.4656,0.4869
2.4668,0.48724
2.468,0.48731
2.4691,0.4872
2.4703,0.4873
2.4715,0.48754
2.4727,0.48761
2.4739,0.4881
2.475,0.48835
2.4762,0.48846
2.4774,0.48919
2.4786,0.48972
2.4798,0.48948
2.481,0.48962
2.4821,0.48996
2.4833,0.49054
2.4845,0.49066
2.4857,0.49072
2.4869,0.49096
2.4881,0.49056
2.4893,0.49178
2.4905,0.49147
2.4917,0.49114
2.4929,0.49192
2.4941,0.49139
2.4953,0.49202
2.4965,0.49238
2.4977,0.49227
2.4989,0.4934
