KC-OPX-arm_1,
W,R
0.50012,0.29967
0.50031,0.29107
0.5005,0.27536
0.5007,0.27121
0.50089,0.27821
0.50108,0.28085
0.50128,0.28285
0.50147,0.29312
0.50166,0.29581
0.50186,0.28323
0.50205,0.27811
0.50225,0.29109
0.50244,0.29395
0.50264,0.286
0.50283,0.29259
0.50303,0.3032
0.50322,0.30217
0.50342,0.29196
0.50361,0.28106
0.50381,0.27933
0.50401,0.28491
0.5042,0.28867
0.5044,0.2877
0.50459,0.28655
0.50479,0.28627
0.50499,0.28946
0.50518,0.29534
0.50538,0.29417
0.50558,0.28927
0.50577,0.28572
0.50597,0.281
0.50617,0.27946
0.50637,0.28418
0.50657,0.2972
0.50676,0.30247
0.50696,0.29138
0.50716,0.28581
0.50736,0.28458
0.50756,0.27849
0.50776,0.27199
0.50795,0.27
0.50815,0.28134
0.50835,0.29058
0.50855,0.28536
0.50875,0.28243
0.50895,0.28193
0.50915,0.27529
0.50935,0.27538
0.50955,0.28415
0.50975,0.28575
0.50995,0.28386
0.51015,0.28324
0.51035,0.28597
0.51056,0.29422
0.51076,0.2954
0.51096,0.28762
0.51116,0.28139
0.51136,0.28373
0.51156,0.29101
0.51177,0.29249
0.51197,0.28795
0.51217,0.28534
0.51237,0.2851
0.51257,0.28442
0.51278,0.28926
0.51298,0.2928
0.51318,0.28978
0.51339,0.28662
0.51359,0.2859
0.51379,0.28822
0.514,0.28651
0.5142,0.28862
0.51441,0.29114
0.51461,0.28435
0.51481,0.28667
0.51502,0.29066
0.51522,0.28699
0.51543,0.28844
0.51563,0.29414
0.51584,0.2928
0.51604,0.29016
0.51625,0.29407
0.51645,0.29065
0.51666,0.28685
0.51687,0.2929
0.51707,0.29896
0.51728,0.298
0.51749,0.2942
0.51769,0.29434
0.5179,0.28779
0.51811,0.28255
0.51831,0.28699
0.51852,0.28672
0.51873,0.2867
0.51894,0.2937
0.51914,0.30553
0.51935,0.3103
0.51956,0.29869
0.51977,0.28591
0.51998,0.28327
0.52018,0.28405
0.52039,0.28495
0.5206,0.2887
0.52081,0.29066
0.52102,0.29163
0.52123,0.29493
0.52144,0.29649
0.52165,0.29776
0.52186,0.29697
0.52207,0.29359
0.52228,0.28959
0.52249,0.28766
0.5227,0.29281
0.52291,0.29581
0.52312,0.29274
0.52333,0.29323
0.52355,0.29448
0.52376,0.29621
0.52397,0.30119
0.52418,0.29966
0.52439,0.29435
0.52461,0.29428
0.52482,0.29708
0.52503,0.30328
0.52524,0.30776
0.52546,0.30016
0.52567,0.29107
0.52588,0.2909
0.5261,0.29061
0.52631,0.28928
0.52652,0.2937
0.52674,0.29879
0.52695,0.30236
0.52717,0.30667
0.52738,0.30562
0.5276,0.29986
0.52781,0.29925
0.52802,0.30243
0.52824,0.30167
0.52846,0.29675
0.52867,0.29307
0.52889,0.29412
0.5291,0.29456
0.52932,0.29367
0.52953,0.29667
0.52975,0.29992
0.52997,0.29921
0.53018,0.29691
0.5304,0.29838
0.53062,0.30177
0.53084,0.30267
0.53105,0.30205
0.53127,0.29865
0.53149,0.29692
0.53171,0.29834
0.53192,0.29963
0.53214,0.30314
0.53236,0.30449
0.53258,0.30136
0.5328,0.30119
0.53302,0.30529
0.53324,0.30439
0.53346,0.29829
0.53368,0.30095
0.5339,0.30716
0.53412,0.30512
0.53434,0.30031
0.53456,0.29546
0.53478,0.29509
0.535,0.29838
0.53522,0.29678
0.53544,0.29663
0.53566,0.3023
0.53588,0.30235
0.5361,0.29784
0.53633,0.29984
0.53655,0.30199
0.53677,0.29726
0.53699,0.29373
0.53722,0.29618
0.53744,0.30011
0.53766,0.3013
0.53788,0.30242
0.53811,0.30226
0.53833,0.29923
0.53855,0.3001
0.53878,0.30385
0.539,0.30436
0.53923,0.30281
0.53945,0.30197
0.53968,0.30223
0.5399,0.30311
0.54013,0.303
0.54035,0.30127
0.54058,0.30169
0.5408,0.30322
0.54103,0.3006
0.54125,0.29737
0.54148,0.29884
0.54171,0.30009
0.54193,0.29819
0.54216,0.29927
0.54239,0.30348
0.54261,0.30454
0.54284,0.30233
0.54307,0.30068
0.54329,0.29912
0.54352,0.29778
0.54375,0.29794
0.54398,0.29803
0.54421,0.29921
0.54444,0.29722
0.54466,0.29439
0.54489,0.29983
0.54512,0.30485
0.54535,0.30494
0.54558,0.303
0.54581,0.29931
0.54604,0.29945
0.54627,0.30272
0.5465,0.30489
0.54673,0.30291
0.54696,0.30077
0.54719,0.30306
0.54742,0.3034
0.54766,0.30052
0.54789,0.29728
0.54812,0.29549
0.54835,0.29695
0.54858,0.30077
0.54881,0.30386
0.54905,0.30219
0.54928,0.299
0.54951,0.29913
0.54975,0.30056
0.54998,0.30058
0.55021,0.30017
0.55045,0.30011
0.55068,0.2988
0.55091,0.29927
0.55115,0.30134
0.55138,0.30051
0.55162,0.29956
0.55185,0.30062
0.55209,0.3013
0.55232,0.30197
0.55256,0.30305
0.55279,0.304
0.55303,0.3047
0.55327,0.30322
0.5535,0.30037
0.55374,0.29989
0.55397,0.3026
0.55421,0.30464
0.55445,0.30331
0.55469,0.30284
0.55492,0.30414
0.55516,0.30305
0.5554,0.3009
0.55564,0.30228
0.55588,0.3044
0.55611,0.30313
0.55635,0.30389
0.55659,0.30738
0.55683,0.30903
0.55707,0.31047
0.55731,0.31267
0.55755,0.3116
0.55779,0.30637
0.55803,0.30211
0.55827,0.30113
0.55851,0.3019
0.55875,0.30249
0.55899,0.30335
0.55923,0.30387
0.55947,0.30261
0.55972,0.30253
0.55996,0.30414
0.5602,0.30607
0.56044,0.30516
0.56068,0.30302
0.56093,0.30529
0.56117,0.30862
0.56141,0.30893
0.56166,0.30615
0.5619,0.30459
0.56214,0.30565
0.56239,0.30623
0.56263,0.30837
0.56287,0.31039
0.56312,0.3091
0.56336,0.30682
0.56361,0.30621
0.56385,0.30727
0.5641,0.3084
0.56435,0.30859
0.56459,0.30885
0.56484,0.30912
0.56508,0.30726
0.56533,0.30535
0.56558,0.30543
0.56582,0.30843
0.56607,0.31236
0.56632,0.31247
0.56657,0.30971
0.56681,0.307
0.56706,0.30697
0.56731,0.30762
0.56756,0.30844
0.56781,0.31021
0.56805,0.30806
0.5683,0.30548
0.56855,0.30643
0.5688,0.30746
0.56905,0.30745
0.5693,0.30804
0.56955,0.30966
0.5698,0.31131
0.57005,0.31263
0.5703,0.31152
0.57056,0.30911
0.57081,0.30902
0.57106,0.31018
0.57131,0.3106
0.57156,0.31067
0.57181,0.3108
0.57207,0.31246
0.57232,0.31448
0.57257,0.31245
0.57282,0.30987
0.57308,0.31068
0.57333,0.31244
0.57358,0.31124
0.57384,0.30878
0.57409,0.30997
0.57435,0.31108
0.5746,0.31121
0.57486,0.31251
0.57511,0.3132
0.57537,0.31313
0.57562,0.3119
0.57588,0.31139
0.57613,0.3117
0.57639,0.3107
0.57665,0.30994
0.5769,0.31155
0.57716,0.31414
0.57742,0.31427
0.57767,0.31303
0.57793,0.31366
0.57819,0.31528
0.57845,0.31527
0.57871,0.3147
0.57896,0.31389
0.57922,0.31251
0.57948,0.31194
0.57974,0.31216
0.58,0.31244
0.58026,0.31305
0.58052,0.31502
0.58078,0.31465
0.58104,0.31275
0.5813,0.31277
0.58156,0.31275
0.58182,0.31284
0.58208,0.31276
0.58235,0.31365
0.58261,0.31483
0.58287,0.31574
0.58313,0.31665
0.58339,0.31712
0.58366,0.31941
0.58392,0.3187
0.58418,0.31561
0.58445,0.31505
0.58471,0.31575
0.58497,0.31694
0.58524,0.31682
0.5855,0.31553
0.58577,0.31379
0.58603,0.31541
0.5863,0.31866
0.58656,0.31666
0.58683,0.31423
0.58709,0.3162
0.58736,0.31984
0.58763,0.3197
0.58789,0.31714
0.58816,0.31803
0.58843,0.31897
0.58869,0.31644
0.58896,0.31541
0.58923,0.31722
0.5895,0.31787
0.58976,0.31847
0.59003,0.31952
0.5903,0.31922
0.59057,0.31836
0.59084,0.31787
0.59111,0.31742
0.59138,0.31609
0.59165,0.31572
0.59192,0.31661
0.59219,0.31687
0.59246,0.31646
0.59273,0.31582
0.593,0.31636
0.59327,0.31847
0.59354,0.32069
0.59382,0.32107
0.59409,0.31922
0.59436,0.31769
0.59463,0.31816
0.59491,0.32004
0.59518,0.32093
0.59545,0.31928
0.59573,0.31758
0.596,0.31819
0.59627,0.32024
0.59655,0.32035
0.59682,0.31839
0.5971,0.31822
0.59737,0.31897
0.59765,0.31943
0.59792,0.31916
0.5982,0.31938
0.59848,0.3209
0.59875,0.32085
0.59903,0.32242
0.59931,0.32405
0.59958,0.3225
0.59986,0.32129
0.60014,0.32046
0.60042,0.31981
0.6007,0.31984
0.60097,0.32092
0.60125,0.32266
0.60153,0.32442
0.60181,0.32353
0.60209,0.32098
0.60237,0.32112
0.60265,0.32168
0.60293,0.32231
0.60321,0.32214
0.60349,0.32188
0.60377,0.32334
0.60405,0.32404
0.60434,0.32362
0.60462,0.32272
0.6049,0.32342
0.60518,0.32345
0.60547,0.32264
0.60575,0.32259
0.60603,0.32236
0.60631,0.32278
0.6066,0.32269
0.60688,0.3229
0.60717,0.32326
0.60745,0.32414
0.60774,0.32371
0.60802,0.3224
0.60831,0.3231
0.60859,0.32312
0.60888,0.32382
0.60916,0.32382
0.60945,0.32312
0.60974,0.3234
0.61002,0.32533
0.61031,0.32732
0.6106,0.32574
0.61089,0.32563
0.61117,0.32626
0.61146,0.32665
0.61175,0.32724
0.61204,0.32725
0.61233,0.32809
0.61262,0.32812
0.61291,0.3273
0.6132,0.32476
0.61349,0.32464
0.61378,0.32578
0.61407,0.32521
0.61436,0.32446
0.61465,0.32332
0.61494,0.32469
0.61524,0.32536
0.61553,0.32572
0.61582,0.32563
0.61611,0.32592
0.61641,0.32804
0.6167,0.32776
0.61699,0.32727
0.61729,0.32641
0.61758,0.32656
0.61787,0.32678
0.61817,0.327
0.61846,0.32746
0.61876,0.32695
0.61905,0.32771
0.61935,0.32623
0.61965,0.32657
0.61994,0.32743
0.62024,0.32737
0.62054,0.32791
0.62083,0.32647
0.62113,0.32688
0.62143,0.32708
0.62173,0.32794
0.62203,0.32845
0.62232,0.32871
0.62262,0.32918
0.62292,0.32892
0.62322,0.33052
0.62352,0.3302
0.62382,0.33091
0.62412,0.33089
0.62442,0.33032
0.62472,0.33011
0.62502,0.3294
0.62533,0.3317
0.62563,0.3323
0.62593,0.33235
0.62623,0.33143
0.62654,0.3316
0.62684,0.33162
0.62714,0.33069
0.62744,0.33263
0.62775,0.33161
0.62805,0.33147
0.62836,0.33117
0.62866,0.33216
0.62897,0.33295
0.62927,0.33197
0.62958,0.33361
0.62988,0.33277
0.63019,0.33306
0.6305,0.33067
0.6308,0.33096
0.63111,0.33317
0.63142,0.33251
0.63173,0.33343
0.63203,0.3328
0.63234,0.32406
0.63265,0.35761
0.63296,0.37243
0.63327,0.35373
0.63358,0.32747
0.63389,0.33614
0.6342,0.33654
0.63451,0.33516
0.63482,0.33494
0.63513,0.3343
0.63544,0.33488
0.63575,0.33562
0.63607,0.3352
0.63638,0.33501
0.63669,0.33535
0.637,0.33581
0.63732,0.33535
0.63763,0.33572
0.63794,0.33559
0.63826,0.33457
0.63857,0.33357
0.63889,0.334
0.6392,0.33536
0.63952,0.33638
0.63983,0.33716
0.64015,0.33756
0.64046,0.33749
0.64078,0.33709
0.6411,0.33757
0.64142,0.33736
0.64173,0.33732
0.64205,0.33708
0.64237,0.33704
0.64269,0.33797
0.64301,0.3379
0.64333,0.33879
0.64364,0.33864
0.64396,0.33822
0.64428,0.33919
0.64461,0.33998
0.64493,0.34061
0.64525,0.33969
0.64557,0.33864
0.64589,0.33826
0.64621,0.33897
0.64653,0.34007
0.64686,0.34076
0.64718,0.34049
0.6475,0.34051
0.64783,0.34244
0.64815,0.34213
0.64847,0.34096
0.6488,0.34056
0.64912,0.34046
0.64945,0.34092
0.64978,0.3411
0.6501,0.34241
0.65043,0.3434
0.65075,0.34366
0.65108,0.34314
0.65141,0.34235
0.65173,0.34232
0.65206,0.34242
0.65239,0.34264
0.65272,0.34242
0.65305,0.34297
0.65338,0.34382
0.65371,0.3445
0.65404,0.34449
0.65437,0.34375
0.6547,0.3435
0.65503,0.34302
0.65536,0.34351
0.65569,0.34443
0.65602,0.34532
0.65635,0.34603
0.65669,0.34548
0.65702,0.34403
0.65735,0.34352
0.65769,0.34494
0.65802,0.34601
0.65836,0.34645
0.65869,0.34575
0.65902,0.34522
0.65936,0.34565
0.6597,0.34589
0.66003,0.34705
0.66037,0.34715
0.6607,0.34701
0.66104,0.34728
0.66138,0.34722
0.66172,0.34733
0.66205,0.34719
0.66239,0.34741
0.66273,0.34675
0.66307,0.34653
0.66341,0.34697
0.66375,0.34736
0.66409,0.34838
0.66443,0.34877
0.66477,0.34878
0.66511,0.34847
0.66545,0.34951
0.66579,0.35086
0.66614,0.35021
0.66648,0.34965
0.66682,0.35043
0.66716,0.35162
0.66751,0.35136
0.66785,0.35132
0.6682,0.35129
0.66854,0.34988
0.66889,0.34981
0.66923,0.35087
0.66958,0.35154
0.66992,0.3524
0.67027,0.35319
0.67062,0.35272
0.67096,0.35227
0.67131,0.35291
0.67166,0.35373
0.67201,0.35409
0.67236,0.35378
0.6727,0.35367
0.67305,0.35395
0.6734,0.3545
0.67375,0.35456
0.6741,0.35411
0.67445,0.3544
0.67481,0.35472
0.67516,0.35499
0.67551,0.3552
0.67586,0.35501
0.67621,0.35524
0.67657,0.35596
0.67692,0.35676
0.67727,0.35691
0.67763,0.35634
0.67798,0.35619
0.67834,0.35658
0.67869,0.35657
0.67905,0.35649
0.6794,0.35663
0.67976,0.35651
0.68012,0.35661
0.68047,0.35675
0.68083,0.35684
0.68119,0.35715
0.68155,0.35743
0.6819,0.35751
0.68226,0.35728
0.68262,0.35724
0.68298,0.35768
0.68334,0.35852
0.6837,0.35952
0.68406,0.35938
0.68443,0.35889
0.68479,0.3601
0.68515,0.36132
0.68551,0.36127
0.68587,0.3609
0.68624,0.36066
0.6866,0.36108
0.68696,0.36143
0.68733,0.36138
0.68769,0.36142
0.68806,0.36114
0.68842,0.36095
0.68879,0.36086
0.68916,0.36076
0.68952,0.36131
0.68989,0.36203
0.69026,0.36263
0.69062,0.36336
0.69099,0.36405
0.69136,0.36443
0.69173,0.36454
0.6921,0.36449
0.69247,0.36445
0.69284,0.36457
0.69321,0.36434
0.69358,0.36434
0.69395,0.36476
0.69432,0.36491
0.6947,0.36573
0.69507,0.36674
0.69544,0.36667
0.69581,0.36612
0.69619,0.36621
0.69656,0.36704
0.69694,0.3673
0.69731,0.36711
0.69769,0.36654
0.69806,0.36629
0.69844,0.36693
0.69881,0.36715
0.69919,0.36767
0.69957,0.36819
0.69995,0.36826
0.70032,0.36871
0.7007,0.36929
0.70108,0.36936
0.70146,0.36886
0.70184,0.36894
0.70222,0.36922
0.7026,0.36987
0.70298,0.37059
0.70336,0.37025
0.70375,0.37024
0.70413,0.37076
0.70451,0.37147
0.70489,0.37172
0.70528,0.37148
0.70566,0.37197
0.70605,0.37206
0.70643,0.3715
0.70682,0.37161
0.7072,0.37242
0.70759,0.37295
0.70797,0.37339
0.70836,0.37402
0.70875,0.37405
0.70914,0.37371
0.70952,0.37342
0.70991,0.37331
0.7103,0.37304
0.71069,0.37331
0.71108,0.37424
0.71147,0.37449
0.71186,0.37456
0.71225,0.37497
0.71265,0.3756
0.71304,0.37581
0.71343,0.37557
0.71382,0.3758
0.71422,0.37624
0.71461,0.3767
0.715,0.3768
0.7154,0.37682
0.71579,0.37726
0.71619,0.37794
0.71658,0.3785
0.71698,0.37832
0.71738,0.37801
0.71777,0.37774
0.71817,0.37746
0.71857,0.37768
0.71897,0.37805
0.71937,0.37866
0.71977,0.37935
0.72017,0.37949
0.72057,0.37961
0.72097,0.3798
0.72137,0.37986
0.72177,0.38049
0.72217,0.38088
0.72258,0.38045
0.72298,0.38033
0.72338,0.38057
0.72379,0.38085
0.72419,0.38121
0.7246,0.38126
0.725,0.38115
0.72541,0.38174
0.72581,0.38207
0.72622,0.38151
0.72663,0.38199
0.72703,0.38275
0.72744,0.38235
0.72785,0.382
0.72826,0.38227
0.72867,0.38303
0.72908,0.38354
0.72949,0.38345
0.7299,0.38368
0.73031,0.38394
0.73072,0.38361
0.73113,0.38329
0.73155,0.38367
0.73196,0.38431
0.73237,0.38522
0.73279,0.38581
0.7332,0.38514
0.73362,0.38449
0.73403,0.3845
0.73445,0.38454
0.73486,0.38479
0.73528,0.38475
0.7357,0.38404
0.73612,0.38403
0.73653,0.38531
0.73695,0.38625
0.73737,0.38645
0.73779,0.38629
0.73821,0.38602
0.73863,0.38613
0.73905,0.38588
0.73948,0.38584
0.7399,0.38638
0.74032,0.3864
0.74074,0.38638
0.74117,0.38652
0.74159,0.38643
0.74202,0.38672
0.74244,0.38733
0.74287,0.3873
0.74329,0.38673
0.74372,0.38646
0.74415,0.38679
0.74457,0.38727
0.745,0.38764
0.74543,0.38789
0.74586,0.38777
0.74629,0.38768
0.74672,0.38782
0.74715,0.3877
0.74758,0.3872
0.74801,0.38665
0.74844,0.38669
0.74887,0.38701
0.74931,0.38753
0.74974,0.38821
0.75017,0.38834
0.75061,0.38822
0.75104,0.38816
0.75148,0.38778
0.75191,0.38726
0.75235,0.38744
0.75279,0.38806
0.75323,0.38822
0.75366,0.38801
0.7541,0.3877
0.75454,0.38746
0.75498,0.38752
0.75542,0.38803
0.75586,0.3882
0.7563,0.38791
0.75674,0.38788
0.75719,0.38791
0.75763,0.3881
0.75807,0.3883
0.75851,0.38808
0.75896,0.38742
0.7594,0.38692
0.75985,0.38688
0.76029,0.38669
0.76074,0.38687
0.76119,0.38713
0.76163,0.38658
0.76208,0.3856
0.76253,0.3853
0.76298,0.38586
0.76343,0.38596
0.76388,0.38637
0.76433,0.38683
0.76478,0.38597
0.76523,0.3855
0.76568,0.38562
0.76614,0.38509
0.76659,0.38447
0.76704,0.38475
0.7675,0.38553
0.76795,0.3854
0.76841,0.38459
0.76886,0.38402
0.76932,0.38373
0.76977,0.38403
0.77023,0.38452
0.77069,0.3845
0.77115,0.38406
0.77161,0.38349
0.77207,0.38322
0.77253,0.38283
0.77299,0.38247
0.77345,0.38252
0.77391,0.38199
0.77437,0.38141
0.77484,0.38119
0.7753,0.38077
0.77576,0.38034
0.77623,0.37983
0.77669,0.37967
0.77716,0.37959
0.77762,0.37933
0.77809,0.37926
0.77856,0.3786
0.77903,0.37759
0.7795,0.37703
0.77996,0.37679
0.78043,0.37667
0.7809,0.37675
0.78138,0.37694
0.78185,0.37653
0.78232,0.3757
0.78279,0.37549
0.78326,0.37549
0.78374,0.37461
0.78421,0.3736
0.78469,0.37329
0.78516,0.37321
0.78564,0.37297
0.78611,0.37265
0.78659,0.37227
0.78707,0.37187
0.78755,0.37186
0.78803,0.37141
0.7885,0.36989
0.78898,0.36896
0.78946,0.36895
0.78995,0.36862
0.79043,0.3678
0.79091,0.36716
0.79139,0.36697
0.79188,0.36687
0.79236,0.36647
0.79284,0.36571
0.79333,0.36497
0.79382,0.36406
0.7943,0.3633
0.79479,0.36289
0.79528,0.36261
0.79576,0.36266
0.79625,0.3621
0.79674,0.36079
0.79723,0.35951
0.79772,0.35861
0.79822,0.35848
0.79871,0.35822
0.7992,0.35758
0.79969,0.35722
0.80019,0.3565
0.80068,0.35536
0.80117,0.35467
0.80167,0.35419
0.80217,0.35338
0.80266,0.35279
0.80316,0.35238
0.80366,0.35157
0.80416,0.35068
0.80466,0.34994
0.80516,0.34927
0.80566,0.34877
0.80616,0.34804
0.80666,0.34702
0.80716,0.34613
0.80766,0.34533
0.80817,0.34501
0.80867,0.3447
0.80918,0.34364
0.80968,0.34259
0.81019,0.34184
0.81069,0.34096
0.8112,0.33954
0.81171,0.33809
0.81222,0.33764
0.81273,0.33747
0.81324,0.33691
0.81375,0.33648
0.81426,0.33619
0.81477,0.33551
0.81528,0.33455
0.8158,0.33347
0.81631,0.33199
0.81682,0.33106
0.81734,0.33114
0.81786,0.33084
0.81837,0.32977
0.81889,0.32858
0.81941,0.32796
0.81992,0.3276
0.82044,0.32669
0.82096,0.32563
0.82148,0.3248
0.822,0.32385
0.82253,0.32271
0.82305,0.32176
0.82357,0.32096
0.82409,0.3201
0.82462,0.3196
0.82514,0.31911
0.82567,0.31814
0.8262,0.31717
0.82672,0.31631
0.82725,0.31571
0.82778,0.3152
0.82831,0.31449
0.82884,0.31386
0.82937,0.31325
0.8299,0.31261
0.83043,0.31178
0.83096,0.3107
0.8315,0.30951
0.83203,0.30845
0.83256,0.30812
0.8331,0.30775
0.83363,0.3065
0.83417,0.30526
0.83471,0.30477
0.83525,0.30435
0.83578,0.30351
0.83632,0.30263
0.83686,0.30163
0.8374,0.30078
0.83794,0.30023
0.83849,0.29951
0.83903,0.29891
0.83957,0.29828
0.84012,0.29747
0.84066,0.29696
0.84121,0.29634
0.84175,0.29526
0.8423,0.29448
0.84285,0.29407
0.8434,0.29327
0.84395,0.29238
0.8445,0.29162
0.84505,0.29085
0.8456,0.29003
0.84615,0.28882
0.8467,0.28793
0.84726,0.28741
0.84781,0.28675
0.84836,0.28613
0.84892,0.28547
0.84948,0.28492
0.85003,0.28431
0.85059,0.28346
0.85115,0.28262
0.85171,0.28177
0.85227,0.28129
0.85283,0.28088
0.85339,0.28004
0.85395,0.27916
0.85452,0.27837
0.85508,0.27776
0.85564,0.27731
0.85621,0.27667
0.85678,0.27597
0.85734,0.2755
0.85791,0.27487
0.85848,0.27393
0.85905,0.27318
0.85962,0.27239
0.86019,0.27166
0.86076,0.27135
0.86133,0.271
0.8619,0.27032
0.86248,0.26961
0.86305,0.26909
0.86362,0.26855
0.8642,0.26821
0.86478,0.26783
0.86535,0.26706
0.86593,0.26628
0.86651,0.26577
0.86709,0.26518
0.86767,0.26439
0.86825,0.26368
0.86883,0.26332
0.86942,0.26308
0.87,0.26254
0.87058,0.26176
0.87117,0.26105
0.87176,0.26072
0.87234,0.26068
0.87293,0.26018
0.87352,0.25941
0.87411,0.2589
0.8747,0.25839
0.87529,0.25782
0.87588,0.25735
0.87647,0.2569
0.87706,0.25648
0.87766,0.25602
0.87825,0.2554
0.87885,0.25497
0.87944,0.2548
0.88004,0.25438
0.88064,0.25387
0.88124,0.2535
0.88184,0.25306
0.88244,0.2526
0.88304,0.25219
0.88364,0.25178
0.88424,0.25131
0.88485,0.25089
0.88545,0.25053
0.88606,0.2502
0.88666,0.24991
0.88727,0.24958
0.88788,0.24919
0.88849,0.24879
0.8891,0.24841
0.88971,0.24798
0.89032,0.24762
0.89093,0.24746
0.89154,0.24724
0.89215,0.24687
0.89277,0.24642
0.89338,0.24597
0.894,0.24562
0.89462,0.2453
0.89524,0.24502
0.89585,0.24483
0.89647,0.24464
0.89709,0.24438
0.89772,0.24413
0.89834,0.24387
0.89896,0.24367
0.89958,0.24365
0.90021,0.24353
0.90083,0.24314
0.90146,0.24278
0.90209,0.2426
0.90272,0.24247
0.90335,0.24233
0.90398,0.24223
0.90461,0.24217
0.90524,0.24208
0.90587,0.24193
0.9065,0.24172
0.90714,0.24155
0.90777,0.24132
0.90841,0.2411
0.90905,0.24108
0.90968,0.24108
0.91032,0.24097
0.91096,0.24084
0.9116,0.24082
0.91225,0.24084
0.91289,0.24074
0.91353,0.24061
0.91418,0.24051
0.91482,0.24051
0.91547,0.24054
0.91611,0.24059
0.91676,0.24061
0.91741,0.24057
0.91806,0.24063
0.91871,0.24068
0.91936,0.24069
0.92001,0.2407
0.92067,0.24068
0.92132,0.2407
0.92198,0.24075
0.92263,0.24087
0.92329,0.24098
0.92395,0.24096
0.92461,0.24092
0.92527,0.241
0.92593,0.24119
0.92659,0.24137
0.92725,0.24152
0.92792,0.24173
0.92858,0.24193
0.92925,0.24214
0.92991,0.24236
0.93058,0.24261
0.93125,0.24289
0.93192,0.24311
0.93259,0.24338
0.93326,0.24371
0.93393,0.24396
0.93461,0.24423
0.93528,0.24455
0.93596,0.24485
0.93663,0.24514
0.93731,0.24536
0.93799,0.24559
0.93867,0.24585
0.93935,0.24617
0.94003,0.24663
0.94071,0.24703
0.9414,0.24733
0.94208,0.24764
0.94276,0.24799
0.94345,0.24829
0.94414,0.24865
0.94483,0.24903
0.94551,0.24937
0.94621,0.24976
0.9469,0.25022
0.94759,0.25066
0.94828,0.25106
0.94898,0.25146
0.94967,0.25191
0.95037,0.2524
0.95106,0.2529
0.95176,0.25344
0.95246,0.25395
0.95316,0.25445
0.95386,0.25495
0.95457,0.25548
0.95527,0.25606
0.95597,0.25663
0.95668,0.25719
0.95739,0.25776
0.95809,0.25831
0.9588,0.25892
0.95951,0.25962
0.96022,0.26028
0.96094,0.26097
0.96165,0.26164
0.96236,0.26222
0.96308,0.26283
0.96379,0.26354
0.96451,0.26428
0.96523,0.26505
0.96595,0.26578
0.96667,0.26652
0.96739,0.2673
0.96811,0.26805
0.96883,0.26875
0.96956,0.26949
0.97029,0.27018
0.97101,0.27092
0.97174,0.27176
0.97247,0.27259
0.9732,0.27342
0.97393,0.27423
0.97466,0.27504
0.9754,0.27592
0.97613,0.27683
0.97687,0.2776
0.9776,0.27829
0.97834,0.27904
0.97908,0.27991
0.97982,0.2809
0.98056,0.28193
0.9813,0.28289
0.98205,0.28381
0.98279,0.28479
0.98354,0.28581
0.98428,0.28682
0.98503,0.28785
0.98578,0.28885
0.98653,0.28984
0.98728,0.29086
0.98803,0.29189
0.98879,0.29287
0.98954,0.29393
0.9903,0.29504
0.99106,0.29609
0.99181,0.29707
0.99257,0.29809
0.99333,0.29909
0.9941,0.30004
0.99486,0.30105
0.99562,0.30213
0.99639,0.30315
0.99715,0.30422
0.99792,0.30541
0.99869,0.30656
0.99946,0.3077
1.0002,0.30887
1.001,0.31005
1.0018,0.31117
1.0026,0.31233
1.0033,0.31355
1.0041,0.31474
1.0047,0.31557
1.0049,0.31626
1.0051,0.31642
1.0053,0.31684
1.0055,0.31724
1.0057,0.31755
1.0059,0.31778
1.0061,0.31791
1.0062,0.31887
1.0064,0.32035
1.0066,0.32077
1.0068,0.32098
1.007,0.32184
1.0072,0.32134
1.0074,0.31947
1.0076,0.31885
1.0078,0.31923
1.008,0.31909
1.0082,0.31942
1.0084,0.32087
1.0086,0.32219
1.0088,0.32315
1.009,0.32453
1.0092,0.32609
1.0094,0.32661
1.0096,0.32588
1.0098,0.32485
1.01,0.32412
1.0102,0.32404
1.0104,0.32498
1.0106,0.32596
1.0108,0.32556
1.011,0.32458
1.0112,0.32432
1.0114,0.32436
1.0115,0.3244
1.0117,0.32508
1.0119,0.32635
1.0121,0.32757
1.0123,0.32825
1.0125,0.32811
1.0127,0.32801
1.0129,0.32913
1.0131,0.33066
1.0133,0.33062
1.0135,0.32914
1.0137,0.32859
1.0139,0.33039
1.0141,0.33296
1.0143,0.33373
1.0145,0.33293
1.0147,0.33293
1.0149,0.33379
1.0151,0.33346
1.0153,0.33223
1.0155,0.33194
1.0157,0.3324
1.0159,0.33277
1.0161,0.33359
1.0163,0.33482
1.0165,0.3354
1.0167,0.33497
1.0169,0.33416
1.0171,0.33417
1.0173,0.33527
1.0175,0.33611
1.0177,0.33644
1.0179,0.33754
1.0181,0.33872
1.0183,0.33842
1.0185,0.33796
1.0187,0.33929
1.0189,0.34121
1.0191,0.34163
1.0193,0.34069
1.0195,0.33982
1.0197,0.33967
1.0199,0.34034
1.0201,0.34153
1.0203,0.34178
1.0205,0.34018
1.0207,0.33894
1.0209,0.34029
1.0211,0.3425
1.0213,0.34286
1.0215,0.34177
1.0217,0.34103
1.0219,0.34099
1.0221,0.34124
1.0223,0.34222
1.0225,0.34447
1.0227,0.34677
1.0229,0.3471
1.0231,0.34567
1.0233,0.34468
1.0235,0.3452
1.0237,0.34599
1.0239,0.34578
1.0241,0.34559
1.0243,0.34649
1.0245,0.34715
1.0247,0.34664
1.0249,0.34666
1.0251,0.3482
1.0254,0.34994
1.0256,0.35076
1.0258,0.35084
1.026,0.35111
1.0262,0.35195
1.0264,0.35231
1.0266,0.3517
1.0268,0.35124
1.027,0.35131
1.0272,0.35109
1.0274,0.35077
1.0276,0.35084
1.0278,0.35089
1.028,0.35109
1.0282,0.35237
1.0284,0.35438
1.0286,0.35562
1.0288,0.35591
1.029,0.35608
1.0292,0.35625
1.0294,0.35627
1.0296,0.35641
1.0298,0.35647
1.03,0.35611
1.0302,0.35566
1.0304,0.35542
1.0307,0.35562
1.0309,0.35656
1.0311,0.35772
1.0313,0.35836
1.0315,0.3589
1.0317,0.35954
1.0319,0.35983
1.0321,0.36
1.0323,0.36067
1.0325,0.36167
1.0327,0.36211
1.0329,0.36178
1.0331,0.36166
1.0333,0.36217
1.0335,0.36245
1.0337,0.36275
1.0339,0.36414
1.0341,0.36537
1.0344,0.3648
1.0346,0.36348
1.0348,0.36289
1.035,0.36334
1.0352,0.36465
1.0354,0.36562
1.0356,0.3659
1.0358,0.36713
1.036,0.36845
1.0362,0.36688
1.0364,0.3644
1.0366,0.36541
1.0368,0.36812
1.037,0.36825
1.0372,0.36694
1.0375,0.36698
1.0377,0.36789
1.0379,0.36875
1.0381,0.3693
1.0383,0.36898
1.0385,0.36881
1.0387,0.37003
1.0389,0.37148
1.0391,0.37229
1.0393,0.37331
1.0395,0.37408
1.0397,0.37334
1.04,0.37161
1.0402,0.37034
1.0404,0.3703
1.0406,0.37125
1.0408,0.37247
1.041,0.37417
1.0412,0.37635
1.0414,0.37752
1.0416,0.37714
1.0418,0.37642
1.042,0.37573
1.0423,0.37505
1.0425,0.37502
1.0427,0.37562
1.0429,0.37668
1.0431,0.37859
1.0433,0.38023
1.0435,0.37981
1.0437,0.37803
1.0439,0.37697
1.0441,0.37731
1.0444,0.37808
1.0446,0.37824
1.0448,0.37806
1.045,0.3786
1.0452,0.37984
1.0454,0.38097
1.0456,0.38184
1.0458,0.38246
1.046,0.38263
1.0462,0.38273
1.0465,0.3832
1.0467,0.38351
1.0469,0.38319
1.0471,0.38287
1.0473,0.38331
1.0475,0.38417
1.0477,0.38436
1.0479,0.38403
1.0482,0.38463
1.0484,0.38624
1.0486,0.38672
1.0488,0.38543
1.049,0.38451
1.0492,0.38522
1.0494,0.38641
1.0496,0.38679
1.0498,0.38638
1.0501,0.38591
1.0503,0.38573
1.0505,0.38582
1.0507,0.38665
1.0509,0.38853
1.0511,0.39043
1.0513,0.39132
1.0516,0.3914
1.0518,0.3911
1.052,0.39092
1.0522,0.39141
1.0524,0.392
1.0526,0.39173
1.0528,0.39107
1.053,0.39088
1.0533,0.39121
1.0535,0.39203
1.0537,0.39327
1.0539,0.39431
1.0541,0.39473
1.0543,0.39501
1.0545,0.39556
1.0548,0.3958
1.055,0.3952
1.0552,0.39446
1.0554,0.39488
1.0556,0.39661
1.0558,0.39818
1.056,0.3981
1.0563,0.39667
1.0565,0.39531
1.0567,0.3946
1.0569,0.39463
1.0571,0.39572
1.0573,0.39751
1.0576,0.39903
1.0578,0.3999
1.058,0.40009
1.0582,0.39946
1.0584,0.39858
1.0586,0.39868
1.0589,0.39978
1.0591,0.40059
1.0593,0.40054
1.0595,0.40025
1.0597,0.40002
1.0599,0.39991
1.0602,0.40041
1.0604,0.40123
1.0606,0.40134
1.0608,0.40093
1.061,0.40095
1.0612,0.40135
1.0615,0.40181
1.0617,0.40285
1.0619,0.40416
1.0621,0.40428
1.0623,0.40359
1.0625,0.40396
1.0628,0.40515
1.063,0.40556
1.0632,0.4055
1.0634,0.40566
1.0636,0.40568
1.0639,0.4059
1.0641,0.40686
1.0643,0.408
1.0645,0.40919
1.0647,0.41022
1.0649,0.4101
1.0652,0.40951
1.0654,0.40994
1.0656,0.4106
1.0658,0.41062
1.066,0.41071
1.0663,0.41073
1.0665,0.4104
1.0667,0.41077
1.0669,0.41186
1.0671,0.41241
1.0674,0.41233
1.0676,0.41237
1.0678,0.41239
1.068,0.41215
1.0682,0.41223
1.0685,0.41293
1.0687,0.41377
1.0689,0.41438
1.0691,0.41475
1.0693,0.41478
1.0696,0.41478
1.0698,0.41492
1.07,0.41451
1.0702,0.41387
1.0704,0.41463
1.0707,0.41636
1.0709,0.41709
1.0711,0.41717
1.0713,0.41828
1.0715,0.41978
1.0718,0.41972
1.072,0.41801
1.0722,0.41664
1.0724,0.41695
1.0727,0.41832
1.0729,0.41955
1.0731,0.42015
1.0733,0.42032
1.0735,0.42046
1.0738,0.42039
1.074,0.41966
1.0742,0.41884
1.0744,0.41903
1.0747,0.42057
1.0749,0.42293
1.0751,0.42466
1.0753,0.42454
1.0755,0.42348
1.0758,0.42333
1.076,0.42437
1.0762,0.42523
1.0764,0.42477
1.0767,0.42397
1.0769,0.42466
1.0771,0.42614
1.0773,0.42669
1.0776,0.42675
1.0778,0.42677
1.078,0.42602
1.0782,0.42509
1.0785,0.42513
1.0787,0.4258
1.0789,0.42655
1.0791,0.42706
1.0794,0.42687
1.0796,0.42665
1.0798,0.42724
1.08,0.42793
1.0803,0.42783
1.0805,0.42723
1.0807,0.42713
1.0809,0.42794
1.0812,0.42879
1.0814,0.42883
1.0816,0.42864
1.0818,0.42898
1.0821,0.42979
1.0823,0.43079
1.0825,0.43143
1.0827,0.43129
1.083,0.43092
1.0832,0.43099
1.0834,0.43143
1.0836,0.43183
1.0839,0.43194
1.0841,0.43219
1.0843,0.43304
1.0845,0.43396
1.0848,0.43416
1.085,0.43385
1.0852,0.43352
1.0855,0.43347
1.0857,0.43395
1.0859,0.43447
1.0861,0.43441
1.0864,0.43427
1.0866,0.43452
1.0868,0.43498
1.087,0.43555
1.0873,0.43617
1.0875,0.4364
1.0877,0.43641
1.088,0.4368
1.0882,0.43736
1.0884,0.43755
1.0886,0.4375
1.0889,0.4375
1.0891,0.43757
1.0893,0.43766
1.0896,0.43794
1.0898,0.43855
1.09,0.43909
1.0902,0.43929
1.0905,0.43958
1.0907,0.44006
1.0909,0.44019
1.0912,0.43995
1.0914,0.43985
1.0916,0.4402
1.0919,0.44124
1.0921,0.44245
1.0923,0.4428
1.0925,0.44253
1.0928,0.4424
1.093,0.44216
1.0932,0.44218
1.0935,0.44307
1.0937,0.44368
1.0939,0.44334
1.0942,0.44343
1.0944,0.44416
1.0946,0.4447
1.0948,0.44516
1.0951,0.4453
1.0953,0.44456
1.0955,0.44387
1.0958,0.44412
1.096,0.44498
1.0962,0.44593
1.0965,0.44656
1.0967,0.44693
1.0969,0.44768
1.0972,0.4483
1.0974,0.44793
1.0976,0.44713
1.0979,0.44667
1.0981,0.44674
1.0983,0.44759
1.0986,0.44873
1.0988,0.44913
1.099,0.44883
1.0993,0.4485
1.0995,0.44852
1.0997,0.44893
1.1,0.44924
1.1002,0.44934
1.1004,0.44982
1.1007,0.4503
1.1009,0.44998
1.1011,0.44936
1.1014,0.44929
1.1016,0.44999
1.1018,0.45119
1.1021,0.45166
1.1023,0.45077
1.1025,0.45017
1.1028,0.45094
1.103,0.4519
1.1032,0.45227
1.1035,0.45231
1.1037,0.45223
1.1039,0.45248
1.1042,0.453
1.1044,0.45292
1.1046,0.45222
1.1049,0.45189
1.1051,0.45232
1.1054,0.45337
1.1056,0.45446
1.1058,0.45455
1.1061,0.45383
1.1063,0.45356
1.1065,0.45403
1.1068,0.45474
1.107,0.45543
1.1072,0.4559
1.1075,0.45634
1.1077,0.45722
1.1079,0.45804
1.1082,0.45778
1.1084,0.45676
1.1087,0.45623
1.1089,0.45663
1.1091,0.45737
1.1094,0.4579
1.1096,0.45824
1.1098,0.45839
1.1101,0.45837
1.1103,0.45863
1.1106,0.45914
1.1108,0.45903
1.111,0.45827
1.1113,0.45792
1.1115,0.45802
1.1118,0.45776
1.112,0.4573
1.1122,0.45749
1.1125,0.45822
1.1127,0.45877
1.1129,0.45904
1.1132,0.45947
1.1134,0.46022
1.1137,0.46122
1.1139,0.46222
1.1141,0.46274
1.1144,0.46251
1.1146,0.46177
1.1149,0.46111
1.1151,0.46122
1.1153,0.46187
1.1156,0.46177
1.1158,0.46113
1.1161,0.46164
1.1163,0.46296
1.1165,0.46345
1.1168,0.46359
1.117,0.46427
1.1173,0.46474
1.1175,0.46471
1.1177,0.46483
1.118,0.46484
1.1182,0.46431
1.1185,0.46364
1.1187,0.4631
1.1189,0.46299
1.1192,0.46386
1.1194,0.46547
1.1197,0.46689
1.1199,0.46763
1.1202,0.46775
1.1204,0.46757
1.1206,0.46744
1.1209,0.4674
1.1211,0.46746
1.1214,0.46783
1.1216,0.46828
1.1219,0.46838
1.1221,0.46829
1.1223,0.46825
1.1226,0.46808
1.1228,0.46786
1.1231,0.46775
1.1233,0.46762
1.1236,0.46756
1.1238,0.46791
1.124,0.46867
1.1243,0.46957
1.1245,0.47019
1.1248,0.47018
1.125,0.47001
1.1253,0.47023
1.1255,0.47044
1.1257,0.47038
1.126,0.47042
1.1262,0.4705
1.1265,0.47043
1.1267,0.47033
1.127,0.47009
1.1272,0.46986
1.1275,0.47016
1.1277,0.47075
1.128,0.47115
1.1282,0.47148
1.1284,0.47179
1.1287,0.47187
1.1289,0.47196
1.1292,0.47222
1.1294,0.47234
1.1297,0.47211
1.1299,0.47157
1.1302,0.47103
1.1304,0.47109
1.1307,0.47185
1.1309,0.47269
1.1312,0.47289
1.1314,0.47244
1.1316,0.47217
1.1319,0.47265
1.1321,0.47341
1.1324,0.47382
1.1326,0.47385
1.1329,0.47381
1.1331,0.47415
1.1334,0.47481
1.1336,0.47487
1.1339,0.47393
1.1341,0.47302
1.1344,0.47298
1.1346,0.47354
1.1349,0.47431
1.1351,0.47517
1.1354,0.47592
1.1356,0.47632
1.1359,0.47647
1.1361,0.47682
1.1364,0.47762
1.1366,0.47827
1.1369,0.47828
1.1371,0.47813
1.1374,0.47817
1.1376,0.47813
1.1379,0.4782
1.1381,0.47857
1.1384,0.4786
1.1386,0.478
1.1389,0.4774
1.1391,0.47724
1.1394,0.47756
1.1396,0.47814
1.1399,0.47849
1.1401,0.47864
1.1404,0.47918
1.1406,0.47989
1.1409,0.48018
1.1411,0.48024
1.1414,0.48051
1.1416,0.48077
1.1419,0.48056
1.1421,0.48002
1.1424,0.47987
1.1426,0.48022
1.1429,0.48035
1.1431,0.48007
1.1434,0.47966
1.1436,0.47925
1.1439,0.47909
1.1441,0.4794
1.1444,0.48002
1.1446,0.4808
1.1449,0.48156
1.1451,0.48203
1.1454,0.48222
1.1456,0.4821
1.1459,0.48169
1.1462,0.48156
1.1464,0.482
1.1467,0.48274
1.1469,0.4837
1.1472,0.48447
1.1474,0.48438
1.1477,0.48388
1.1479,0.48379
1.1482,0.48411
1.1484,0.48451
1.1487,0.48431
1.1489,0.4832
1.1492,0.48244
1.1495,0.48281
1.1497,0.48311
1.15,0.48277
1.1502,0.4828
1.1505,0.48367
1.1507,0.48472
1.151,0.48509
1.1512,0.48473
1.1515,0.48427
1.1518,0.48401
1.152,0.4837
1.1523,0.48338
1.1525,0.48335
1.1528,0.48371
1.153,0.48426
1.1533,0.48467
1.1535,0.48508
1.1538,0.48571
1.1541,0.48601
1.1543,0.48582
1.1546,0.48583
1.1548,0.48606
1.1551,0.48623
1.1553,0.48652
1.1556,0.48661
1.1559,0.48624
1.1561,0.48613
1.1564,0.48671
1.1566,0.48745
1.1569,0.48776
1.1572,0.48753
1.1574,0.48737
1.1577,0.48764
1.1579,0.48759
1.1582,0.48725
1.1584,0.48754
1.1587,0.4881
1.159,0.48797
1.1592,0.48758
1.1595,0.48751
1.1597,0.48761
1.16,0.48774
1.1603,0.48796
1.1605,0.48837
1.1608,0.48886
1.161,0.48903
1.1613,0.48897
1.1616,0.48905
1.1618,0.48918
1.1621,0.48971
1.1623,0.49091
1.1626,0.49176
1.1629,0.49144
1.1631,0.49051
1.1634,0.48973
1.1636,0.48941
1.1639,0.48944
1.1642,0.48951
1.1644,0.4898
1.1647,0.49067
1.165,0.49162
1.1652,0.4919
1.1655,0.4914
1.1657,0.49053
1.166,0.49001
1.1663,0.49003
1.1665,0.49012
1.1668,0.49016
1.1671,0.49056
1.1673,0.49128
1.1676,0.49184
1.1678,0.49205
1.1681,0.49231
1.1684,0.49276
1.1686,0.49273
1.1689,0.492
1.1692,0.49147
1.1694,0.49166
1.1697,0.49212
1.1699,0.4926
1.1702,0.49311
1.1705,0.49344
1.1707,0.49343
1.171,0.49322
1.1713,0.49312
1.1715,0.49311
1.1718,0.49279
1.1721,0.49231
1.1723,0.4923
1.1726,0.49268
1.1729,0.49304
1.1731,0.49332
1.1734,0.49369
1.1737,0.49419
1.1739,0.49438
1.1742,0.49384
1.1745,0.49339
1.1747,0.4938
1.175,0.49414
1.1752,0.49383
1.1755,0.49385
1.1758,0.49445
1.176,0.4948
1.1763,0.49482
1.1766,0.49491
1.1769,0.49498
1.1771,0.49501
1.1774,0.49533
1.1777,0.49585
1.1779,0.49605
1.1782,0.49583
1.1785,0.49574
1.1787,0.49596
1.179,0.49607
1.1793,0.49599
1.1795,0.49597
1.1798,0.49591
1.1801,0.49581
1.1803,0.49595
1.1806,0.49628
1.1809,0.49643
1.1811,0.49618
1.1814,0.4958
1.1817,0.49582
1.1819,0.49651
1.1822,0.49736
1.1825,0.49751
1.1828,0.49689
1.183,0.49637
1.1833,0.49662
1.1836,0.49723
1.1838,0.49753
1.1841,0.49752
1.1844,0.4976
1.1846,0.49795
1.1849,0.49848
1.1852,0.49896
1.1855,0.49915
1.1857,0.49906
1.186,0.49906
1.1863,0.49928
1.1865,0.49946
1.1868,0.4995
1.1871,0.49941
1.1874,0.49901
1.1876,0.49854
1.1879,0.49855
1.1882,0.49868
1.1884,0.49839
1.1887,0.49827
1.189,0.49877
1.1893,0.49922
1.1895,0.49925
1.1898,0.49931
1.1901,0.49959
1.1904,0.49986
1.1906,0.5002
1.1909,0.50071
1.1912,0.50096
1.1915,0.5005
1.1917,0.4998
1.192,0.49974
1.1923,0.5002
1.1925,0.50043
1.1928,0.50041
1.1931,0.50043
1.1934,0.50046
1.1936,0.50075
1.1939,0.50154
1.1942,0.50219
1.1945,0.50217
1.1947,0.50202
1.195,0.50202
1.1953,0.50189
1.1956,0.50179
1.1958,0.50204
1.1961,0.50241
1.1964,0.50281
1.1967,0.50323
1.197,0.50324
1.1972,0.50286
1.1975,0.50279
1.1978,0.50316
1.1981,0.50352
1.1983,0.50369
1.1986,0.5037
1.1989,0.50366
1.1992,0.50354
1.1994,0.50314
1.1997,0.50271
1.2,0.50283
1.2003,0.50321
1.2006,0.50332
1.2008,0.5036
1.2011,0.50425
1.2014,0.50474
1.2017,0.50494
1.2019,0.505
1.2022,0.50481
1.2025,0.50461
1.2028,0.5046
1.2031,0.50449
1.2033,0.5043
1.2036,0.50442
1.2039,0.50475
1.2042,0.50501
1.2045,0.50515
1.2047,0.5051
1.205,0.50494
1.2053,0.50497
1.2056,0.50516
1.2059,0.50529
1.2061,0.5054
1.2064,0.50564
1.2067,0.50593
1.207,0.50605
1.2073,0.50591
1.2075,0.50566
1.2078,0.5055
1.2081,0.50541
1.2084,0.50534
1.2087,0.5053
1.209,0.50531
1.2092,0.50547
1.2095,0.50579
1.2098,0.50605
1.2101,0.50618
1.2104,0.50629
1.2106,0.50635
1.2109,0.5065
1.2112,0.50693
1.2115,0.50738
1.2118,0.50759
1.2121,0.5075
1.2123,0.50699
1.2126,0.50646
1.2129,0.50648
1.2132,0.50668
1.2135,0.50684
1.2138,0.50756
1.214,0.50838
1.2143,0.5082
1.2146,0.50772
1.2149,0.50807
1.2152,0.5087
1.2155,0.50883
1.2158,0.50854
1.216,0.50809
1.2163,0.50783
1.2166,0.50798
1.2169,0.50817
1.2172,0.50822
1.2175,0.50844
1.2178,0.50884
1.218,0.50911
1.2183,0.50912
1.2186,0.50907
1.2189,0.50932
1.2192,0.50953
1.2195,0.5091
1.2198,0.50859
1.22,0.50884
1.2203,0.50938
1.2206,0.50951
1.2209,0.50941
1.2212,0.50921
1.2215,0.50902
1.2218,0.50919
1.2221,0.50968
1.2223,0.51014
1.2226,0.51055
1.2229,0.51095
1.2232,0.51117
1.2235,0.51098
1.2238,0.51039
1.2241,0.50997
1.2244,0.51014
1.2247,0.5104
1.2249,0.51034
1.2252,0.51039
1.2255,0.51067
1.2258,0.5107
1.2261,0.51057
1.2264,0.51065
1.2267,0.51057
1.227,0.51007
1.2273,0.5099
1.2276,0.51038
1.2278,0.51059
1.2281,0.51026
1.2284,0.51048
1.2287,0.51147
1.229,0.51208
1.2293,0.51173
1.2296,0.51115
1.2299,0.51114
1.2302,0.51159
1.2305,0.51194
1.2308,0.51202
1.2311,0.51204
1.2313,0.51207
1.2316,0.51205
1.2319,0.51188
1.2322,0.51164
1.2325,0.51173
1.2328,0.51214
1.2331,0.51231
1.2334,0.51223
1.2337,0.51232
1.234,0.5124
1.2343,0.51227
1.2346,0.51221
1.2349,0.51232
1.2352,0.51239
1.2355,0.51228
1.2357,0.51209
1.236,0.51205
1.2363,0.51209
1.2366,0.51205
1.2369,0.51226
1.2372,0.51268
1.2375,0.51276
1.2378,0.51275
1.2381,0.51315
1.2384,0.5135
1.2387,0.51352
1.239,0.51365
1.2393,0.51384
1.2396,0.51383
1.2399,0.51382
1.2402,0.51382
1.2405,0.51361
1.2408,0.51341
1.2411,0.51349
1.2414,0.51391
1.2417,0.51459
1.242,0.51524
1.2423,0.51557
1.2426,0.51557
1.2429,0.51532
1.2432,0.51493
1.2435,0.51463
1.2438,0.51451
1.2441,0.5145
1.2443,0.51461
1.2446,0.51476
1.2449,0.51479
1.2452,0.5148
1.2455,0.515
1.2458,0.51529
1.2461,0.51542
1.2464,0.51533
1.2467,0.51498
1.247,0.51455
1.2473,0.51453
1.2476,0.51503
1.2479,0.51549
1.2482,0.51565
1.2485,0.51585
1.2488,0.5161
1.2491,0.5161
1.2494,0.5159
1.2497,0.51575
1.25,0.51567
1.2504,0.51569
1.2507,0.51564
1.251,0.51535
1.2513,0.51534
1.2516,0.51595
1.2519,0.51644
1.2522,0.51628
1.2525,0.51614
1.2528,0.51646
1.2531,0.51684
1.2534,0.51711
1.2537,0.51729
1.254,0.51714
1.2543,0.51675
1.2546,0.51652
1.2549,0.51656
1.2552,0.51677
1.2555,0.51703
1.2558,0.51717
1.2561,0.51716
1.2564,0.517
1.2567,0.51673
1.257,0.51656
1.2573,0.51667
1.2576,0.51693
1.2579,0.51708
1.2582,0.51719
1.2585,0.51732
1.2588,0.51742
1.2592,0.51746
1.2595,0.51748
1.2598,0.51741
1.2601,0.51732
1.2604,0.51749
1.2607,0.51789
1.261,0.51797
1.2613,0.51747
1.2616,0.51688
1.2619,0.51674
1.2622,0.51704
1.2625,0.51741
1.2628,0.51761
1.2631,0.51759
1.2635,0.51747
1.2638,0.51755
1.2641,0.51799
1.2644,0.51855
1.2647,0.51885
1.265,0.51874
1.2653,0.51852
1.2656,0.51854
1.2659,0.51881
1.2662,0.51907
1.2665,0.51911
1.2668,0.51886
1.2672,0.51853
1.2675,0.51848
1.2678,0.5187
1.2681,0.51893
1.2684,0.51905
1.2687,0.51912
1.269,0.51916
1.2693,0.51916
1.2696,0.51906
1.2699,0.51903
1.2703,0.51914
1.2706,0.51912
1.2709,0.51899
1.2712,0.51914
1.2715,0.51959
1.2718,0.52008
1.2721,0.52035
1.2724,0.52025
1.2728,0.51995
1.2731,0.51973
1.2734,0.51959
1.2737,0.51955
1.274,0.51975
1.2743,0.51993
1.2746,0.51978
1.2749,0.51958
1.2753,0.5198
1.2756,0.52043
1.2759,0.52098
1.2762,0.52101
1.2765,0.52067
1.2768,0.52028
1.2771,0.51986
1.2775,0.51949
1.2778,0.5195
1.2781,0.51992
1.2784,0.52017
1.2787,0.51991
1.279,0.51957
1.2793,0.51952
1.2797,0.51968
1.28,0.52001
1.2803,0.52056
1.2806,0.5209
1.2809,0.52059
1.2812,0.52007
1.2816,0.51994
1.2819,0.52012
1.2822,0.52018
1.2825,0.52012
1.2828,0.52021
1.2831,0.52046
1.2835,0.52066
1.2838,0.52068
1.2841,0.52066
1.2844,0.5208
1.2847,0.52091
1.2851,0.52056
1.2854,0.52018
1.2857,0.52036
1.286,0.52058
1.2863,0.52033
1.2867,0.52019
1.287,0.52039
1.2873,0.52052
1.2876,0.52056
1.2879,0.52052
1.2882,0.52035
1.2886,0.52026
1.2889,0.52032
1.2892,0.52048
1.2895,0.52073
1.2899,0.52078
1.2902,0.52066
1.2905,0.52075
1.2908,0.5209
1.2911,0.52097
1.2915,0.52107
1.2918,0.52091
1.2921,0.52063
1.2924,0.52071
1.2927,0.52049
1.2931,0.5198
1.2934,0.51979
1.2937,0.52042
1.294,0.5206
1.2944,0.5205
1.2947,0.52054
1.295,0.52053
1.2953,0.52042
1.2957,0.52026
1.296,0.52012
1.2963,0.52035
1.2966,0.52077
1.2969,0.5209
1.2973,0.52088
1.2976,0.52082
1.2979,0.5205
1.2982,0.52015
1.2986,0.52016
1.2989,0.52027
1.2992,0.52015
1.2996,0.51999
1.2999,0.52013
1.3002,0.52036
1.3005,0.52032
1.3009,0.52027
1.3012,0.52043
1.3015,0.52034
1.3018,0.52008
1.3022,0.52033
1.3025,0.52089
1.3028,0.52095
1.3031,0.52053
1.3035,0.52032
1.3038,0.52055
1.3041,0.5207
1.3045,0.52044
1.3048,0.52019
1.3051,0.52022
1.3054,0.52012
1.3058,0.51968
1.3061,0.51939
1.3064,0.51958
1.3068,0.52015
1.3071,0.52077
1.3074,0.52095
1.3077,0.52054
1.3081,0.52021
1.3084,0.52024
1.3087,0.52005
1.3091,0.51958
1.3094,0.5196
1.3097,0.52011
1.3101,0.52038
1.3104,0.52027
1.3107,0.52023
1.3111,0.52041
1.3114,0.52043
1.3117,0.52001
1.312,0.51966
1.3124,0.51975
1.3127,0.51992
1.313,0.5201
1.3134,0.52027
1.3137,0.51997
1.314,0.51945
1.3144,0.51958
1.3147,0.51998
1.315,0.51993
1.3154,0.5197
1.3157,0.51954
1.316,0.51951
1.3164,0.51985
1.3167,0.52028
1.317,0.52027
1.3174,0.51981
1.3177,0.51915
1.318,0.51874
1.3184,0.5189
1.3187,0.5192
1.3191,0.51939
1.3194,0.51984
1.3197,0.52034
1.3201,0.52039
1.3204,0.52016
1.3207,0.51983
1.3211,0.51948
1.3214,0.51945
1.3217,0.51977
1.3221,0.51992
1.3224,0.51968
1.3228,0.51935
1.3231,0.51923
1.3234,0.51942
1.3238,0.51962
1.3241,0.51956
1.3244,0.51924
1.3248,0.51877
1.3251,0.5183
1.3255,0.518
1.3258,0.51795
1.3261,0.51822
1.3265,0.51868
1.3268,0.51903
1.3272,0.51917
1.3275,0.51905
1.3278,0.51862
1.3282,0.51825
1.3285,0.51834
1.3289,0.51863
1.3292,0.51868
1.3295,0.51853
1.3299,0.51848
1.3302,0.51851
1.3306,0.51832
1.3309,0.51795
1.3312,0.5179
1.3316,0.51805
1.3319,0.51789
1.3323,0.5176
1.3326,0.51757
1.333,0.51765
1.3333,0.51768
1.3336,0.51773
1.334,0.51764
1.3343,0.51738
1.3347,0.51721
1.335,0.51728
1.3354,0.51748
1.3357,0.51758
1.336,0.51749
1.3364,0.51746
1.3367,0.51772
1.3371,0.51793
1.3374,0.51771
1.3378,0.51726
1.3381,0.51689
1.3385,0.51659
1.3388,0.51635
1.3392,0.51632
1.3395,0.51647
1.3398,0.51658
1.3402,0.5167
1.3405,0.51694
1.3409,0.51707
1.3412,0.51685
1.3416,0.51652
1.3419,0.51627
1.3423,0.51595
1.3426,0.51559
1.343,0.51554
1.3433,0.51579
1.3437,0.51605
1.344,0.51611
1.3444,0.5159
1.3447,0.5156
1.3451,0.51549
1.3454,0.51555
1.3458,0.51569
1.3461,0.51581
1.3465,0.51568
1.3468,0.51543
1.3472,0.51533
1.3475,0.51527
1.3479,0.51515
1.3482,0.51511
1.3486,0.51495
1.3489,0.51468
1.3493,0.51495
1.3496,0.51569
1.35,0.51595
1.3503,0.51537
1.3507,0.51456
1.351,0.51407
1.3514,0.51386
1.3517,0.51346
1.3521,0.51287
1.3524,0.51267
1.3528,0.51296
1.3531,0.51308
1.3535,0.51286
1.3538,0.51276
1.3542,0.51291
1.3545,0.51284
1.3549,0.51233
1.3553,0.51179
1.3556,0.51163
1.356,0.51186
1.3563,0.51215
1.3567,0.51226
1.357,0.51226
1.3574,0.51239
1.3577,0.51253
1.3581,0.51242
1.3585,0.51223
1.3588,0.51214
1.3592,0.51197
1.3595,0.5118
1.3599,0.51182
1.3602,0.51172
1.3606,0.51138
1.3609,0.51115
1.3613,0.51121
1.3617,0.51119
1.362,0.51086
1.3624,0.51047
1.3627,0.51044
1.3631,0.51067
1.3635,0.51058
1.3638,0.51017
1.3642,0.5101
1.3645,0.51041
1.3649,0.51036
1.3652,0.50981
1.3656,0.50942
1.366,0.50953
1.3663,0.50984
1.3667,0.51004
1.367,0.50997
1.3674,0.50974
1.3678,0.50959
1.3681,0.50936
1.3685,0.50894
1.3689,0.50879
1.3692,0.50903
1.3696,0.50904
1.3699,0.50865
1.3703,0.50816
1.3707,0.50782
1.371,0.50791
1.3714,0.50843
1.3717,0.50876
1.3721,0.50854
1.3725,0.50794
1.3728,0.50721
1.3732,0.50665
1.3736,0.50637
1.3739,0.50637
1.3743,0.50678
1.3747,0.50735
1.375,0.50738
1.3754,0.50681
1.3758,0.50618
1.3761,0.5059
1.3765,0.50605
1.3768,0.50611
1.3772,0.50552
1.3776,0.50478
1.3779,0.50462
1.3783,0.50472
1.3787,0.50459
1.379,0.50443
1.3794,0.50448
1.3798,0.50454
1.3801,0.50437
1.3805,0.50402
1.3809,0.50389
1.3812,0.504
1.3816,0.50372
1.382,0.5028
1.3824,0.50189
1.3827,0.50168
1.3831,0.50207
1.3835,0.50233
1.3838,0.50216
1.3842,0.50192
1.3846,0.50179
1.3849,0.50147
1.3853,0.5009
1.3857,0.50042
1.386,0.50002
1.3864,0.49946
1.3868,0.49892
1.3872,0.49873
1.3875,0.49858
1.3879,0.49825
1.3883,0.49804
1.3886,0.49793
1.389,0.49748
1.3894,0.49661
1.3898,0.49556
1.3901,0.49452
1.3905,0.49359
1.3909,0.49262
1.3913,0.49166
1.3916,0.4914
1.392,0.49194
1.3924,0.49239
1.3927,0.49248
1.3931,0.49276
1.3935,0.49309
1.3939,0.49312
1.3942,0.4931
1.3946,0.49302
1.395,0.49263
1.3954,0.4922
1.3957,0.49192
1.3961,0.49133
1.3965,0.49017
1.3969,0.48891
1.3973,0.48803
1.3976,0.48771
1.398,0.48801
1.3984,0.48872
1.3988,0.48923
1.3991,0.48917
1.3995,0.48903
1.3999,0.48944
1.4003,0.49008
1.4006,0.49033
1.401,0.49025
1.4014,0.49019
1.4018,0.49019
1.4022,0.49024
1.4025,0.49023
1.4029,0.48999
1.4033,0.48954
1.4037,0.48889
1.4041,0.48814
1.4044,0.48763
1.4048,0.48764
1.4052,0.48791
1.4056,0.48808
1.406,0.48813
1.4063,0.48815
1.4067,0.48805
1.4071,0.48773
1.4075,0.48741
1.4079,0.48753
1.4083,0.48797
1.4086,0.48819
1.409,0.48803
1.4094,0.48784
1.4098,0.48775
1.4102,0.4876
1.4106,0.48729
1.4109,0.48705
1.4113,0.48692
1.4117,0.48656
1.4121,0.48604
1.4125,0.4858
1.4129,0.48585
1.4132,0.48601
1.4136,0.48612
1.414,0.48601
1.4144,0.48577
1.4148,0.48576
1.4152,0.48578
1.4156,0.48564
1.4159,0.48556
1.4163,0.48557
1.4167,0.48552
1.4171,0.48549
1.4175,0.48542
1.4179,0.48534
1.4183,0.4854
1.4187,0.48533
1.419,0.48487
1.4194,0.48437
1.4198,0.48394
1.4202,0.48358
1.4206,0.48365
1.421,0.48402
1.4214,0.48411
1.4218,0.48394
1.4222,0.48376
1.4226,0.48338
1.4229,0.48284
1.4233,0.48244
1.4237,0.4822
1.4241,0.48219
1.4245,0.48236
1.4249,0.48247
1.4253,0.48246
1.4257,0.48236
1.4261,0.48201
1.4265,0.48156
1.4269,0.48141
1.4273,0.48141
1.4276,0.48129
1.428,0.48121
1.4284,0.48121
1.4288,0.48096
1.4292,0.48059
1.4296,0.48046
1.43,0.48055
1.4304,0.48053
1.4308,0.48014
1.4312,0.47953
1.4316,0.47919
1.432,0.47918
1.4324,0.47913
1.4328,0.47893
1.4332,0.47859
1.4336,0.47801
1.434,0.47751
1.4344,0.47747
1.4348,0.47758
1.4352,0.4774
1.4356,0.47698
1.4359,0.47657
1.4363,0.47632
1.4367,0.47629
1.4371,0.47642
1.4375,0.47659
1.4379,0.47658
1.4383,0.47633
1.4387,0.47604
1.4391,0.47574
1.4395,0.47531
1.4399,0.4749
1.4403,0.47471
1.4407,0.47462
1.4411,0.4745
1.4415,0.47446
1.4419,0.47458
1.4423,0.4746
1.4427,0.47413
1.4431,0.47337
1.4435,0.47295
1.4439,0.47291
1.4443,0.47284
1.4447,0.47265
1.4452,0.4723
1.4456,0.47177
1.446,0.4715
1.4464,0.47169
1.4468,0.47166
1.4472,0.47095
1.4476,0.47014
1.448,0.46994
1.4484,0.47027
1.4488,0.47045
1.4492,0.47031
1.4496,0.47007
1.45,0.46976
1.4504,0.46934
1.4508,0.46906
1.4512,0.4691
1.4516,0.4693
1.452,0.46927
1.4524,0.46889
1.4528,0.46841
1.4533,0.46789
1.4537,0.46721
1.4541,0.46673
1.4545,0.46671
1.4549,0.46672
1.4553,0.46641
1.4557,0.46603
1.4561,0.46572
1.4565,0.46544
1.4569,0.46528
1.4573,0.46532
1.4577,0.4654
1.4582,0.4653
1.4586,0.46489
1.459,0.46434
1.4594,0.46389
1.4598,0.46367
1.4602,0.46358
1.4606,0.46343
1.461,0.46329
1.4614,0.46329
1.4619,0.46319
1.4623,0.46292
1.4627,0.46279
1.4631,0.46259
1.4635,0.46193
1.4639,0.46128
1.4643,0.46113
1.4647,0.46101
1.4652,0.46058
1.4656,0.4603
1.466,0.46027
1.4664,0.46003
1.4668,0.4596
1.4672,0.45946
1.4676,0.45956
1.4681,0.45945
1.4685,0.45902
1.4689,0.4586
1.4693,0.45833
1.4697,0.45817
1.4701,0.45807
1.4706,0.45793
1.471,0.45765
1.4714,0.45725
1.4718,0.45686
1.4722,0.45662
1.4726,0.4564
1.4731,0.45609
1.4735,0.45577
1.4739,0.45553
1.4743,0.45528
1.4747,0.45502
1.4752,0.45484
1.4756,0.45469
1.476,0.45454
1.4764,0.45446
1.4768,0.45444
1.4773,0.45432
1.4777,0.45393
1.4781,0.45351
1.4785,0.45343
1.479,0.45339
1.4794,0.45293
1.4798,0.45244
1.4802,0.45242
1.4806,0.45253
1.4811,0.45236
1.4815,0.45197
1.4819,0.45157
1.4823,0.45127
1.4828,0.45103
1.4832,0.45071
1.4836,0.45032
1.484,0.45004
1.4845,0.44985
1.4849,0.44958
1.4853,0.44908
1.4857,0.44849
1.4862,0.44796
1.4866,0.44756
1.487,0.44736
1.4874,0.44724
1.4879,0.44705
1.4883,0.44678
1.4887,0.44648
1.4891,0.44609
1.4896,0.44565
1.49,0.44521
1.4904,0.44487
1.4909,0.44487
1.4913,0.44514
1.4917,0.44511
1.4921,0.44461
1.4926,0.44415
1.493,0.44388
1.4934,0.44352
1.4939,0.44323
1.4943,0.44317
1.4947,0.44287
1.4952,0.44224
1.4956,0.44195
1.496,0.44211
1.4965,0.44207
1.4969,0.44172
1.4973,0.44142
1.4977,0.44114
1.4982,0.4409
1.4986,0.44069
1.499,0.44022
1.4995,0.43963
1.4999,0.43945
1.5003,0.4395
1.5008,0.43918
1.5012,0.43859
1.5017,0.43818
1.5021,0.438
1.5025,0.43781
1.503,0.43747
1.5034,0.43698
1.5038,0.4365
1.5043,0.43614
1.5047,0.43585
1.5051,0.43568
1.5056,0.43578
1.506,0.43609
1.5065,0.43623
1.5069,0.43598
1.5073,0.43545
1.5078,0.43497
1.5082,0.43476
1.5086,0.43454
1.5091,0.43406
1.5095,0.43358
1.51,0.43334
1.5104,0.43306
1.5108,0.4325
1.5113,0.43178
1.5117,0.43121
1.5122,0.43107
1.5126,0.43128
1.513,0.43131
1.5135,0.43093
1.5139,0.43049
1.5144,0.43024
1.5148,0.43004
1.5153,0.42974
1.5157,0.4296
1.5161,0.42973
1.5166,0.42963
1.517,0.42906
1.5175,0.42859
1.5179,0.4284
1.5184,0.42807
1.5188,0.42774
1.5193,0.42768
1.5197,0.42747
1.5201,0.42694
1.5206,0.42657
1.521,0.42654
1.5215,0.42638
1.5219,0.42592
1.5224,0.4255
1.5228,0.42526
1.5233,0.42494
1.5237,0.42454
1.5242,0.42423
1.5246,0.42395
1.5251,0.42369
1.5255,0.42371
1.526,0.42388
1.5264,0.42376
1.5269,0.42332
1.5273,0.42276
1.5278,0.42236
1.5282,0.42226
1.5287,0.42214
1.5291,0.4217
1.5296,0.42117
1.53,0.42078
1.5305,0.42054
1.5309,0.42043
1.5314,0.4203
1.5318,0.41997
1.5323,0.41962
1.5327,0.41939
1.5332,0.4191
1.5336,0.41874
1.5341,0.41846
1.5345,0.41828
1.535,0.41799
1.5354,0.41757
1.5359,0.41711
1.5364,0.41664
1.5368,0.41632
1.5373,0.41627
1.5377,0.41612
1.5382,0.41563
1.5386,0.41518
1.5391,0.41511
1.5396,0.41522
1.54,0.41519
1.5405,0.41498
1.5409,0.41475
1.5414,0.41451
1.5418,0.41412
1.5423,0.41353
1.5428,0.41298
1.5432,0.4127
1.5437,0.41269
1.5441,0.41261
1.5446,0.41227
1.5451,0.41193
1.5455,0.41167
1.546,0.41131
1.5464,0.41096
1.5469,0.41089
1.5474,0.411
1.5478,0.41099
1.5483,0.41067
1.5487,0.41022
1.5492,0.41001
1.5497,0.40999
1.5501,0.40981
1.5506,0.40944
1.5511,0.40906
1.5515,0.4087
1.552,0.40836
1.5525,0.40798
1.5529,0.40756
1.5534,0.40725
1.5539,0.40697
1.5543,0.40663
1.5548,0.4065
1.5553,0.40659
1.5557,0.40645
1.5562,0.40591
1.5567,0.40516
1.5571,0.40462
1.5576,0.40454
1.5581,0.4046
1.5585,0.40438
1.559,0.40394
1.5595,0.40353
1.5599,0.40322
1.5604,0.40305
1.5609,0.40303
1.5613,0.40301
1.5618,0.4027
1.5623,0.40209
1.5627,0.40161
1.5632,0.40142
1.5637,0.40117
1.5642,0.40095
1.5646,0.40104
1.5651,0.40107
1.5656,0.40078
1.5661,0.40038
1.5665,0.40003
1.567,0.39976
1.5675,0.39952
1.5679,0.39897
1.5684,0.39817
1.5689,0.39767
1.5694,0.39762
1.5698,0.39769
1.5703,0.39766
1.5708,0.39744
1.5713,0.39699
1.5718,0.39636
1.5722,0.39579
1.5727,0.39547
1.5732,0.39533
1.5737,0.39516
1.5741,0.39501
1.5746,0.39493
1.5751,0.39479
1.5756,0.39444
1.576,0.39404
1.5765,0.39395
1.577,0.39412
1.5775,0.39401
1.578,0.39354
1.5784,0.39307
1.5789,0.39277
1.5794,0.39268
1.5799,0.39269
1.5804,0.39239
1.5809,0.39173
1.5813,0.39114
1.5818,0.39077
1.5823,0.39064
1.5828,0.39069
1.5833,0.39047
1.5838,0.3899
1.5842,0.38952
1.5847,0.38947
1.5852,0.38936
1.5857,0.3891
1.5862,0.38876
1.5867,0.38836
1.5871,0.38804
1.5876,0.38797
1.5881,0.38798
1.5886,0.38782
1.5891,0.38743
1.5896,0.38696
1.5901,0.38657
1.5906,0.3863
1.591,0.3861
1.5915,0.38591
1.592,0.38568
1.5925,0.38531
1.593,0.38475
1.5935,0.38429
1.594,0.38415
1.5945,0.38406
1.595,0.38376
1.5954,0.3835
1.5959,0.3834
1.5964,0.38336
1.5969,0.38335
1.5974,0.38327
1.5979,0.38302
1.5984,0.38258
1.5989,0.38209
1.5994,0.38178
1.5999,0.38171
1.6004,0.38158
1.6009,0.38125
1.6014,0.38089
1.6019,0.38053
1.6024,0.38023
1.6028,0.38009
1.6033,0.37991
1.6038,0.37953
1.6043,0.37912
1.6048,0.37876
1.6053,0.37835
1.6058,0.37788
1.6063,0.37745
1.6068,0.3773
1.6073,0.37743
1.6078,0.37738
1.6083,0.37695
1.6088,0.37652
1.6093,0.37631
1.6098,0.3762
1.6103,0.3762
1.6108,0.37609
1.6113,0.37555
1.6118,0.37496
1.6123,0.37477
1.6128,0.37471
1.6133,0.37449
1.6138,0.37436
1.6143,0.37441
1.6148,0.3744
1.6153,0.37423
1.6158,0.37388
1.6163,0.37341
1.6168,0.37314
1.6173,0.37329
1.6178,0.37351
1.6184,0.37327
1.6189,0.37267
1.6194,0.37215
1.6199,0.37184
1.6204,0.37162
1.6209,0.37136
1.6214,0.37094
1.6219,0.37046
1.6224,0.37009
1.6229,0.36985
1.6234,0.3697
1.6239,0.36959
1.6244,0.36933
1.6249,0.36899
1.6255,0.36887
1.626,0.36887
1.6265,0.36869
1.627,0.36836
1.6275,0.36802
1.628,0.36771
1.6285,0.36741
1.629,0.36705
1.6295,0.36679
1.6301,0.36689
1.6306,0.36686
1.6311,0.36626
1.6316,0.3655
1.6321,0.36507
1.6326,0.36498
1.6331,0.36514
1.6337,0.36527
1.6342,0.36506
1.6347,0.36468
1.6352,0.36435
1.6357,0.3641
1.6362,0.36387
1.6367,0.36345
1.6373,0.36295
1.6378,0.36283
1.6383,0.36305
1.6388,0.36309
1.6393,0.36286
1.6398,0.36249
1.6404,0.362
1.6409,0.36151
1.6414,0.36111
1.6419,0.36077
1.6424,0.36056
1.643,0.36054
1.6435,0.36063
1.644,0.3606
1.6445,0.36034
1.6451,0.36003
1.6456,0.35985
1.6461,0.35963
1.6466,0.35937
1.6471,0.35932
1.6477,0.35936
1.6482,0.35914
1.6487,0.35859
1.6492,0.35794
1.6498,0.35761
1.6503,0.35762
1.6508,0.35748
1.6513,0.35706
1.6519,0.35681
1.6524,0.35678
1.6529,0.35653
1.6534,0.35609
1.654,0.35584
1.6545,0.35576
1.655,0.35556
1.6556,0.35529
1.6561,0.35522
1.6566,0.35522
1.6571,0.35492
1.6577,0.35442
1.6582,0.3541
1.6587,0.35392
1.6593,0.35372
1.6598,0.35352
1.6603,0.35337
1.6609,0.35312
1.6614,0.3527
1.6619,0.35226
1.6625,0.35196
1.663,0.35175
1.6635,0.35166
1.6641,0.35172
1.6646,0.35169
1.6651,0.35137
1.6657,0.35095
1.6662,0.35075
1.6667,0.35064
1.6673,0.3504
1.6678,0.35011
1.6683,0.34994
1.6689,0.34996
1.6694,0.35005
1.67,0.34994
1.6705,0.34951
1.671,0.34894
1.6716,0.34849
1.6721,0.34827
1.6726,0.34823
1.6732,0.34825
1.6737,0.34836
1.6743,0.34839
1.6748,0.34806
1.6753,0.34755
1.6759,0.34724
1.6764,0.34705
1.677,0.34674
1.6775,0.34627
1.6781,0.34566
1.6786,0.34513
1.6791,0.34502
1.6797,0.3452
1.6802,0.34533
1.6808,0.34544
1.6813,0.34553
1.6819,0.34534
1.6824,0.34501
1.683,0.34472
1.6835,0.34447
1.6841,0.34437
1.6846,0.3445
1.6851,0.34459
1.6857,0.34444
1.6862,0.34407
1.6868,0.34354
1.6873,0.34303
1.6879,0.34275
1.6884,0.34274
1.689,0.34266
1.6895,0.34218
1.6901,0.34163
1.6906,0.34145
1.6912,0.34143
1.6917,0.34129
1.6923,0.34121
1.6929,0.3412
1.6934,0.34108
1.694,0.34088
1.6945,0.34069
1.6951,0.34048
1.6956,0.34024
1.6962,0.33991
1.6967,0.33959
1.6973,0.33952
1.6978,0.33958
1.6984,0.33955
1.699,0.3395
1.6995,0.33946
1.7001,0.33934
1.7006,0.33934
1.7012,0.3394
1.7017,0.33914
1.7023,0.33866
1.7029,0.3384
1.7034,0.33833
1.704,0.33815
1.7045,0.33786
1.7051,0.33767
1.7057,0.33758
1.7062,0.33741
1.7068,0.33706
1.7073,0.33664
1.7079,0.33635
1.7085,0.33625
1.709,0.3362
1.7096,0.33613
1.7102,0.33605
1.7107,0.33605
1.7113,0.33606
1.7119,0.33608
1.7124,0.33616
1.713,0.33615
1.7135,0.33579
1.7141,0.33529
1.7147,0.33511
1.7153,0.33514
1.7158,0.33493
1.7164,0.33457
1.717,0.33445
1.7175,0.33451
1.7181,0.3344
1.7187,0.33418
1.7192,0.33412
1.7198,0.33403
1.7204,0.33368
1.7209,0.3334
1.7215,0.33345
1.7221,0.33345
1.7227,0.33316
1.7232,0.33293
1.7238,0.33279
1.7244,0.33242
1.725,0.33197
1.7255,0.33183
1.7261,0.33191
1.7267,0.33187
1.7272,0.33164
1.7278,0.33138
1.7284,0.33112
1.729,0.33088
1.7296,0.3307
1.7301,0.33063
1.7307,0.33071
1.7313,0.33085
1.7319,0.33083
1.7324,0.3306
1.733,0.33029
1.7336,0.33005
1.7342,0.32984
1.7348,0.32965
1.7353,0.32958
1.7359,0.32952
1.7365,0.32936
1.7371,0.32914
1.7377,0.32897
1.7383,0.32886
1.7388,0.32887
1.7394,0.32897
1.74,0.32893
1.7406,0.32873
1.7412,0.32856
1.7418,0.3284
1.7423,0.32815
1.7429,0.32798
1.7435,0.32803
1.7441,0.32804
1.7447,0.32774
1.7453,0.32731
1.7459,0.32717
1.7464,0.32726
1.747,0.32713
1.7476,0.32682
1.7482,0.32666
1.7488,0.32661
1.7494,0.32647
1.75,0.32634
1.7506,0.3263
1.7512,0.32622
1.7518,0.32608
1.7524,0.32613
1.7529,0.3263
1.7535,0.32623
1.7541,0.32606
1.7547,0.32607
1.7553,0.32611
1.7559,0.32607
1.7565,0.32613
1.7571,0.32616
1.7577,0.32598
1.7583,0.32576
1.7589,0.32557
1.7595,0.32534
1.7601,0.32521
1.7607,0.32527
1.7613,0.32535
1.7619,0.32535
1.7625,0.32533
1.7631,0.32539
1.7637,0.32549
1.7643,0.3254
1.7649,0.3253
1.7655,0.3254
1.7661,0.32551
1.7667,0.32536
1.7673,0.32489
1.7679,0.32432
1.7685,0.3241
1.7691,0.32431
1.7697,0.32449
1.7703,0.32444
1.7709,0.3243
1.7715,0.32406
1.7721,0.3238
1.7727,0.32384
1.7733,0.32403
1.7739,0.32391
1.7745,0.32357
1.7751,0.32336
1.7758,0.3233
1.7764,0.32323
1.777,0.32321
1.7776,0.3232
1.7782,0.32304
1.7788,0.32282
1.7794,0.32274
1.78,0.32277
1.7806,0.32282
1.7812,0.32294
1.7819,0.32301
1.7825,0.32285
1.7831,0.32252
1.7837,0.32221
1.7843,0.32213
1.7849,0.32223
1.7855,0.32233
1.7862,0.3224
1.7868,0.32238
1.7874,0.32208
1.788,0.3217
1.7886,0.32144
1.7892,0.32118
1.7899,0.32105
1.7905,0.32115
1.7911,0.32125
1.7917,0.32134
1.7923,0.32152
1.7929,0.32148
1.7936,0.32118
1.7942,0.32105
1.7948,0.32118
1.7954,0.3213
1.7961,0.32122
1.7967,0.321
1.7973,0.32086
1.7979,0.32087
1.7985,0.32086
1.7992,0.32081
1.7998,0.3208
1.8004,0.32078
1.801,0.32072
1.8017,0.32063
1.8023,0.32051
1.8029,0.32054
1.8036,0.32065
1.8042,0.3206
1.8048,0.32047
1.8054,0.32038
1.8061,0.3203
1.8067,0.32025
1.8073,0.32033
1.808,0.32053
1.8086,0.32066
1.8092,0.32059
1.8098,0.32046
1.8105,0.32044
1.8111,0.32046
1.8117,0.32042
1.8124,0.32027
1.813,0.32001
1.8136,0.31986
1.8143,0.31999
1.8149,0.32021
1.8155,0.32025
1.8162,0.32022
1.8168,0.32023
1.8175,0.32006
1.8181,0.31968
1.8187,0.31944
1.8194,0.31959
1.82,0.31983
1.8206,0.3197
1.8213,0.31939
1.8219,0.31919
1.8226,0.31902
1.8232,0.31888
1.8238,0.31882
1.8245,0.31876
1.8251,0.31872
1.8258,0.31872
1.8264,0.31863
1.8271,0.31846
1.8277,0.31839
1.8284,0.31846
1.829,0.31862
1.8296,0.31875
1.8303,0.31864
1.8309,0.31834
1.8316,0.31809
1.8322,0.31798
1.8329,0.31793
1.8335,0.31795
1.8342,0.31804
1.8348,0.31798
1.8355,0.31773
1.8361,0.31754
1.8368,0.31749
1.8374,0.31748
1.8381,0.31756
1.8387,0.31771
1.8394,0.31776
1.84,0.31784
1.8407,0.31811
1.8413,0.31836
1.842,0.31841
1.8426,0.31829
1.8433,0.31808
1.844,0.31785
1.8446,0.31778
1.8453,0.31787
1.8459,0.31806
1.8466,0.31824
1.8472,0.31834
1.8479,0.31843
1.8486,0.31857
1.8492,0.31871
1.8499,0.31883
1.8505,0.31893
1.8512,0.31902
1.8519,0.3191
1.8525,0.31908
1.8532,0.31903
1.8538,0.31911
1.8545,0.31924
1.8552,0.31921
1.8558,0.31905
1.8565,0.31897
1.8572,0.31907
1.8578,0.31931
1.8585,0.31942
1.8592,0.31925
1.8598,0.3191
1.8605,0.31922
1.8612,0.31952
1.8618,0.31986
1.8625,0.32006
1.8632,0.31997
1.8638,0.31973
1.8645,0.31955
1.8652,0.3194
1.8659,0.31943
1.8665,0.3197
1.8672,0.31984
1.8679,0.31968
1.8685,0.31963
1.8692,0.31995
1.8699,0.32038
1.8706,0.32062
1.8712,0.3207
1.8719,0.32067
1.8726,0.32048
1.8733,0.32032
1.8739,0.32051
1.8746,0.32093
1.8753,0.32124
1.876,0.32133
1.8767,0.32131
1.8773,0.32138
1.878,0.32166
1.8787,0.32201
1.8794,0.32211
1.8801,0.32194
1.8807,0.32184
1.8814,0.32197
1.8821,0.32216
1.8828,0.32226
1.8835,0.32234
1.8842,0.32252
1.8848,0.32263
1.8855,0.32251
1.8862,0.3224
1.8869,0.3225
1.8876,0.32269
1.8883,0.32283
1.889,0.32292
1.8897,0.32294
1.8903,0.32291
1.891,0.32283
1.8917,0.32276
1.8924,0.32269
1.8931,0.3226
1.8938,0.3226
1.8945,0.32274
1.8952,0.32283
1.8959,0.32279
1.8966,0.32275
1.8973,0.3227
1.898,0.32275
1.8986,0.32303
1.8993,0.32339
1.9,0.3237
1.9007,0.324
1.9014,0.32418
1.9021,0.32425
1.9028,0.32436
1.9035,0.32446
1.9042,0.32439
1.9049,0.32429
1.9056,0.32438
1.9063,0.32466
1.907,0.32497
1.9077,0.32526
1.9084,0.32537
1.9091,0.32529
1.9098,0.3253
1.9105,0.32556
1.9112,0.32586
1.9119,0.32598
1.9127,0.32612
1.9134,0.3264
1.9141,0.32666
1.9148,0.32692
1.9155,0.32715
1.9162,0.32729
1.9169,0.32735
1.9176,0.32751
1.9183,0.32778
1.919,0.3281
1.9197,0.32834
1.9204,0.32849
1.9212,0.32873
1.9219,0.32901
1.9226,0.32918
1.9233,0.32928
1.924,0.32939
1.9247,0.32963
1.9254,0.33006
1.9262,0.33045
1.9269,0.33061
1.9276,0.33067
1.9283,0.33067
1.929,0.3306
1.9297,0.33073
1.9305,0.33113
1.9312,0.33154
1.9319,0.33181
1.9326,0.33195
1.9333,0.33213
1.9341,0.33246
1.9348,0.33291
1.9355,0.33311
1.9362,0.333
1.9369,0.333
1.9377,0.33352
1.9384,0.33419
1.9391,0.33449
1.9398,0.33448
1.9406,0.33445
1.9413,0.33456
1.942,0.33483
1.9428,0.33513
1.9435,0.33542
1.9442,0.33561
1.9449,0.33574
1.9457,0.33591
1.9464,0.33611
1.9471,0.33621
1.9479,0.33627
1.9486,0.33654
1.9493,0.33688
1.9501,0.33709
1.9508,0.33728
1.9515,0.33758
1.9523,0.33786
1.953,0.33817
1.9537,0.33847
1.9545,0.33864
1.9552,0.33874
1.9559,0.33885
1.9567,0.33896
1.9574,0.33919
1.9582,0.33943
1.9589,0.33962
1.9596,0.33996
1.9604,0.34025
1.9611,0.34038
1.9619,0.34063
1.9626,0.34103
1.9633,0.3414
1.9641,0.34173
1.9648,0.34204
1.9656,0.34214
1.9663,0.34217
1.9671,0.34246
1.9678,0.343
1.9686,0.34341
1.9693,0.34349
1.9701,0.34346
1.9708,0.34365
1.9716,0.34403
1.9723,0.34429
1.9731,0.34441
1.9738,0.34459
1.9746,0.34485
1.9753,0.34513
1.9761,0.34535
1.9768,0.34551
1.9776,0.34565
1.9783,0.34589
1.9791,0.34628
1.9798,0.34676
1.9806,0.34719
1.9814,0.34752
1.9821,0.34773
1.9829,0.34786
1.9836,0.34793
1.9844,0.34799
1.9851,0.34812
1.9859,0.34842
1.9867,0.34884
1.9874,0.34929
1.9882,0.34975
1.989,0.35022
1.9897,0.35058
1.9905,0.35085
1.9912,0.35107
1.992,0.35122
1.9928,0.35138
1.9935,0.3517
1.9943,0.35209
1.9951,0.35254
1.9958,0.35296
1.9966,0.35317
1.9974,0.35338
1.9982,0.35387
1.9989,0.35436
1.9997,0.3545
2.0005,0.35457
2.0012,0.35478
2.002,0.3552
2.0028,0.35581
2.0036,0.35634
2.0043,0.35659
2.0051,0.35677
2.0059,0.35703
2.0067,0.35744
2.0074,0.35803
2.0082,0.35841
2.009,0.35854
2.0098,0.35893
2.0105,0.35953
2.0113,0.35979
2.0121,0.36
2.0129,0.36063
2.0137,0.36149
2.0145,0.36209
2.0152,0.36219
2.016,0.36209
2.0168,0.36239
2.0176,0.36302
2.0184,0.36354
2.0192,0.36393
2.0199,0.36425
2.0207,0.36434
2.0215,0.36436
2.0223,0.36464
2.0231,0.3651
2.0239,0.36556
2.0247,0.36604
2.0255,0.3665
2.0263,0.36702
2.0271,0.36769
2.0278,0.36827
2.0286,0.36855
2.0294,0.36876
2.0302,0.36912
2.031,0.36963
2.0318,0.37017
2.0326,0.37081
2.0334,0.37146
2.0342,0.37201
2.035,0.37238
2.0358,0.37264
2.0366,0.3729
2.0374,0.37325
2.0382,0.37354
2.039,0.3738
2.0398,0.37422
2.0406,0.37474
2.0414,0.37516
2.0422,0.37556
2.043,0.37605
2.0438,0.3766
2.0446,0.37705
2.0454,0.37739
2.0463,0.37779
2.0471,0.37825
2.0479,0.37866
2.0487,0.37898
2.0495,0.3794
2.0503,0.37981
2.0511,0.38022
2.0519,0.38068
2.0527,0.38107
2.0535,0.38138
2.0544,0.38188
2.0552,0.38266
2.056,0.38345
2.0568,0.3839
2.0576,0.38415
2.0584,0.38458
2.0593,0.38523
2.0601,0.38568
2.0609,0.38588
2.0617,0.3862
2.0625,0.38678
2.0634,0.3874
2.0642,0.38788
2.065,0.38824
2.0658,0.38846
2.0666,0.38868
2.0675,0.38903
2.0683,0.38956
2.0691,0.3901
2.0699,0.39051
2.0708,0.39094
2.0716,0.39141
2.0724,0.39196
2.0733,0.39254
2.0741,0.39302
2.0749,0.39335
2.0757,0.39362
2.0766,0.39405
2.0774,0.39467
2.0782,0.39532
2.0791,0.39588
2.0799,0.39647
2.0807,0.3971
2.0816,0.39755
2.0824,0.39779
2.0832,0.39799
2.0841,0.39818
2.0849,0.39844
2.0858,0.39898
2.0866,0.39983
2.0874,0.40063
2.0883,0.40113
2.0891,0.40155
2.09,0.40217
2.0908,0.40278
2.0917,0.4033
2.0925,0.40385
2.0933,0.40441
2.0942,0.40492
2.095,0.40552
2.0959,0.40601
2.0967,0.40626
2.0976,0.4067
2.0984,0.40739
2.0993,0.40808
2.1001,0.40881
2.101,0.4095
2.1018,0.40988
2.1027,0.41027
2.1035,0.41083
2.1044,0.4115
2.1052,0.41211
2.1061,0.41259
2.1069,0.41306
2.1078,0.41364
2.1087,0.4143
2.1095,0.41505
2.1104,0.41589
2.1112,0.41673
2.1121,0.41746
2.113,0.4181
2.1138,0.4187
2.1147,0.41917
2.1155,0.4196
2.1164,0.42027
2.1173,0.4212
2.1181,0.42204
2.119,0.4228
2.1199,0.42359
2.1207,0.42442
2.1216,0.42497
2.1225,0.42534
2.1233,0.42576
2.1242,0.42623
2.1251,0.42676
2.126,0.42722
2.1268,0.42774
2.1277,0.4283
2.1286,0.42885
2.1294,0.4291
2.1303,0.42929
2.1312,0.42992
2.1321,0.4308
2.133,0.43165
2.1338,0.43235
2.1347,0.43302
2.1356,0.43361
2.1365,0.43414
2.1373,0.43476
2.1382,0.4354
2.1391,0.43594
2.14,0.43663
2.1409,0.43748
2.1418,0.43817
2.1426,0.43869
2.1435,0.43932
2.1444,0.43996
2.1453,0.4405
2.1462,0.44107
2.1471,0.4417
2.148,0.44222
2.1489,0.44242
2.1498,0.44276
2.1506,0.44349
2.1515,0.44433
2.1524,0.44491
2.1533,0.44534
2.1542,0.44587
2.1551,0.44647
2.156,0.44707
2.1569,0.44772
2.1578,0.4483
2.1587,0.44905
2.1596,0.45012
2.1605,0.45102
2.1614,0.45154
2.1623,0.45186
2.1632,0.45208
2.1641,0.45249
2.165,0.4531
2.1659,0.45378
2.1668,0.45425
2.1677,0.45472
2.1686,0.4552
2.1695,0.45576
2.1704,0.45645
2.1714,0.45705
2.1723,0.4575
2.1732,0.45807
2.1741,0.45878
2.175,0.45948
2.1759,0.46021
2.1768,0.46086
2.1777,0.46132
2.1787,0.46171
2.1796,0.46218
2.1805,0.46272
2.1814,0.46328
2.1823,0.46393
2.1832,0.46468
2.1842,0.46538
2.1851,0.46595
2.186,0.46637
2.1869,0.46699
2.1878,0.4676
2.1888,0.46796
2.1897,0.46815
2.1906,0.46858
2.1916,0.46929
2.1925,0.47001
2.1934,0.47061
2.1943,0.47116
2.1953,0.47175
2.1962,0.47231
2.1971,0.47273
2.1981,0.47315
2.199,0.4738
2.1999,0.47457
2.2008,0.47506
2.2018,0.47543
2.2027,0.47601
2.2037,0.47661
2.2046,0.47712
2.2055,0.47769
2.2065,0.4784
2.2074,0.47914
2.2083,0.47986
2.2093,0.48055
2.2102,0.48113
2.2112,0.4815
2.2121,0.48174
2.2131,0.482
2.214,0.48241
2.215,0.4832
2.2159,0.48394
2.2168,0.48428
2.2178,0.48446
2.2187,0.48511
2.2197,0.48598
2.2206,0.48662
2.2216,0.48708
2.2225,0.48762
2.2235,0.48832
2.2245,0.4889
2.2254,0.48917
2.2264,0.48932
2.2273,0.48953
2.2283,0.48983
2.2292,0.49018
2.2302,0.49042
2.2312,0.49057
2.2321,0.49085
2.2331,0.49136
2.234,0.49186
2.235,0.4923
2.236,0.49252
2.2369,0.49244
2.2379,0.49248
2.2389,0.49279
2.2398,0.49307
2.2408,0.49332
2.2418,0.49368
2.2427,0.49393
2.2437,0.49418
2.2447,0.49466
2.2456,0.49525
2.2466,0.49568
2.2476,0.49599
2.2486,0.49627
2.2495,0.4965
2.2505,0.49676
2.2515,0.49725
2.2525,0.49787
2.2535,0.49841
2.2544,0.49896
2.2554,0.49968
2.2564,0.5004
2.2574,0.50088
2.2584,0.50128
2.2593,0.50176
2.2603,0.50224
2.2613,0.50269
2.2623,0.50314
2.2633,0.50365
2.2643,0.50417
2.2653,0.50461
2.2663,0.50499
2.2672,0.50535
2.2682,0.50576
2.2692,0.50642
2.2702,0.50708
2.2712,0.50751
2.2722,0.50766
2.2732,0.50766
2.2742,0.50762
2.2752,0.50777
2.2762,0.50824
2.2772,0.50873
2.2782,0.50897
2.2792,0.509
2.2802,0.50891
2.2812,0.50902
2.2822,0.50931
2.2832,0.5096
2.2842,0.50974
2.2852,0.5097
2.2862,0.5094
2.2873,0.50918
2.2883,0.50891
2.2893,0.50825
2.2903,0.50766
2.2913,0.50762
2.2923,0.50793
2.2933,0.50797
2.2943,0.50794
2.2954,0.50821
2.2964,0.50868
2.2974,0.50877
2.2984,0.50834
2.2994,0.508
2.3004,0.50812
2.3015,0.50837
2.3025,0.50846
2.3035,0.50835
2.3045,0.50816
2.3056,0.5081
2.3066,0.50796
2.3076,0.50764
2.3086,0.50732
2.3097,0.50701
2.3107,0.50662
2.3117,0.50619
2.3128,0.50608
2.3138,0.50632
2.3148,0.50659
2.3159,0.50695
2.3169,0.50732
2.3179,0.5078
2.319,0.50822
2.32,0.50875
2.321,0.50933
2.3221,0.50979
2.3231,0.51006
2.3242,0.51034
2.3252,0.5109
2.3262,0.51158
2.3273,0.51267
2.3283,0.51388
2.3294,0.5149
2.3304,0.51575
2.3315,0.51651
2.3325,0.5172
2.3336,0.5176
2.3346,0.51777
2.3357,0.51821
2.3367,0.51899
2.3378,0.51978
2.3388,0.52044
2.3399,0.52109
2.341,0.52157
2.342,0.52184
2.3431,0.52206
2.3441,0.52251
2.3452,0.52313
2.3462,0.52382
2.3473,0.52456
2.3484,0.52536
2.3494,0.52598
2.3505,0.5264
2.3516,0.52692
2.3526,0.52761
2.3537,0.52836
2.3548,0.52897
2.3558,0.52938
2.3569,0.52974
2.358,0.53028
2.3591,0.53092
2.3601,0.5315
2.3612,0.5317
2.3623,0.53186
2.3634,0.53208
2.3644,0.5324
2.3655,0.53278
2.3666,0.53302
2.3677,0.53323
2.3688,0.53372
2.3698,0.53443
2.3709,0.53489
2.372,0.535
2.3731,0.53492
2.3742,0.53495
2.3753,0.53522
2.3764,0.53561
2.3774,0.53566
2.3785,0.53532
2.3796,0.53491
2.3807,0.53476
2.3818,0.53476
2.3829,0.53485
2.384,0.53496
2.3851,0.53495
2.3862,0.5351
2.3873,0.5356
2.3884,0.53608
2.3895,0.53623
2.3906,0.5363
2.3917,0.53652
2.3928,0.53682
2.3939,0.53702
2.395,0.53716
2.3961,0.53742
2.3972,0.53769
2.3983,0.53807
2.3994,0.53851
2.4006,0.53877
2.4017,0.53886
2.4028,0.53914
2.4039,0.53974
2.405,0.54054
2.4061,0.5411
2.4072,0.5416
2.4084,0.54205
2.4095,0.5423
2.4106,0.54264
2.4117,0.54335
2.4128,0.54411
2.414,0.54455
2.4151,0.54476
2.4162,0.54504
2.4173,0.54537
2.4185,0.5456
2.4196,0.54569
2.4207,0.54574
2.4219,0.54566
2.423,0.54552
2.4241,0.54544
2.4253,0.54568
2.4264,0.54641
2.4275,0.54684
2.4287,0.5469
2.4298,0.54702
2.4309,0.54711
2.4321,0.54696
2.4332,0.54677
2.4344,0.54656
2.4355,0.54668
2.4367,0.54673
2.4378,0.54661
2.4389,0.54665
2.4401,0.54667
2.4412,0.54652
2.4424,0.54643
2.4435,0.54666
2.4447,0.54696
2.4458,0.54736
2.447,0.54724
2.4482,0.54719
2.4493,0.5473
2.4505,0.54725
2.4516,0.54699
2.4528,0.54643
2.454,0.54645
2.4551,0.54652
2.4563,0.54629
2.4574,0.54608
2.4586,0.54592
2.4598,0.54586
2.4609,0.54606
2.4621,0.54627
2.4633,0.54626
2.4645,0.54636
2.4656,0.54626
2.4668,0.54653
2.468,0.54672
2.4691,0.54686
2.4703,0.54702
2.4715,0.54724
2.4727,0.54737
2.4739,0.54777
2.475,0.54744
2.4762,0.54681
2.4774,0.54724
2.4786,0.54786
2.4798,0.54751
2.481,0.54723
2.4821,0.54727
2.4833,0.54805
2.4845,0.54845
2.4857,0.54854
2.4869,0.54859
2.4881,0.54802
2.4893,0.54967
2.4905,0.54975
2.4917,0.54941
2.4929,0.54997
2.4929,0.5502
2.4941,0.54971
2.4953,0.55066
2.4965,0.55194
2.4977,0.55297
2.4989,0.55421
2.5001,0.55503
2.5013,0.55461
2.5025,0.55368
2.5037,0.55326
2.5049,0.55351
2.5061,0.55367
2.5074,0.55286
2.5086,0.55173
2.5098,0.5515
2.511,0.55167
2.5122,0.55154
2.5134,0.55159
2.5146,0.55146
2.5159,0.55042
2.5171,0.5497
2.5183,0.55071
2.5195,0.55257
2.5208,0.5534
2.522,0.55308
2.5232,0.55308
2.5244,0.55393
2.5257,0.5546
2.5269,0.5547
2.5281,0.55454
2.5294,0.5539
2.5306,0.55312
2.5318,0.5529
2.5331,0.55244
2.5343,0.5513
2.5356,0.551
2.5368,0.55229
2.538,0.55371
2.5393,0.55381
2.5405,0.55277
2.5418,0.55169
2.543,0.55126
2.5443,0.55138
2.5455,0.55182
2.5468,0.55266
2.548,0.55396
2.5493,0.55519
2.5505,0.55534
2.5518,0.55443
2.553,0.55397
2.5543,0.55471
2.5555,0.55541
2.5568,0.5547
2.5581,0.55326
2.5593,0.55326
2.5606,0.55531
2.5619,0.55698
2.5631,0.55622
2.5644,0.55449
2.5657,0.55405
2.5669,0.55495
2.5682,0.55568
2.5695,0.55516
2.5708,0.55399
2.572,0.55351
2.5733,0.5539
2.5746,0.55471
2.5759,0.556
2.5771,0.55765
2.5784,0.55896
2.5797,0.55954
2.581,0.55946
2.5823,0.55893
2.5836,0.55811
2.5848,0.55716
2.5861,0.55679
2.5874,0.55811
2.5887,0.56061
2.59,0.56226
2.5913,0.56228
2.5926,0.56159
2.5939,0.56062
2.5952,0.55951
2.5965,0.55917
2.5978,0.55974
2.5991,0.56022
