KC-OL-Im_11,
W,R
0.50012,0.24537
0.50031,0.24123
0.5005,0.23986
0.5007,0.24335
0.50089,0.25528
0.50108,0.2553
0.50128,0.24473
0.50147,0.23888
0.50166,0.24338
0.50186,0.25175
0.50205,0.25793
0.50225,0.258
0.50244,0.24908
0.50264,0.24612
0.50283,0.25314
0.50303,0.25752
0.50322,0.25447
0.50342,0.24373
0.50361,0.23524
0.50381,0.23746
0.50401,0.24411
0.5042,0.24797
0.5044,0.24622
0.50459,0.24471
0.50479,0.25054
0.50499,0.25272
0.50518,0.24889
0.50538,0.2518
0.50558,0.25624
0.50577,0.25562
0.50597,0.25146
0.50617,0.24461
0.50637,0.24127
0.50657,0.24821
0.50676,0.25479
0.50696,0.24703
0.50716,0.23614
0.50736,0.23416
0.50756,0.24238
0.50776,0.25019
0.50795,0.24962
0.50815,0.25729
0.50835,0.26473
0.50855,0.25984
0.50875,0.25494
0.50895,0.24857
0.50915,0.24495
0.50935,0.24381
0.50955,0.24104
0.50975,0.24459
0.50995,0.24776
0.51015,0.25162
0.51035,0.26486
0.51056,0.27187
0.51076,0.26119
0.51096,0.24858
0.51116,0.2454
0.51136,0.25233
0.51156,0.26201
0.51177,0.25987
0.51197,0.25143
0.51217,0.24774
0.51237,0.24742
0.51257,0.24739
0.51278,0.25011
0.51298,0.25554
0.51318,0.25616
0.51339,0.25831
0.51359,0.26455
0.51379,0.27125
0.514,0.2696
0.5142,0.25943
0.51441,0.26269
0.51461,0.26929
0.51481,0.26263
0.51502,0.25646
0.51522,0.25939
0.51543,0.26314
0.51563,0.26241
0.51584,0.26122
0.51604,0.25645
0.51625,0.25742
0.51645,0.26226
0.51666,0.26082
0.51687,0.26683
0.51707,0.27462
0.51728,0.27451
0.51749,0.26995
0.51769,0.2666
0.5179,0.26926
0.51811,0.2756
0.51831,0.27906
0.51852,0.2676
0.51873,0.25093
0.51894,0.24809
0.51914,0.2557
0.51935,0.26606
0.51956,0.26966
0.51977,0.26713
0.51998,0.26917
0.52018,0.27151
0.52039,0.26915
0.5206,0.27068
0.52081,0.27537
0.52102,0.27463
0.52123,0.26727
0.52144,0.26191
0.52165,0.27085
0.52186,0.28066
0.52207,0.27733
0.52228,0.2733
0.52249,0.27231
0.5227,0.27367
0.52291,0.27822
0.52312,0.27657
0.52333,0.27112
0.52355,0.26971
0.52376,0.26686
0.52397,0.26491
0.52418,0.26631
0.52439,0.2645
0.52461,0.26366
0.52482,0.26751
0.52503,0.27426
0.52524,0.28084
0.52546,0.28462
0.52567,0.28416
0.52588,0.27892
0.5261,0.27564
0.52631,0.27778
0.52652,0.28206
0.52674,0.28067
0.52695,0.27406
0.52717,0.27278
0.52738,0.27557
0.5276,0.27593
0.52781,0.27493
0.52802,0.27876
0.52824,0.28097
0.52846,0.27675
0.52867,0.27716
0.52889,0.27739
0.5291,0.27325
0.52932,0.27332
0.52953,0.27489
0.52975,0.27765
0.52997,0.28249
0.53018,0.28221
0.5304,0.27745
0.53062,0.27387
0.53084,0.27082
0.53105,0.26887
0.53127,0.26984
0.53149,0.27321
0.53171,0.27863
0.53192,0.28191
0.53214,0.28171
0.53236,0.28241
0.53258,0.28199
0.5328,0.27824
0.53302,0.27813
0.53324,0.28392
0.53346,0.28638
0.53368,0.28317
0.5339,0.28215
0.53412,0.28255
0.53434,0.27974
0.53456,0.27902
0.53478,0.28092
0.535,0.28032
0.53522,0.28036
0.53544,0.2824
0.53566,0.28187
0.53588,0.27916
0.5361,0.27854
0.53633,0.27923
0.53655,0.27984
0.53677,0.28161
0.53699,0.28072
0.53722,0.27981
0.53744,0.2835
0.53766,0.28472
0.53788,0.28446
0.53811,0.28642
0.53833,0.2831
0.53855,0.27699
0.53878,0.27941
0.539,0.28693
0.53923,0.28974
0.53945,0.29018
0.53968,0.29198
0.5399,0.29159
0.54013,0.28739
0.54035,0.28189
0.54058,0.28009
0.5408,0.28504
0.54103,0.28871
0.54125,0.28421
0.54148,0.28025
0.54171,0.28104
0.54193,0.28189
0.54216,0.28511
0.54239,0.2884
0.54261,0.28803
0.54284,0.29012
0.54307,0.292
0.54329,0.29043
0.54352,0.29118
0.54375,0.29235
0.54398,0.29055
0.54421,0.29015
0.54444,0.29283
0.54466,0.29615
0.54489,0.29832
0.54512,0.29685
0.54535,0.29498
0.54558,0.2925
0.54581,0.2879
0.54604,0.28946
0.54627,0.29235
0.5465,0.28979
0.54673,0.28722
0.54696,0.28809
0.54719,0.29205
0.54742,0.29133
0.54766,0.29142
0.54789,0.29683
0.54812,0.29359
0.54835,0.28937
0.54858,0.29296
0.54881,0.29333
0.54905,0.29111
0.54928,0.29311
0.54951,0.29603
0.54975,0.29699
0.54998,0.29964
0.55021,0.301
0.55045,0.29806
0.55068,0.29578
0.55091,0.29681
0.55115,0.29907
0.55138,0.29891
0.55162,0.29761
0.55185,0.29697
0.55209,0.29776
0.55232,0.29953
0.55256,0.29732
0.55279,0.296
0.55303,0.29906
0.55327,0.29895
0.5535,0.29675
0.55374,0.29864
0.55397,0.30123
0.55421,0.29875
0.55445,0.29482
0.55469,0.2952
0.55492,0.29903
0.55516,0.30198
0.5554,0.30231
0.55564,0.30095
0.55588,0.29933
0.55611,0.29917
0.55635,0.30012
0.55659,0.30121
0.55683,0.30141
0.55707,0.3025
0.55731,0.30347
0.55755,0.29988
0.55779,0.29672
0.55803,0.29754
0.55827,0.29962
0.55851,0.30177
0.55875,0.30253
0.55899,0.30084
0.55923,0.30059
0.55947,0.30358
0.55972,0.30425
0.55996,0.30364
0.5602,0.30392
0.56044,0.30482
0.56068,0.30458
0.56093,0.30188
0.56117,0.30313
0.56141,0.30492
0.56166,0.30248
0.5619,0.30118
0.56214,0.30283
0.56239,0.30292
0.56263,0.30048
0.56287,0.30223
0.56312,0.30599
0.56336,0.30728
0.56361,0.30623
0.56385,0.30422
0.5641,0.30402
0.56435,0.30356
0.56459,0.30356
0.56484,0.30595
0.56508,0.30806
0.56533,0.30712
0.56558,0.3069
0.56582,0.30804
0.56607,0.30798
0.56632,0.30863
0.56657,0.30569
0.56681,0.30266
0.56706,0.30572
0.56731,0.30846
0.56756,0.30846
0.56781,0.30867
0.56805,0.30859
0.5683,0.30685
0.56855,0.30732
0.5688,0.30951
0.56905,0.31053
0.5693,0.31185
0.56955,0.31402
0.5698,0.31465
0.57005,0.31207
0.5703,0.31027
0.57056,0.30998
0.57081,0.31174
0.57106,0.31338
0.57131,0.31351
0.57156,0.31531
0.57181,0.31519
0.57207,0.31491
0.57232,0.31356
0.57257,0.30986
0.57282,0.30979
0.57308,0.31167
0.57333,0.31321
0.57358,0.31389
0.57384,0.31273
0.57409,0.31111
0.57435,0.31133
0.5746,0.31192
0.57486,0.31214
0.57511,0.31286
0.57537,0.31139
0.57562,0.31148
0.57588,0.31484
0.57613,0.31583
0.57639,0.31527
0.57665,0.31766
0.5769,0.31867
0.57716,0.31525
0.57742,0.31327
0.57767,0.31445
0.57793,0.31656
0.57819,0.317
0.57845,0.31712
0.57871,0.31699
0.57896,0.31614
0.57922,0.31855
0.57948,0.32028
0.57974,0.31889
0.58,0.3175
0.58026,0.31807
0.58052,0.31873
0.58078,0.31781
0.58104,0.31836
0.5813,0.31888
0.58156,0.31939
0.58182,0.31963
0.58208,0.31962
0.58235,0.32112
0.58261,0.32045
0.58287,0.31891
0.58313,0.31861
0.58339,0.31955
0.58366,0.32135
0.58392,0.32136
0.58418,0.32044
0.58445,0.31989
0.58471,0.31982
0.58497,0.32002
0.58524,0.3212
0.5855,0.32319
0.58577,0.32224
0.58603,0.31923
0.5863,0.3189
0.58656,0.32016
0.58683,0.3206
0.58709,0.32144
0.58736,0.32189
0.58763,0.32101
0.58789,0.31996
0.58816,0.32068
0.58843,0.3231
0.58869,0.32355
0.58896,0.3237
0.58923,0.32557
0.5895,0.32554
0.58976,0.32491
0.59003,0.32524
0.5903,0.32529
0.59057,0.32583
0.59084,0.32607
0.59111,0.32594
0.59138,0.32624
0.59165,0.32636
0.59192,0.32581
0.59219,0.32526
0.59246,0.32657
0.59273,0.3272
0.593,0.32523
0.59327,0.32451
0.59354,0.32544
0.59382,0.32661
0.59409,0.32874
0.59436,0.32997
0.59463,0.32903
0.59491,0.32827
0.59518,0.32916
0.59545,0.32983
0.59573,0.32897
0.596,0.32861
0.59627,0.32891
0.59655,0.32902
0.59682,0.32923
0.5971,0.32791
0.59737,0.32695
0.59765,0.32834
0.59792,0.32886
0.5982,0.32815
0.59848,0.32875
0.59875,0.33058
0.59903,0.33136
0.59931,0.33165
0.59958,0.33184
0.59986,0.32966
0.60014,0.32823
0.60042,0.3294
0.6007,0.33108
0.60097,0.33221
0.60125,0.33171
0.60153,0.33073
0.60181,0.32915
0.60209,0.3292
0.60237,0.33166
0.60265,0.33291
0.60293,0.33198
0.60321,0.32961
0.60349,0.33102
0.60377,0.33355
0.60405,0.33238
0.60434,0.33123
0.60462,0.33109
0.6049,0.33245
0.60518,0.33398
0.60547,0.33395
0.60575,0.33265
0.60603,0.3331
0.60631,0.33343
0.6066,0.33217
0.60688,0.33414
0.60717,0.33521
0.60745,0.33565
0.60774,0.33523
0.60802,0.33353
0.60831,0.33316
0.60859,0.33281
0.60888,0.33463
0.60916,0.33463
0.60945,0.33579
0.60974,0.33775
0.61002,0.33708
0.61031,0.33668
0.6106,0.33595
0.61089,0.3368
0.61117,0.3353
0.61146,0.33517
0.61175,0.33607
0.61204,0.33587
0.61233,0.33693
0.61262,0.33617
0.61291,0.33711
0.6132,0.33722
0.61349,0.33816
0.61378,0.33769
0.61407,0.33698
0.61436,0.33785
0.61465,0.33547
0.61494,0.33662
0.61524,0.33719
0.61553,0.33844
0.61582,0.33872
0.61611,0.33833
0.61641,0.34031
0.6167,0.33898
0.61699,0.33919
0.61729,0.33791
0.61758,0.33844
0.61787,0.33764
0.61817,0.33691
0.61846,0.33929
0.61876,0.33852
0.61905,0.3412
0.61935,0.34139
0.61965,0.34163
0.61994,0.34122
0.62024,0.3409
0.62054,0.34172
0.62083,0.34012
0.62113,0.34298
0.62143,0.34109
0.62173,0.34122
0.62203,0.34119
0.62232,0.33942
0.62262,0.34091
0.62292,0.34086
0.62322,0.3428
0.62352,0.34028
0.62382,0.34122
0.62412,0.34209
0.62442,0.34201
0.62472,0.34237
0.62502,0.33976
0.62533,0.34188
0.62563,0.34048
0.62593,0.3427
0.62623,0.34335
0.62654,0.34329
0.62684,0.34511
0.62714,0.3429
0.62744,0.3446
0.62775,0.34319
0.62805,0.34493
0.62836,0.34288
0.62866,0.34196
0.62897,0.3453
0.62927,0.34428
0.62958,0.34691
0.62988,0.34448
0.63019,0.3458
0.6305,0.34552
0.6308,0.34575
0.63111,0.34683
0.63142,0.34459
0.63173,0.34688
0.63203,0.3453
0.63234,0.32272
0.63358,0.35747
0.63389,0.34926
0.6342,0.34701
0.63451,0.34746
0.63482,0.34849
0.63513,0.34871
0.63544,0.34843
0.63575,0.34714
0.63607,0.34792
0.63638,0.34766
0.63669,0.34815
0.637,0.3481
0.63732,0.34754
0.63763,0.34837
0.63794,0.34823
0.63826,0.34895
0.63857,0.34868
0.63889,0.34949
0.6392,0.34812
0.63952,0.34833
0.63983,0.34955
0.64015,0.34862
0.64046,0.35055
0.64078,0.35056
0.6411,0.35025
0.64142,0.34938
0.64173,0.35119
0.64205,0.35323
0.64237,0.35147
0.64269,0.35012
0.64301,0.34881
0.64333,0.35089
0.64364,0.35182
0.64396,0.35246
0.64428,0.35293
0.64461,0.35303
0.64493,0.35476
0.64525,0.35442
0.64557,0.35468
0.64589,0.35359
0.64621,0.35416
0.64653,0.35444
0.64686,0.35415
0.64718,0.35529
0.6475,0.35426
0.64783,0.35508
0.64815,0.35484
0.64847,0.35513
0.6488,0.35478
0.64912,0.35383
0.64945,0.35475
0.64978,0.3545
0.6501,0.35548
0.65043,0.35525
0.65075,0.35629
0.65108,0.35732
0.65141,0.35708
0.65173,0.35724
0.65206,0.35671
0.65239,0.35857
0.65272,0.35904
0.65305,0.35898
0.65338,0.35845
0.65371,0.35803
0.65404,0.35911
0.65437,0.35825
0.6547,0.35768
0.65503,0.35717
0.65536,0.35793
0.65569,0.35925
0.65602,0.35988
0.65635,0.3599
0.65669,0.3595
0.65702,0.3604
0.65735,0.36066
0.65769,0.36137
0.65802,0.36136
0.65836,0.36092
0.65869,0.36116
0.65902,0.3608
0.65936,0.36103
0.6597,0.36103
0.66003,0.3626
0.66037,0.36385
0.6607,0.3627
0.66104,0.36216
0.66138,0.36282
0.66172,0.3637
0.66205,0.36365
0.66239,0.36382
0.66273,0.36343
0.66307,0.36283
0.66341,0.36331
0.66375,0.36352
0.66409,0.36325
0.66443,0.36267
0.66477,0.36261
0.66511,0.36285
0.66545,0.364
0.66579,0.36543
0.66614,0.36498
0.66648,0.36497
0.66682,0.36569
0.66716,0.36501
0.66751,0.36457
0.66785,0.36559
0.6682,0.36592
0.66854,0.36597
0.66889,0.36685
0.66923,0.36698
0.66958,0.36711
0.66992,0.36731
0.67027,0.36655
0.67062,0.36598
0.67096,0.36642
0.67131,0.3666
0.67166,0.36596
0.67201,0.36671
0.67236,0.36794
0.6727,0.3679
0.67305,0.36827
0.6734,0.36873
0.67375,0.36843
0.6741,0.36818
0.67445,0.3683
0.67481,0.36797
0.67516,0.36747
0.67551,0.3676
0.67586,0.36782
0.67621,0.3687
0.67657,0.36946
0.67692,0.36956
0.67727,0.36956
0.67763,0.36878
0.67798,0.36824
0.67834,0.36892
0.67869,0.37026
0.67905,0.37083
0.6794,0.37038
0.67976,0.36982
0.68012,0.3696
0.68047,0.3704
0.68083,0.37125
0.68119,0.37111
0.68155,0.37088
0.6819,0.37092
0.68226,0.37126
0.68262,0.37189
0.68298,0.37203
0.68334,0.37169
0.6837,0.37139
0.68406,0.37116
0.68443,0.37147
0.68479,0.372
0.68515,0.37227
0.68551,0.37223
0.68587,0.37172
0.68624,0.37183
0.6866,0.37319
0.68696,0.37408
0.68733,0.37359
0.68769,0.373
0.68806,0.37293
0.68842,0.373
0.68879,0.37251
0.68916,0.3721
0.68952,0.37286
0.68989,0.37335
0.69026,0.37285
0.69062,0.37291
0.69099,0.37368
0.69136,0.37318
0.69173,0.37276
0.6921,0.37376
0.69247,0.37407
0.69284,0.37373
0.69321,0.37341
0.69358,0.37353
0.69395,0.37375
0.69432,0.37376
0.6947,0.37402
0.69507,0.37411
0.69544,0.37439
0.69581,0.37431
0.69619,0.37468
0.69656,0.37548
0.69694,0.37483
0.69731,0.37399
0.69769,0.37367
0.69806,0.37389
0.69844,0.37462
0.69881,0.37507
0.69919,0.37475
0.69957,0.37438
0.69995,0.3747
0.70032,0.3748
0.7007,0.3744
0.70108,0.37456
0.70146,0.37546
0.70184,0.37546
0.70222,0.37484
0.7026,0.37514
0.70298,0.37573
0.70336,0.3759
0.70375,0.37572
0.70413,0.37575
0.70451,0.3756
0.70489,0.37516
0.70528,0.37485
0.70566,0.37488
0.70605,0.37541
0.70643,0.37592
0.70682,0.37616
0.7072,0.37597
0.70759,0.37644
0.70797,0.37691
0.70836,0.3767
0.70875,0.37668
0.70914,0.37635
0.70952,0.3765
0.70991,0.37683
0.7103,0.37722
0.71069,0.37773
0.71108,0.37731
0.71147,0.37732
0.71186,0.377
0.71225,0.37623
0.71265,0.37664
0.71304,0.37737
0.71343,0.37764
0.71382,0.3775
0.71422,0.37717
0.71461,0.37733
0.715,0.37774
0.7154,0.37733
0.71579,0.37695
0.71619,0.3775
0.71658,0.37793
0.71698,0.37763
0.71738,0.37737
0.71777,0.37746
0.71817,0.37719
0.71857,0.37688
0.71897,0.37695
0.71937,0.3773
0.71977,0.37757
0.72017,0.37765
0.72057,0.37798
0.72097,0.37762
0.72137,0.37662
0.72177,0.37615
0.72217,0.37639
0.72258,0.37679
0.72298,0.37639
0.72338,0.376
0.72379,0.37618
0.72419,0.3766
0.7246,0.37744
0.725,0.37776
0.72541,0.37712
0.72581,0.37652
0.72622,0.37648
0.72663,0.37671
0.72703,0.37697
0.72744,0.37719
0.72785,0.37709
0.72826,0.3771
0.72867,0.37734
0.72908,0.3772
0.72949,0.37738
0.7299,0.37777
0.73031,0.37733
0.73072,0.37651
0.73113,0.37655
0.73155,0.37711
0.73196,0.37677
0.73237,0.37643
0.73279,0.37673
0.7332,0.37669
0.73362,0.37636
0.73403,0.37648
0.73445,0.37689
0.73486,0.37672
0.73528,0.37659
0.7357,0.37683
0.73612,0.37669
0.73653,0.37674
0.73695,0.37685
0.73737,0.37624
0.73779,0.37559
0.73821,0.37591
0.73863,0.37645
0.73905,0.37638
0.73948,0.37619
0.7399,0.37617
0.74032,0.37653
0.74074,0.37653
0.74117,0.37605
0.74159,0.37616
0.74202,0.37609
0.74244,0.37533
0.74287,0.37511
0.74329,0.37551
0.74372,0.37546
0.74415,0.37556
0.74457,0.37617
0.745,0.37613
0.74543,0.37536
0.74586,0.37498
0.74629,0.37542
0.74672,0.37589
0.74715,0.37576
0.74758,0.37533
0.74801,0.37466
0.74844,0.37426
0.74887,0.37427
0.74931,0.37397
0.74974,0.37361
0.75017,0.37409
0.75061,0.37508
0.75104,0.37545
0.75148,0.37483
0.75191,0.37416
0.75235,0.37395
0.75279,0.37366
0.75323,0.37346
0.75366,0.3735
0.7541,0.3733
0.75454,0.37284
0.75498,0.37265
0.75542,0.37305
0.75586,0.3733
0.7563,0.37348
0.75674,0.37363
0.75719,0.37311
0.75763,0.37242
0.75807,0.37215
0.75851,0.37233
0.75896,0.37218
0.7594,0.37174
0.75985,0.37188
0.76029,0.37186
0.76074,0.37159
0.76119,0.37141
0.76163,0.37136
0.76208,0.37121
0.76253,0.37052
0.76298,0.37055
0.76343,0.37137
0.76388,0.37154
0.76433,0.37111
0.76478,0.37082
0.76523,0.3709
0.76568,0.37077
0.76614,0.37037
0.76659,0.37013
0.76704,0.37003
0.7675,0.37023
0.76795,0.37038
0.76841,0.37021
0.76886,0.37019
0.76932,0.37026
0.76977,0.36986
0.77023,0.36925
0.77069,0.36888
0.77115,0.36885
0.77161,0.36927
0.77207,0.36947
0.77253,0.369
0.77299,0.36837
0.77345,0.36807
0.77391,0.36825
0.77437,0.36855
0.77484,0.36874
0.7753,0.36853
0.77576,0.36801
0.77623,0.36775
0.77669,0.36799
0.77716,0.36843
0.77762,0.36838
0.77809,0.36777
0.77856,0.36719
0.77903,0.36733
0.7795,0.36763
0.77996,0.36702
0.78043,0.36643
0.7809,0.36651
0.78138,0.36652
0.78185,0.36618
0.78232,0.36587
0.78279,0.36565
0.78326,0.36558
0.78374,0.3657
0.78421,0.3656
0.78469,0.36559
0.78516,0.36562
0.78564,0.36555
0.78611,0.36561
0.78659,0.36565
0.78707,0.36559
0.78755,0.36501
0.78803,0.36449
0.7885,0.36434
0.78898,0.36419
0.78946,0.36438
0.78995,0.36462
0.79043,0.36453
0.79091,0.36408
0.79139,0.36374
0.79188,0.3639
0.79236,0.36405
0.79284,0.36391
0.79333,0.36357
0.79382,0.36359
0.7943,0.36395
0.79479,0.36388
0.79528,0.36358
0.79576,0.3634
0.79625,0.36316
0.79674,0.3631
0.79723,0.36325
0.79772,0.36306
0.79822,0.36266
0.79871,0.36266
0.7992,0.36314
0.79969,0.36334
0.80019,0.36317
0.80068,0.36322
0.80117,0.36328
0.80167,0.36347
0.80217,0.36334
0.80266,0.36294
0.80316,0.36318
0.80366,0.3635
0.80416,0.36338
0.80466,0.36276
0.80516,0.36216
0.80566,0.36227
0.80616,0.36259
0.80666,0.36263
0.80716,0.36222
0.80766,0.36185
0.80817,0.36179
0.80867,0.36213
0.80918,0.36274
0.80968,0.36246
0.81019,0.36209
0.81069,0.3625
0.8112,0.36268
0.81171,0.36254
0.81222,0.36218
0.81273,0.36195
0.81324,0.36237
0.81375,0.36268
0.81426,0.36235
0.81477,0.3622
0.81528,0.36236
0.8158,0.36197
0.81631,0.36152
0.81682,0.36152
0.81734,0.36168
0.81786,0.36195
0.81837,0.36168
0.81889,0.36119
0.81941,0.36145
0.81992,0.3616
0.82044,0.36134
0.82096,0.3614
0.82148,0.36136
0.822,0.36117
0.82253,0.36134
0.82305,0.36179
0.82357,0.36189
0.82409,0.36127
0.82462,0.36069
0.82514,0.36057
0.82567,0.36068
0.8262,0.361
0.82672,0.36114
0.82725,0.36099
0.82778,0.36054
0.82831,0.36018
0.82884,0.36049
0.82937,0.36095
0.8299,0.36102
0.83043,0.36078
0.83096,0.36046
0.8315,0.36013
0.83203,0.36018
0.83256,0.36043
0.8331,0.36034
0.83363,0.36038
0.83417,0.36061
0.83471,0.36059
0.83525,0.36014
0.83578,0.3597
0.83632,0.35978
0.83686,0.35998
0.8374,0.36011
0.83794,0.35998
0.83849,0.35963
0.83903,0.35944
0.83957,0.35951
0.84012,0.35981
0.84066,0.35979
0.84121,0.35945
0.84175,0.35915
0.8423,0.35897
0.84285,0.35916
0.8434,0.35941
0.84395,0.35928
0.8445,0.35913
0.84505,0.35923
0.8456,0.35944
0.84615,0.35937
0.8467,0.35903
0.84726,0.35883
0.84781,0.35887
0.84836,0.35892
0.84892,0.35881
0.84948,0.35881
0.85003,0.35882
0.85059,0.35865
0.85115,0.35862
0.85171,0.35877
0.85227,0.359
0.85283,0.35894
0.85339,0.35876
0.85395,0.35874
0.85452,0.35862
0.85508,0.35877
0.85564,0.35918
0.85621,0.35911
0.85678,0.35853
0.85734,0.35823
0.85791,0.35863
0.85848,0.35897
0.85905,0.35885
0.85962,0.35849
0.86019,0.35835
0.86076,0.35856
0.86133,0.35865
0.8619,0.35859
0.86248,0.3586
0.86305,0.35869
0.86362,0.35866
0.8642,0.3586
0.86478,0.35842
0.86535,0.35829
0.86593,0.35845
0.86651,0.35852
0.86709,0.35854
0.86767,0.3587
0.86825,0.35878
0.86883,0.35865
0.86942,0.35853
0.87,0.35844
0.87058,0.35832
0.87117,0.35839
0.87176,0.35849
0.87234,0.35848
0.87293,0.35836
0.87352,0.35813
0.87411,0.35809
0.8747,0.35829
0.87529,0.35845
0.87588,0.35833
0.87647,0.35797
0.87706,0.35776
0.87766,0.35785
0.87825,0.35787
0.87885,0.35769
0.87944,0.35767
0.88004,0.35774
0.88064,0.35777
0.88124,0.3578
0.88184,0.35759
0.88244,0.35742
0.88304,0.35744
0.88364,0.35746
0.88424,0.35745
0.88485,0.35748
0.88545,0.35767
0.88606,0.3577
0.88666,0.35764
0.88727,0.35764
0.88788,0.35749
0.88849,0.35742
0.8891,0.35734
0.88971,0.35714
0.89032,0.357
0.89093,0.35704
0.89154,0.35707
0.89215,0.35696
0.89277,0.3568
0.89338,0.35663
0.894,0.35649
0.89462,0.35643
0.89524,0.35642
0.89585,0.3564
0.89647,0.35628
0.89709,0.35623
0.89772,0.35607
0.89834,0.35588
0.89896,0.35583
0.89958,0.35564
0.90021,0.35529
0.90083,0.355
0.90146,0.35485
0.90209,0.35479
0.90272,0.35481
0.90335,0.35482
0.90398,0.3547
0.90461,0.35459
0.90524,0.35444
0.90587,0.35424
0.9065,0.35411
0.90714,0.35407
0.90777,0.35397
0.90841,0.35375
0.90905,0.35355
0.90968,0.35342
0.91032,0.35325
0.91096,0.35306
0.9116,0.35287
0.91225,0.35269
0.91289,0.35252
0.91353,0.35237
0.91418,0.3522
0.91482,0.35208
0.91547,0.35195
0.91611,0.35184
0.91676,0.35179
0.91741,0.35161
0.91806,0.35135
0.91871,0.35114
0.91936,0.35095
0.92001,0.35076
0.92067,0.35057
0.92132,0.3504
0.92198,0.35024
0.92263,0.35004
0.92329,0.3497
0.92395,0.34936
0.92461,0.3491
0.92527,0.34886
0.92593,0.34863
0.92659,0.34842
0.92725,0.34833
0.92792,0.34815
0.92858,0.34788
0.92925,0.34763
0.92991,0.34734
0.93058,0.34704
0.93125,0.34681
0.93192,0.34663
0.93259,0.34646
0.93326,0.34625
0.93393,0.34602
0.93461,0.34578
0.93528,0.34552
0.93596,0.3452
0.93663,0.34487
0.93731,0.34458
0.93799,0.34427
0.93867,0.34388
0.93935,0.34353
0.94003,0.34329
0.94071,0.34301
0.9414,0.34267
0.94208,0.34234
0.94276,0.34199
0.94345,0.34161
0.94414,0.34123
0.94483,0.34083
0.94551,0.34048
0.94621,0.34027
0.9469,0.34006
0.94759,0.33969
0.94828,0.3393
0.94898,0.33897
0.94967,0.33855
0.95037,0.33812
0.95106,0.33777
0.95176,0.3375
0.95246,0.33716
0.95316,0.33673
0.95386,0.33637
0.95457,0.33608
0.95527,0.33574
0.95597,0.33534
0.95668,0.33489
0.95739,0.33444
0.95809,0.33413
0.9588,0.33382
0.95951,0.33339
0.96022,0.33293
0.96094,0.3325
0.96165,0.33213
0.96236,0.33173
0.96308,0.33126
0.96379,0.3308
0.96451,0.33039
0.96523,0.33005
0.96595,0.32973
0.96667,0.32941
0.96739,0.32907
0.96811,0.32873
0.96883,0.32837
0.96956,0.32799
0.97029,0.32765
0.97101,0.32731
0.97174,0.32692
0.97247,0.32653
0.9732,0.32615
0.97393,0.32577
0.97466,0.32534
0.9754,0.32498
0.97613,0.32469
0.97687,0.3243
0.9776,0.3239
0.97834,0.3235
0.97908,0.32312
0.97982,0.32279
0.98056,0.32245
0.9813,0.32209
0.98205,0.32173
0.98279,0.32136
0.98354,0.32092
0.98428,0.32051
0.98503,0.32015
0.98578,0.31978
0.98653,0.31936
0.98728,0.3189
0.98803,0.31847
0.98879,0.31808
0.98954,0.31771
0.9903,0.31738
0.99106,0.3171
0.99181,0.3168
0.99257,0.31651
0.99333,0.3162
0.9941,0.31577
0.99486,0.31536
0.99562,0.31507
0.99639,0.31481
0.99715,0.31446
0.99792,0.31411
0.99869,0.31375
0.99946,0.31334
1.0002,0.31296
1.001,0.31262
1.0018,0.3123
1.0026,0.31199
1.0033,0.31166
1.0041,0.31135
1.0047,0.31414
1.0049,0.31317
1.0051,0.31135
1.0053,0.30884
1.0055,0.30729
1.0057,0.30772
1.0059,0.30923
1.0061,0.31036
1.0062,0.31009
1.0064,0.30882
1.0066,0.30823
1.0068,0.30865
1.007,0.30902
1.0072,0.30919
1.0074,0.30942
1.0076,0.30924
1.0078,0.30894
1.008,0.30926
1.0082,0.30952
1.0084,0.30875
1.0086,0.30788
1.0088,0.30824
1.009,0.3096
1.0092,0.31065
1.0094,0.31023
1.0096,0.30853
1.0098,0.30718
1.01,0.30734
1.0102,0.30866
1.0104,0.31043
1.0106,0.31212
1.0108,0.31301
1.011,0.31276
1.0112,0.31161
1.0114,0.30963
1.0115,0.30724
1.0117,0.30596
1.0119,0.30642
1.0121,0.3071
1.0123,0.3071
1.0125,0.30751
1.0127,0.30853
1.0129,0.30923
1.0131,0.30966
1.0133,0.30976
1.0135,0.30927
1.0137,0.30936
1.0139,0.31006
1.0141,0.30938
1.0143,0.30763
1.0145,0.30695
1.0147,0.30734
1.0149,0.30757
1.0151,0.30709
1.0153,0.30578
1.0155,0.30469
1.0157,0.3049
1.0159,0.30572
1.0161,0.30694
1.0163,0.30883
1.0165,0.30962
1.0167,0.30813
1.0169,0.30631
1.0171,0.30583
1.0173,0.30598
1.0175,0.30575
1.0177,0.30531
1.0179,0.30559
1.0181,0.30675
1.0183,0.30797
1.0185,0.30885
1.0187,0.30909
1.0189,0.30801
1.0191,0.30649
1.0193,0.30611
1.0195,0.30649
1.0197,0.30648
1.0199,0.30586
1.0201,0.30474
1.0203,0.30385
1.0205,0.30384
1.0207,0.30382
1.0209,0.3034
1.0211,0.30389
1.0213,0.30534
1.0215,0.30586
1.0217,0.30518
1.0219,0.30506
1.0221,0.30589
1.0223,0.30665
1.0225,0.30773
1.0227,0.30953
1.0229,0.31033
1.0231,0.30953
1.0233,0.30893
1.0235,0.3086
1.0237,0.30716
1.0239,0.3055
1.0241,0.30486
1.0243,0.30452
1.0245,0.30438
1.0247,0.3051
1.0249,0.30582
1.0251,0.30564
1.0254,0.30487
1.0256,0.30411
1.0258,0.30401
1.026,0.30477
1.0262,0.3054
1.0264,0.30504
1.0266,0.30399
1.0268,0.30302
1.027,0.30266
1.0272,0.30295
1.0274,0.30375
1.0276,0.30532
1.0278,0.30732
1.028,0.30827
1.0282,0.30749
1.0284,0.30608
1.0286,0.30504
1.0288,0.30455
1.029,0.30435
1.0292,0.30381
1.0294,0.30324
1.0296,0.30373
1.0298,0.30454
1.03,0.30411
1.0302,0.3034
1.0304,0.30395
1.0307,0.30477
1.0309,0.30474
1.0311,0.30445
1.0313,0.3043
1.0315,0.30408
1.0317,0.30378
1.0319,0.30362
1.0321,0.30409
1.0323,0.30505
1.0325,0.30527
1.0327,0.30442
1.0329,0.3037
1.0331,0.30377
1.0333,0.30419
1.0335,0.30419
1.0337,0.3039
1.0339,0.30431
1.0341,0.30506
1.0344,0.30467
1.0346,0.30369
1.0348,0.30344
1.035,0.30304
1.0352,0.30198
1.0354,0.30161
1.0356,0.30257
1.0358,0.30406
1.036,0.30462
1.0362,0.3031
1.0364,0.301
1.0366,0.30094
1.0368,0.30265
1.037,0.30397
1.0372,0.30388
1.0375,0.30288
1.0377,0.30234
1.0379,0.30262
1.0381,0.30235
1.0383,0.3013
1.0385,0.30134
1.0387,0.3033
1.0389,0.30579
1.0391,0.30684
1.0393,0.30596
1.0395,0.3044
1.0397,0.30314
1.04,0.30228
1.0402,0.30212
1.0404,0.30275
1.0406,0.30356
1.0408,0.30405
1.041,0.30403
1.0412,0.30389
1.0414,0.30429
1.0416,0.30449
1.0418,0.30374
1.042,0.30338
1.0423,0.30384
1.0425,0.30383
1.0427,0.30369
1.0429,0.30429
1.0431,0.30426
1.0433,0.30301
1.0435,0.30221
1.0437,0.30272
1.0439,0.30351
1.0441,0.30398
1.0444,0.30449
1.0446,0.30462
1.0448,0.30358
1.045,0.30212
1.0452,0.30195
1.0454,0.30346
1.0456,0.30543
1.0458,0.30614
1.046,0.30528
1.0462,0.30459
1.0465,0.3051
1.0467,0.30563
1.0469,0.30505
1.0471,0.30357
1.0473,0.30218
1.0475,0.30203
1.0477,0.30277
1.0479,0.30304
1.0482,0.30303
1.0484,0.30357
1.0486,0.30411
1.0488,0.3042
1.049,0.30415
1.0492,0.30413
1.0494,0.3044
1.0496,0.30502
1.0498,0.30545
1.0501,0.30553
1.0503,0.3054
1.0505,0.3052
1.0507,0.30527
1.0509,0.30535
1.0511,0.30491
1.0513,0.30427
1.0516,0.30371
1.0518,0.30335
1.052,0.30376
1.0522,0.30451
1.0524,0.30441
1.0526,0.30411
1.0528,0.3045
1.053,0.30441
1.0533,0.30338
1.0535,0.30281
1.0537,0.3029
1.0539,0.30293
1.0541,0.30349
1.0543,0.30476
1.0545,0.30553
1.0548,0.30564
1.055,0.30586
1.0552,0.30577
1.0554,0.30513
1.0556,0.30461
1.0558,0.30437
1.056,0.30455
1.0563,0.30544
1.0565,0.30597
1.0567,0.30522
1.0569,0.30423
1.0571,0.30403
1.0573,0.30428
1.0576,0.30459
1.0578,0.30514
1.058,0.30631
1.0582,0.30747
1.0584,0.30713
1.0586,0.3057
1.0589,0.30506
1.0591,0.30521
1.0593,0.30513
1.0595,0.30485
1.0597,0.30453
1.0599,0.30443
1.0602,0.30508
1.0604,0.30554
1.0606,0.30475
1.0608,0.30406
1.061,0.30522
1.0612,0.30777
1.0615,0.30973
1.0617,0.30952
1.0619,0.30766
1.0621,0.30579
1.0623,0.30453
1.0625,0.30386
1.0628,0.30397
1.063,0.3045
1.0632,0.3048
1.0634,0.305
1.0636,0.30553
1.0639,0.30635
1.0641,0.30689
1.0643,0.30664
1.0645,0.30601
1.0647,0.30581
1.0649,0.30582
1.0652,0.30547
1.0654,0.30522
1.0656,0.30586
1.0658,0.30694
1.066,0.30726
1.0663,0.3066
1.0665,0.30586
1.0667,0.30594
1.0669,0.30688
1.0671,0.30772
1.0674,0.30757
1.0676,0.30709
1.0678,0.30738
1.068,0.3079
1.0682,0.30755
1.0685,0.30657
1.0687,0.30605
1.0689,0.30643
1.0691,0.30683
1.0693,0.30663
1.0696,0.3067
1.0698,0.3073
1.07,0.30728
1.0702,0.30687
1.0704,0.3075
1.0707,0.30891
1.0709,0.30979
1.0711,0.30946
1.0713,0.30826
1.0715,0.30776
1.0718,0.30894
1.072,0.31045
1.0722,0.31082
1.0724,0.31025
1.0727,0.30946
1.0729,0.30899
1.0731,0.30908
1.0733,0.30938
1.0735,0.30941
1.0738,0.30895
1.074,0.30814
1.0742,0.30779
1.0744,0.30841
1.0747,0.30933
1.0749,0.30993
1.0751,0.31031
1.0753,0.31042
1.0755,0.31027
1.0758,0.31024
1.076,0.31054
1.0762,0.31109
1.0764,0.3117
1.0767,0.31221
1.0769,0.31221
1.0771,0.31129
1.0773,0.30983
1.0776,0.30878
1.0778,0.30863
1.078,0.30941
1.0782,0.31072
1.0785,0.31157
1.0787,0.31168
1.0789,0.31188
1.0791,0.31233
1.0794,0.31221
1.0796,0.31145
1.0798,0.31092
1.08,0.3112
1.0803,0.31198
1.0805,0.31257
1.0807,0.31271
1.0809,0.31272
1.0812,0.31289
1.0814,0.31295
1.0816,0.31235
1.0818,0.31159
1.0821,0.31165
1.0823,0.31203
1.0825,0.31202
1.0827,0.3124
1.083,0.31321
1.0832,0.31319
1.0834,0.31276
1.0836,0.31311
1.0839,0.31358
1.0841,0.31338
1.0843,0.31302
1.0845,0.31298
1.0848,0.31345
1.085,0.31421
1.0852,0.31431
1.0855,0.31349
1.0857,0.31266
1.0859,0.31249
1.0861,0.31308
1.0864,0.31418
1.0866,0.31527
1.0868,0.31606
1.087,0.31652
1.0873,0.31675
1.0875,0.31715
1.0877,0.31767
1.088,0.31749
1.0882,0.31668
1.0884,0.31639
1.0886,0.31675
1.0889,0.31704
1.0891,0.31713
1.0893,0.31734
1.0896,0.31765
1.0898,0.31787
1.09,0.31795
1.0902,0.3177
1.0905,0.31694
1.0907,0.31614
1.0909,0.31624
1.0912,0.31701
1.0914,0.31751
1.0916,0.3179
1.0919,0.31838
1.0921,0.31825
1.0923,0.31803
1.0925,0.31894
1.0928,0.31988
1.093,0.31953
1.0932,0.31918
1.0935,0.31953
1.0937,0.31932
1.0939,0.31886
1.0942,0.31944
1.0944,0.32028
1.0946,0.32031
1.0948,0.31976
1.0951,0.31908
1.0953,0.31904
1.0955,0.3203
1.0958,0.32161
1.096,0.32144
1.0962,0.32051
1.0965,0.32023
1.0967,0.32075
1.0969,0.32134
1.0972,0.32138
1.0974,0.32105
1.0976,0.32115
1.0979,0.32166
1.0981,0.32182
1.0983,0.32159
1.0986,0.32153
1.0988,0.32175
1.099,0.32198
1.0993,0.32218
1.0995,0.3225
1.0997,0.32296
1.1,0.32331
1.1002,0.32335
1.1004,0.32342
1.1007,0.32395
1.1009,0.32453
1.1011,0.32452
1.1014,0.3242
1.1016,0.3242
1.1018,0.32424
1.1021,0.324
1.1023,0.32391
1.1025,0.32395
1.1028,0.32373
1.103,0.32375
1.1032,0.32429
1.1035,0.32452
1.1037,0.32419
1.1039,0.32416
1.1042,0.32465
1.1044,0.3251
1.1046,0.32541
1.1049,0.32599
1.1051,0.32676
1.1054,0.32707
1.1056,0.32661
1.1058,0.32581
1.1061,0.32529
1.1063,0.3255
1.1065,0.32666
1.1068,0.32804
1.107,0.32856
1.1072,0.32841
1.1075,0.32838
1.1077,0.32813
1.1079,0.32737
1.1082,0.3269
1.1084,0.32703
1.1087,0.32724
1.1089,0.32755
1.1091,0.32835
1.1094,0.32922
1.1096,0.32957
1.1098,0.32964
1.1101,0.32991
1.1103,0.33026
1.1106,0.33022
1.1108,0.32988
1.111,0.32966
1.1113,0.32964
1.1115,0.32976
1.1118,0.3301
1.112,0.33042
1.1122,0.33052
1.1125,0.3305
1.1127,0.33044
1.1129,0.33032
1.1132,0.33026
1.1134,0.33023
1.1137,0.33023
1.1139,0.33045
1.1141,0.33086
1.1144,0.33129
1.1146,0.33167
1.1149,0.33178
1.1151,0.3316
1.1153,0.3315
1.1156,0.33166
1.1158,0.33211
1.1161,0.3328
1.1163,0.33298
1.1165,0.33238
1.1168,0.3322
1.117,0.33284
1.1173,0.33301
1.1175,0.33239
1.1177,0.33207
1.118,0.33237
1.1182,0.33286
1.1185,0.33342
1.1187,0.33387
1.1189,0.334
1.1192,0.33409
1.1194,0.33447
1.1197,0.33493
1.1199,0.33541
1.1202,0.33608
1.1204,0.33657
1.1206,0.33637
1.1209,0.33586
1.1211,0.33568
1.1214,0.33585
1.1216,0.33613
1.1219,0.33649
1.1221,0.33696
1.1223,0.33743
1.1226,0.33744
1.1228,0.33695
1.1231,0.33675
1.1233,0.337
1.1236,0.33699
1.1238,0.33694
1.124,0.33717
1.1243,0.3371
1.1245,0.33696
1.1248,0.33746
1.125,0.3381
1.1253,0.33833
1.1255,0.33856
1.1257,0.33897
1.126,0.33952
1.1262,0.34018
1.1265,0.3406
1.1267,0.34084
1.127,0.34099
1.1272,0.34016
1.1275,0.33848
1.1277,0.33778
1.128,0.33861
1.1282,0.33964
1.1284,0.33997
1.1287,0.33968
1.1289,0.33933
1.1292,0.33937
1.1294,0.33956
1.1297,0.33961
1.1299,0.33983
1.1302,0.34027
1.1304,0.34069
1.1307,0.34094
1.1309,0.34101
1.1312,0.34118
1.1314,0.34151
1.1316,0.34151
1.1319,0.34123
1.1321,0.34122
1.1324,0.34147
1.1326,0.34191
1.1329,0.34257
1.1331,0.34296
1.1334,0.34284
1.1336,0.34264
1.1339,0.34256
1.1341,0.34263
1.1344,0.3428
1.1346,0.34278
1.1349,0.34277
1.1351,0.34312
1.1354,0.34331
1.1356,0.34316
1.1359,0.34339
1.1361,0.34397
1.1364,0.34438
1.1366,0.34478
1.1369,0.34524
1.1371,0.34535
1.1374,0.34521
1.1376,0.34528
1.1379,0.34569
1.1381,0.34609
1.1384,0.34594
1.1386,0.34524
1.1389,0.34467
1.1391,0.34472
1.1394,0.34537
1.1396,0.34636
1.1399,0.34724
1.1401,0.34741
1.1404,0.34689
1.1406,0.34657
1.1409,0.34682
1.1411,0.34678
1.1414,0.34614
1.1416,0.34574
1.1419,0.34594
1.1421,0.34629
1.1424,0.34643
1.1426,0.34631
1.1429,0.34628
1.1431,0.34674
1.1434,0.34739
1.1436,0.34802
1.1439,0.34877
1.1441,0.34925
1.1444,0.34924
1.1446,0.34912
1.1449,0.34893
1.1451,0.34888
1.1454,0.34935
1.1456,0.34956
1.1459,0.34907
1.1462,0.34888
1.1464,0.34918
1.1467,0.34926
1.1469,0.34909
1.1472,0.34887
1.1474,0.3489
1.1477,0.3498
1.1479,0.35084
1.1482,0.35089
1.1484,0.35054
1.1487,0.35053
1.1489,0.35049
1.1492,0.35028
1.1495,0.35008
1.1497,0.35014
1.15,0.35084
1.1502,0.35171
1.1505,0.35175
1.1507,0.35111
1.151,0.35074
1.1512,0.3511
1.1515,0.35178
1.1518,0.35215
1.152,0.35233
1.1523,0.35275
1.1525,0.35282
1.1528,0.35213
1.153,0.3518
1.1533,0.35263
1.1535,0.35386
1.1538,0.35443
1.1541,0.35409
1.1543,0.35351
1.1546,0.35335
1.1548,0.35354
1.1551,0.35387
1.1553,0.35427
1.1556,0.35435
1.1559,0.35428
1.1561,0.35465
1.1564,0.35498
1.1566,0.35451
1.1569,0.35385
1.1572,0.35366
1.1574,0.35365
1.1577,0.35375
1.1579,0.35442
1.1582,0.3555
1.1584,0.35626
1.1587,0.35639
1.159,0.35622
1.1592,0.35598
1.1595,0.35569
1.1597,0.35554
1.16,0.35576
1.1603,0.35633
1.1605,0.35694
1.1608,0.35734
1.161,0.35725
1.1613,0.35658
1.1616,0.35589
1.1618,0.3558
1.1621,0.35641
1.1623,0.35745
1.1626,0.35833
1.1629,0.35849
1.1631,0.35808
1.1634,0.35759
1.1636,0.35717
1.1639,0.3573
1.1642,0.35824
1.1644,0.35885
1.1647,0.35847
1.165,0.35803
1.1652,0.35799
1.1655,0.35793
1.1657,0.358
1.166,0.35827
1.1663,0.3585
1.1665,0.3589
1.1668,0.35935
1.1671,0.35943
1.1673,0.35944
1.1676,0.3596
1.1678,0.3597
1.1681,0.35989
1.1684,0.36012
1.1686,0.36007
1.1689,0.36007
1.1692,0.36042
1.1694,0.3608
1.1697,0.36068
1.1699,0.35997
1.1702,0.35958
1.1705,0.36029
1.1707,0.36127
1.171,0.36157
1.1713,0.36164
1.1715,0.36184
1.1718,0.36192
1.1721,0.36174
1.1723,0.36127
1.1726,0.36083
1.1729,0.36111
1.1731,0.36178
1.1734,0.36198
1.1737,0.36173
1.1739,0.36159
1.1742,0.36174
1.1745,0.36197
1.1747,0.36202
1.175,0.36207
1.1752,0.36236
1.1755,0.36268
1.1758,0.36292
1.176,0.36316
1.1763,0.36337
1.1766,0.36342
1.1769,0.36317
1.1771,0.3629
1.1774,0.36313
1.1777,0.36335
1.1779,0.3629
1.1782,0.36255
1.1785,0.36291
1.1787,0.36338
1.179,0.36377
1.1793,0.3643
1.1795,0.36468
1.1798,0.36489
1.1801,0.36506
1.1803,0.36503
1.1806,0.36512
1.1809,0.36566
1.1811,0.36625
1.1814,0.36645
1.1817,0.36638
1.1819,0.36637
1.1822,0.36657
1.1825,0.36653
1.1828,0.36602
1.183,0.36562
1.1833,0.3656
1.1836,0.36569
1.1838,0.36582
1.1841,0.36593
1.1844,0.36603
1.1846,0.36632
1.1849,0.36658
1.1852,0.36664
1.1855,0.36677
1.1857,0.36679
1.186,0.36652
1.1863,0.3665
1.1865,0.36672
1.1868,0.36674
1.1871,0.36684
1.1874,0.36693
1.1876,0.36664
1.1879,0.36664
1.1882,0.36734
1.1884,0.36781
1.1887,0.36762
1.189,0.36734
1.1893,0.36728
1.1895,0.36734
1.1898,0.36755
1.1901,0.36787
1.1904,0.36819
1.1906,0.3685
1.1909,0.36872
1.1912,0.36872
1.1915,0.36886
1.1917,0.36931
1.192,0.36952
1.1923,0.36929
1.1925,0.36922
1.1928,0.36935
1.1931,0.36926
1.1934,0.36922
1.1936,0.36952
1.1939,0.36992
1.1942,0.3703
1.1945,0.3707
1.1947,0.37111
1.195,0.37138
1.1953,0.37122
1.1956,0.37084
1.1958,0.37068
1.1961,0.37073
1.1964,0.37084
1.1967,0.37096
1.197,0.3708
1.1972,0.37063
1.1975,0.37094
1.1978,0.37122
1.1981,0.37114
1.1983,0.37141
1.1986,0.37212
1.1989,0.37255
1.1992,0.37244
1.1994,0.37218
1.1997,0.37208
1.2,0.37213
1.2003,0.37222
1.2006,0.37251
1.2008,0.37292
1.2011,0.37295
1.2014,0.37273
1.2017,0.37284
1.2019,0.37321
1.2022,0.37365
1.2025,0.37393
1.2028,0.37365
1.2031,0.37318
1.2033,0.37325
1.2036,0.37357
1.2039,0.3737
1.2042,0.37376
1.2045,0.37392
1.2047,0.37416
1.205,0.37423
1.2053,0.37396
1.2056,0.37383
1.2059,0.37421
1.2061,0.37464
1.2064,0.37478
1.2067,0.37476
1.207,0.37476
1.2073,0.37509
1.2075,0.37573
1.2078,0.3761
1.2081,0.37596
1.2084,0.37571
1.2087,0.37555
1.209,0.37545
1.2092,0.37554
1.2095,0.37592
1.2098,0.37636
1.2101,0.37664
1.2104,0.3769
1.2106,0.37713
1.2109,0.37701
1.2112,0.37675
1.2115,0.37677
1.2118,0.37687
1.2121,0.37663
1.2123,0.37622
1.2126,0.37622
1.2129,0.37683
1.2132,0.37744
1.2135,0.37741
1.2138,0.37699
1.214,0.37687
1.2143,0.37718
1.2146,0.37758
1.2149,0.37776
1.2152,0.37785
1.2155,0.37793
1.2158,0.37773
1.216,0.37766
1.2163,0.37833
1.2166,0.37904
1.2169,0.37909
1.2172,0.37895
1.2175,0.37889
1.2178,0.37898
1.218,0.37943
1.2183,0.37976
1.2186,0.37975
1.2189,0.38005
1.2192,0.38042
1.2195,0.38022
1.2198,0.38001
1.22,0.38007
1.2203,0.38001
1.2206,0.38012
1.2209,0.38062
1.2212,0.38089
1.2215,0.38056
1.2218,0.38006
1.2221,0.38014
1.2223,0.3809
1.2226,0.38143
1.2229,0.38125
1.2232,0.38115
1.2235,0.38157
1.2238,0.38208
1.2241,0.38216
1.2244,0.38174
1.2247,0.38139
1.2249,0.38147
1.2252,0.38174
1.2255,0.38235
1.2258,0.3833
1.2261,0.38354
1.2264,0.3828
1.2267,0.3822
1.227,0.38223
1.2273,0.38254
1.2276,0.38299
1.2278,0.38326
1.2281,0.38313
1.2284,0.38294
1.2287,0.38295
1.229,0.38314
1.2293,0.38343
1.2296,0.38359
1.2299,0.38362
1.2302,0.38382
1.2305,0.38429
1.2308,0.38471
1.2311,0.38487
1.2313,0.38474
1.2316,0.38454
1.2319,0.38456
1.2322,0.38495
1.2325,0.38549
1.2328,0.38579
1.2331,0.3856
1.2334,0.38537
1.2337,0.38579
1.234,0.38663
1.2343,0.38699
1.2346,0.38678
1.2349,0.38663
1.2352,0.3865
1.2355,0.38627
1.2357,0.38636
1.236,0.38685
1.2363,0.38731
1.2366,0.38759
1.2369,0.38758
1.2372,0.38723
1.2375,0.38706
1.2378,0.38724
1.2381,0.3874
1.2384,0.38758
1.2387,0.38778
1.239,0.38769
1.2393,0.38757
1.2396,0.38784
1.2399,0.3883
1.2402,0.38871
1.2405,0.3889
1.2408,0.38874
1.2411,0.38863
1.2414,0.38883
1.2417,0.38894
1.242,0.38885
1.2423,0.38884
1.2426,0.38882
1.2429,0.38879
1.2432,0.38898
1.2435,0.38936
1.2438,0.38962
1.2441,0.3897
1.2443,0.38976
1.2446,0.39005
1.2449,0.39043
1.2452,0.39058
1.2455,0.39044
1.2458,0.39039
1.2461,0.39079
1.2464,0.39134
1.2467,0.39138
1.247,0.39103
1.2473,0.39098
1.2476,0.39134
1.2479,0.39181
1.2482,0.39221
1.2485,0.39232
1.2488,0.39227
1.2491,0.3925
1.2494,0.39277
1.2497,0.39251
1.25,0.39198
1.2504,0.39175
1.2507,0.39194
1.251,0.39228
1.2513,0.39229
1.2516,0.39189
1.2519,0.39165
1.2522,0.39194
1.2525,0.3925
1.2528,0.39301
1.2531,0.39338
1.2534,0.3937
1.2537,0.39414
1.254,0.39464
1.2543,0.39494
1.2546,0.39491
1.2549,0.39469
1.2552,0.39462
1.2555,0.39472
1.2558,0.39472
1.2561,0.39484
1.2564,0.39546
1.2567,0.39607
1.257,0.39611
1.2573,0.39611
1.2576,0.39663
1.2579,0.39726
1.2582,0.39746
1.2585,0.39725
1.2588,0.39705
1.2592,0.39707
1.2595,0.39708
1.2598,0.3969
1.2601,0.39683
1.2604,0.39704
1.2607,0.39715
1.261,0.39712
1.2613,0.39739
1.2616,0.39791
1.2619,0.39815
1.2622,0.39803
1.2625,0.39796
1.2628,0.39814
1.2631,0.39837
1.2635,0.39865
1.2638,0.39909
1.2641,0.39934
1.2644,0.3991
1.2647,0.39886
1.265,0.39904
1.2653,0.39914
1.2656,0.39884
1.2659,0.39874
1.2662,0.39921
1.2665,0.39984
1.2668,0.40027
1.2672,0.40042
1.2675,0.40041
1.2678,0.40048
1.2681,0.40062
1.2684,0.40068
1.2687,0.40076
1.269,0.40093
1.2693,0.40101
1.2696,0.40103
1.2699,0.40108
1.2703,0.40118
1.2706,0.40164
1.2709,0.40236
1.2712,0.40275
1.2715,0.40286
1.2718,0.40308
1.2721,0.40311
1.2724,0.40287
1.2728,0.40282
1.2731,0.40302
1.2734,0.40338
1.2737,0.40398
1.274,0.40456
1.2743,0.40467
1.2746,0.40437
1.2749,0.40401
1.2753,0.40394
1.2756,0.40417
1.2759,0.40442
1.2762,0.4045
1.2765,0.40446
1.2768,0.40444
1.2771,0.40471
1.2775,0.40515
1.2778,0.40536
1.2781,0.40542
1.2784,0.40564
1.2787,0.40589
1.279,0.40614
1.2793,0.40641
1.2797,0.40635
1.28,0.40593
1.2803,0.4057
1.2806,0.40585
1.2809,0.40622
1.2812,0.40677
1.2816,0.40744
1.2819,0.40802
1.2822,0.40828
1.2825,0.40816
1.2828,0.408
1.2831,0.40822
1.2835,0.40859
1.2838,0.4086
1.2841,0.40837
1.2844,0.40837
1.2847,0.40888
1.2851,0.4096
1.2854,0.40998
1.2857,0.40982
1.286,0.40961
1.2863,0.40982
1.2867,0.41036
1.287,0.41081
1.2873,0.41094
1.2876,0.4108
1.2879,0.41065
1.2882,0.41068
1.2886,0.41084
1.2889,0.41104
1.2892,0.41145
1.2895,0.41206
1.2899,0.41246
1.2902,0.41247
1.2905,0.41236
1.2908,0.41235
1.2911,0.41248
1.2915,0.41271
1.2918,0.4129
1.2921,0.41306
1.2924,0.4132
1.2927,0.41321
1.2931,0.4131
1.2934,0.41318
1.2937,0.41365
1.294,0.41413
1.2944,0.41429
1.2947,0.41441
1.295,0.41491
1.2953,0.41542
1.2957,0.41536
1.296,0.41498
1.2963,0.41496
1.2966,0.41537
1.2969,0.41588
1.2973,0.41625
1.2976,0.41641
1.2979,0.41639
1.2982,0.41642
1.2986,0.41666
1.2989,0.41697
1.2992,0.41711
1.2996,0.4171
1.2999,0.41712
1.3002,0.41737
1.3005,0.41792
1.3009,0.41852
1.3012,0.41883
1.3015,0.41884
1.3018,0.41871
1.3022,0.41855
1.3025,0.41844
1.3028,0.41839
1.3031,0.41845
1.3035,0.41875
1.3038,0.41916
1.3041,0.41951
1.3045,0.42002
1.3048,0.42051
1.3051,0.42052
1.3054,0.42042
1.3058,0.42073
1.3061,0.42095
1.3064,0.42071
1.3068,0.42057
1.3071,0.42085
1.3074,0.42123
1.3077,0.4215
1.3081,0.42185
1.3084,0.4225
1.3087,0.42324
1.3091,0.42353
1.3094,0.42344
1.3097,0.42344
1.3101,0.42362
1.3104,0.42382
1.3107,0.42404
1.3111,0.42414
1.3114,0.42402
1.3117,0.42399
1.312,0.42437
1.3124,0.4251
1.3127,0.42569
1.313,0.4257
1.3134,0.42536
1.3137,0.42524
1.314,0.42537
1.3144,0.42567
1.3147,0.42625
1.315,0.42685
1.3154,0.42699
1.3157,0.42681
1.316,0.42674
1.3164,0.42687
1.3167,0.42719
1.317,0.42756
1.3174,0.42781
1.3177,0.42803
1.318,0.4284
1.3184,0.42883
1.3187,0.42916
1.3191,0.42937
1.3194,0.42951
1.3197,0.42973
1.3201,0.43008
1.3204,0.43061
1.3207,0.43115
1.3211,0.43137
1.3214,0.43119
1.3217,0.43097
1.3221,0.43088
1.3224,0.43092
1.3228,0.43129
1.3231,0.43192
1.3234,0.43257
1.3238,0.43319
1.3241,0.43365
1.3244,0.43379
1.3248,0.43385
1.3251,0.43406
1.3255,0.43427
1.3258,0.43427
1.3261,0.43409
1.3265,0.43406
1.3268,0.43436
1.3272,0.43461
1.3275,0.43466
1.3278,0.43485
1.3282,0.43501
1.3285,0.43492
1.3289,0.43519
1.3292,0.43604
1.3295,0.43666
1.3299,0.43655
1.3302,0.43594
1.3306,0.43548
1.3309,0.43587
1.3312,0.43686
1.3316,0.43748
1.3319,0.43772
1.3323,0.43804
1.3326,0.43807
1.333,0.43766
1.3333,0.43747
1.3336,0.43777
1.334,0.43822
1.3343,0.43864
1.3347,0.43894
1.335,0.43917
1.3354,0.43936
1.3357,0.43932
1.336,0.43916
1.3364,0.43941
1.3367,0.44011
1.3371,0.44079
1.3374,0.44125
1.3378,0.44154
1.3381,0.44169
1.3385,0.44185
1.3388,0.44213
1.3392,0.44255
1.3395,0.4429
1.3398,0.44294
1.3402,0.44296
1.3405,0.44343
1.3409,0.4441
1.3412,0.44439
1.3416,0.44434
1.3419,0.44437
1.3423,0.44463
1.3426,0.4449
1.343,0.44504
1.3433,0.4452
1.3437,0.44542
1.344,0.44546
1.3444,0.44552
1.3447,0.4459
1.3451,0.44628
1.3454,0.44648
1.3458,0.44684
1.3461,0.44723
1.3465,0.4473
1.3468,0.44741
1.3472,0.44779
1.3475,0.44808
1.3479,0.44817
1.3482,0.44828
1.3486,0.44844
1.3489,0.44856
1.3493,0.44882
1.3496,0.4493
1.35,0.44979
1.3503,0.45008
1.3507,0.45035
1.351,0.45072
1.3514,0.45112
1.3517,0.45148
1.3521,0.45165
1.3524,0.45159
1.3528,0.45159
1.3531,0.45169
1.3535,0.45177
1.3538,0.45211
1.3542,0.45268
1.3545,0.45302
1.3549,0.45313
1.3553,0.4532
1.3556,0.45326
1.356,0.45353
1.3563,0.45393
1.3567,0.45416
1.357,0.45442
1.3574,0.45484
1.3577,0.45509
1.3581,0.45537
1.3585,0.456
1.3588,0.45669
1.3592,0.45723
1.3595,0.45752
1.3599,0.45748
1.3602,0.45742
1.3606,0.45747
1.3609,0.4576
1.3613,0.45821
1.3617,0.45923
1.362,0.4598
1.3624,0.45976
1.3627,0.45972
1.3631,0.46001
1.3635,0.4606
1.3638,0.4612
1.3642,0.46136
1.3645,0.46132
1.3649,0.46165
1.3652,0.46226
1.3656,0.46261
1.366,0.46259
1.3663,0.4626
1.3667,0.46291
1.367,0.46344
1.3674,0.46407
1.3678,0.46452
1.3681,0.4644
1.3685,0.4642
1.3689,0.46468
1.3692,0.46553
1.3696,0.46608
1.3699,0.46617
1.3703,0.46596
1.3707,0.46592
1.371,0.46628
1.3714,0.46655
1.3717,0.46666
1.3721,0.46706
1.3725,0.46734
1.3728,0.46716
1.3732,0.46723
1.3736,0.46779
1.3739,0.46824
1.3743,0.46852
1.3747,0.46911
1.375,0.46989
1.3754,0.47038
1.3758,0.47058
1.3761,0.47076
1.3765,0.47084
1.3768,0.47083
1.3772,0.47123
1.3776,0.472
1.3779,0.4726
1.3783,0.47311
1.3787,0.47351
1.379,0.47322
1.3794,0.47262
1.3798,0.47269
1.3801,0.47333
1.3805,0.47391
1.3809,0.4744
1.3812,0.47479
1.3816,0.47497
1.382,0.47515
1.3824,0.4755
1.3827,0.47579
1.3831,0.47583
1.3835,0.47595
1.3838,0.47651
1.3842,0.47717
1.3846,0.47762
1.3849,0.47804
1.3853,0.47829
1.3857,0.47808
1.386,0.47796
1.3864,0.47847
1.3868,0.47918
1.3872,0.4796
1.3875,0.47975
1.3879,0.47999
1.3883,0.48056
1.3886,0.48104
1.389,0.48097
1.3894,0.48074
1.3898,0.48094
1.3901,0.4814
1.3905,0.48168
1.3909,0.4818
1.3913,0.482
1.3916,0.48241
1.392,0.48293
1.3924,0.4834
1.3927,0.48365
1.3931,0.48368
1.3935,0.48375
1.3939,0.48404
1.3942,0.48444
1.3946,0.48496
1.395,0.48561
1.3954,0.48604
1.3957,0.48611
1.3961,0.4862
1.3965,0.48656
1.3969,0.48707
1.3973,0.48752
1.3976,0.48781
1.398,0.48805
1.3984,0.48821
1.3988,0.48827
1.3991,0.48857
1.3995,0.48925
1.3999,0.48971
1.4003,0.48971
1.4006,0.48981
1.401,0.49032
1.4014,0.49086
1.4018,0.49108
1.4022,0.49123
1.4025,0.49165
1.4029,0.49217
1.4033,0.49246
1.4037,0.49273
1.4041,0.49304
1.4044,0.49304
1.4048,0.49294
1.4052,0.49325
1.4056,0.49385
1.406,0.49445
1.4063,0.49501
1.4067,0.49546
1.4071,0.4958
1.4075,0.49621
1.4079,0.49666
1.4083,0.4969
1.4086,0.49679
1.409,0.49657
1.4094,0.49663
1.4098,0.49701
1.4102,0.49742
1.4106,0.49784
1.4109,0.49848
1.4113,0.49918
1.4117,0.4995
1.4121,0.49951
1.4125,0.4997
1.4129,0.50021
1.4132,0.5006
1.4136,0.50064
1.414,0.50058
1.4144,0.50063
1.4148,0.50094
1.4152,0.50158
1.4156,0.50216
1.4159,0.50229
1.4163,0.50226
1.4167,0.5026
1.4171,0.50331
1.4175,0.50399
1.4179,0.50436
1.4183,0.50455
1.4187,0.50484
1.419,0.50531
1.4194,0.50573
1.4198,0.50586
1.4202,0.50582
1.4206,0.50602
1.421,0.50659
1.4214,0.50717
1.4218,0.50738
1.4222,0.50736
1.4226,0.50753
1.4229,0.50793
1.4233,0.50823
1.4237,0.50838
1.4241,0.50879
1.4245,0.50949
1.4249,0.51005
1.4253,0.51029
1.4257,0.51043
1.4261,0.51062
1.4265,0.51094
1.4269,0.51143
1.4273,0.51202
1.4276,0.51258
1.428,0.51293
1.4284,0.51314
1.4288,0.51341
1.4292,0.5138
1.4296,0.51402
1.43,0.51413
1.4304,0.51449
1.4308,0.51499
1.4312,0.51528
1.4316,0.51554
1.432,0.51607
1.4324,0.5165
1.4328,0.51668
1.4332,0.51706
1.4336,0.51765
1.434,0.51794
1.4344,0.51799
1.4348,0.51836
1.4352,0.51906
1.4356,0.51974
1.4359,0.52026
1.4363,0.52059
1.4367,0.52082
1.4371,0.52105
1.4375,0.52119
1.4379,0.52126
1.4383,0.52139
1.4387,0.52158
1.4391,0.52199
1.4395,0.52271
1.4399,0.52338
1.4403,0.52363
1.4407,0.52355
1.4411,0.5234
1.4415,0.52362
1.4419,0.52444
1.4423,0.52529
1.4427,0.52571
1.4431,0.52607
1.4435,0.52663
1.4439,0.52705
1.4443,0.52732
1.4447,0.52763
1.4452,0.52785
1.4456,0.52805
1.446,0.52839
1.4464,0.52861
1.4468,0.52869
1.4472,0.52897
1.4476,0.52935
1.448,0.52953
1.4484,0.5296
1.4488,0.5296
1.4492,0.52973
1.4496,0.53043
1.45,0.5315
1.4504,0.53215
1.4508,0.53239
1.4512,0.53272
1.4516,0.53315
1.452,0.5334
1.4524,0.53345
1.4528,0.53354
1.4533,0.53401
1.4537,0.53476
1.4541,0.53534
1.4545,0.53571
1.4549,0.5362
1.4553,0.53674
1.4557,0.53703
1.4561,0.53702
1.4565,0.53706
1.4569,0.53744
1.4573,0.5379
1.4577,0.53819
1.4582,0.53862
1.4586,0.53926
1.459,0.53966
1.4594,0.53997
1.4598,0.54049
1.4602,0.54078
1.4606,0.54073
1.461,0.54091
1.4614,0.54146
1.4619,0.54192
1.4623,0.54213
1.4627,0.54228
1.4631,0.54247
1.4635,0.54275
1.4639,0.54322
1.4643,0.54383
1.4647,0.54426
1.4652,0.54446
1.4656,0.54484
1.466,0.5453
1.4664,0.54534
1.4668,0.54524
1.4672,0.54551
1.4676,0.54594
1.4681,0.54625
1.4685,0.54667
1.4689,0.5472
1.4693,0.54759
1.4697,0.54789
1.4701,0.54834
1.4706,0.54894
1.471,0.54945
1.4714,0.5498
1.4718,0.55002
1.4722,0.55012
1.4726,0.5502
1.4731,0.55048
1.4735,0.55088
1.4739,0.55128
1.4743,0.5517
1.4747,0.5521
1.4752,0.55239
1.4756,0.55283
1.476,0.55349
1.4764,0.55408
1.4768,0.5545
1.4773,0.55494
1.4777,0.55536
1.4781,0.55551
1.4785,0.55532
1.479,0.55508
1.4794,0.55533
1.4798,0.55622
1.4802,0.55715
1.4806,0.55763
1.4811,0.55779
1.4815,0.55787
1.4819,0.55792
1.4823,0.55801
1.4828,0.55826
1.4832,0.55865
1.4836,0.55908
1.484,0.55945
1.4845,0.55968
1.4849,0.55985
1.4853,0.56007
1.4857,0.56055
1.4862,0.56132
1.4866,0.56194
1.487,0.56219
1.4874,0.56245
1.4879,0.56293
1.4883,0.56324
1.4887,0.56326
1.4891,0.56339
1.4896,0.56386
1.49,0.56437
1.4904,0.56459
1.4909,0.56468
1.4913,0.56494
1.4917,0.56542
1.4921,0.56592
1.4926,0.56612
1.493,0.56607
1.4934,0.56637
1.4939,0.5672
1.4943,0.56778
1.4947,0.56777
1.4952,0.56788
1.4956,0.56856
1.496,0.56934
1.4965,0.56985
1.4969,0.57018
1.4973,0.57053
1.4977,0.57084
1.4982,0.57095
1.4986,0.57108
1.499,0.57149
1.4995,0.57191
1.4999,0.57227
1.5003,0.57268
1.5008,0.57295
1.5012,0.57308
1.5017,0.57337
1.5021,0.57374
1.5025,0.57395
1.503,0.5742
1.5034,0.57468
1.5038,0.57526
1.5043,0.57572
1.5047,0.57596
1.5051,0.57617
1.5056,0.5766
1.506,0.57696
1.5065,0.57709
1.5069,0.57737
1.5073,0.57793
1.5078,0.57849
1.5082,0.5788
1.5086,0.57895
1.5091,0.57922
1.5095,0.57967
1.51,0.58
1.5104,0.58014
1.5108,0.58029
1.5113,0.58049
1.5117,0.58086
1.5122,0.58154
1.5126,0.58222
1.513,0.58253
1.5135,0.58252
1.5139,0.58239
1.5144,0.58258
1.5148,0.58332
1.5153,0.5842
1.5157,0.58473
1.5161,0.58498
1.5166,0.58518
1.517,0.5855
1.5175,0.586
1.5179,0.58637
1.5184,0.58637
1.5188,0.58638
1.5193,0.5868
1.5197,0.58749
1.5201,0.58809
1.5206,0.58841
1.521,0.58863
1.5215,0.58898
1.5219,0.58934
1.5224,0.58956
1.5228,0.58995
1.5233,0.59066
1.5237,0.59116
1.5242,0.59102
1.5246,0.59059
1.5251,0.59041
1.5255,0.5906
1.526,0.59112
1.5264,0.5917
1.5269,0.59204
1.5273,0.59231
1.5278,0.59269
1.5282,0.59291
1.5287,0.59302
1.5291,0.59347
1.5296,0.59404
1.53,0.59429
1.5305,0.59448
1.5309,0.59487
1.5314,0.59533
1.5318,0.59586
1.5323,0.59642
1.5327,0.59665
1.5332,0.59655
1.5336,0.59647
1.5341,0.59667
1.5345,0.59726
1.535,0.59796
1.5354,0.59844
1.5359,0.59883
1.5364,0.59921
1.5368,0.59944
1.5373,0.59968
1.5377,0.59991
1.5382,0.59992
1.5386,0.60004
1.5391,0.60061
1.5396,0.60128
1.54,0.60174
1.5405,0.60216
1.5409,0.60237
1.5414,0.6022
1.5418,0.60218
1.5423,0.60274
1.5428,0.60346
1.5432,0.60385
1.5437,0.60408
1.5441,0.60438
1.5446,0.60447
1.5451,0.60429
1.5455,0.60428
1.546,0.60456
1.5464,0.60474
1.5469,0.60483
1.5474,0.60529
1.5478,0.60604
1.5483,0.60664
1.5487,0.60712
1.5492,0.60763
1.5497,0.60785
1.5501,0.6077
1.5506,0.60774
1.5511,0.60821
1.5515,0.60864
1.552,0.60885
1.5525,0.60912
1.5529,0.6095
1.5534,0.60984
1.5539,0.61001
1.5543,0.61008
1.5548,0.61032
1.5553,0.61081
1.5557,0.61132
1.5562,0.61177
1.5567,0.61215
1.5571,0.61222
1.5576,0.6121
1.5581,0.61233
1.5585,0.61303
1.559,0.61361
1.5595,0.61379
1.5599,0.61391
1.5604,0.61411
1.5609,0.61431
1.5613,0.61458
1.5618,0.61503
1.5623,0.61549
1.5627,0.61591
1.5632,0.61624
1.5637,0.61625
1.5642,0.61601
1.5646,0.61611
1.5651,0.61668
1.5656,0.61719
1.5661,0.61737
1.5665,0.61754
1.567,0.61799
1.5675,0.61854
1.5679,0.61896
1.5684,0.61926
1.5689,0.61948
1.5694,0.61969
1.5698,0.62
1.5703,0.62028
1.5708,0.62049
1.5713,0.62083
1.5718,0.62102
1.5722,0.62075
1.5727,0.62047
1.5732,0.62055
1.5737,0.62086
1.5741,0.62132
1.5746,0.62176
1.5751,0.62206
1.5756,0.62267
1.576,0.62346
1.5765,0.62377
1.577,0.62378
1.5775,0.62399
1.578,0.62436
1.5784,0.62474
1.5789,0.62502
1.5794,0.62499
1.5799,0.62489
1.5804,0.62509
1.5809,0.62553
1.5813,0.62587
1.5818,0.62602
1.5823,0.62628
1.5828,0.62686
1.5833,0.62736
1.5838,0.62773
1.5842,0.6283
1.5847,0.62866
1.5852,0.62852
1.5857,0.62859
1.5862,0.62912
1.5867,0.62963
1.5871,0.63001
1.5876,0.6303
1.5881,0.63035
1.5886,0.63037
1.5891,0.63045
1.5896,0.63049
1.5901,0.63068
1.5906,0.63084
1.591,0.63075
1.5915,0.63091
1.592,0.63149
1.5925,0.63198
1.593,0.63227
1.5935,0.63258
1.594,0.63281
1.5945,0.63286
1.595,0.63274
1.5954,0.6326
1.5959,0.63292
1.5964,0.63359
1.5969,0.63399
1.5974,0.63406
1.5979,0.63427
1.5984,0.63448
1.5989,0.63435
1.5994,0.63431
1.5999,0.63477
1.6004,0.63538
1.6009,0.63575
1.6014,0.63605
1.6019,0.63637
1.6024,0.63653
1.6028,0.6366
1.6033,0.63682
1.6038,0.63709
1.6043,0.63728
1.6048,0.63749
1.6053,0.63774
1.6058,0.63805
1.6063,0.63851
1.6068,0.6391
1.6073,0.63959
1.6078,0.63976
1.6083,0.6397
1.6088,0.63989
1.6093,0.6404
1.6098,0.64071
1.6103,0.64065
1.6108,0.64053
1.6113,0.64045
1.6118,0.64052
1.6123,0.64091
1.6128,0.64146
1.6133,0.64187
1.6138,0.64209
1.6143,0.64216
1.6148,0.64212
1.6153,0.64208
1.6158,0.64213
1.6163,0.64243
1.6168,0.64302
1.6173,0.64361
1.6178,0.64396
1.6184,0.64412
1.6189,0.64409
1.6194,0.64394
1.6199,0.6441
1.6204,0.64485
1.6209,0.6456
1.6214,0.64577
1.6219,0.64575
1.6224,0.64605
1.6229,0.64626
1.6234,0.646
1.6239,0.64585
1.6244,0.64608
1.6249,0.64634
1.6255,0.64667
1.626,0.64713
1.6265,0.64733
1.627,0.64725
1.6275,0.6474
1.628,0.64777
1.6285,0.64803
1.629,0.64816
1.6295,0.64817
1.6301,0.6481
1.6306,0.6481
1.6311,0.64812
1.6316,0.64805
1.6321,0.64828
1.6326,0.64917
1.6331,0.65008
1.6337,0.6502
1.6342,0.64988
1.6347,0.64983
1.6352,0.64998
1.6357,0.65016
1.6362,0.65044
1.6367,0.6506
1.6373,0.6505
1.6378,0.65031
1.6383,0.65016
1.6388,0.65011
1.6393,0.65023
1.6398,0.65042
1.6404,0.65066
1.6409,0.65107
1.6414,0.65151
1.6419,0.65183
1.6424,0.65207
1.643,0.65223
1.6435,0.65241
1.644,0.65278
1.6445,0.65318
1.6451,0.65328
1.6456,0.6531
1.6461,0.65291
1.6466,0.65297
1.6471,0.65338
1.6477,0.65391
1.6482,0.65434
1.6487,0.65461
1.6492,0.65473
1.6498,0.65494
1.6503,0.65531
1.6508,0.65548
1.6513,0.65527
1.6519,0.65496
1.6524,0.65492
1.6529,0.65526
1.6534,0.65571
1.654,0.65594
1.6545,0.65603
1.655,0.65601
1.6556,0.65571
1.6561,0.65552
1.6566,0.65581
1.6571,0.65634
1.6577,0.6569
1.6582,0.65746
1.6587,0.65781
1.6593,0.65795
1.6598,0.65808
1.6603,0.65815
1.6609,0.65828
1.6614,0.65851
1.6619,0.65852
1.6625,0.65837
1.663,0.65842
1.6635,0.65864
1.6641,0.65883
1.6646,0.65899
1.6651,0.65907
1.6657,0.65921
1.6662,0.65957
1.6667,0.65981
1.6673,0.65969
1.6678,0.65974
1.6683,0.66009
1.6689,0.6603
1.6694,0.66036
1.67,0.66045
1.6705,0.66032
1.671,0.65991
1.6716,0.65974
1.6721,0.66015
1.6726,0.66062
1.6732,0.6608
1.6737,0.66093
1.6743,0.66107
1.6748,0.66107
1.6753,0.66124
1.6759,0.66163
1.6764,0.66178
1.677,0.66169
1.6775,0.66185
1.6781,0.66236
1.6786,0.66277
1.6791,0.66279
1.6797,0.66264
1.6802,0.66265
1.6808,0.66286
1.6813,0.66308
1.6819,0.66308
1.6824,0.66304
1.683,0.66337
1.6835,0.66405
1.6841,0.66448
1.6846,0.66455
1.6851,0.66463
1.6857,0.66489
1.6862,0.6652
1.6868,0.66538
1.6873,0.66524
1.6879,0.66491
1.6884,0.66487
1.689,0.66519
1.6895,0.6654
1.6901,0.66532
1.6906,0.66524
1.6912,0.66531
1.6917,0.66545
1.6923,0.66569
1.6929,0.66599
1.6934,0.66613
1.694,0.66611
1.6945,0.66625
1.6951,0.66663
1.6956,0.66684
1.6962,0.66658
1.6967,0.66615
1.6973,0.66616
1.6978,0.66675
1.6984,0.66725
1.699,0.66721
1.6995,0.66703
1.7001,0.66715
1.7006,0.66747
1.7012,0.66774
1.7017,0.66786
1.7023,0.66782
1.7029,0.66783
1.7034,0.66809
1.704,0.66862
1.7045,0.66926
1.7051,0.6698
1.7057,0.67001
1.7062,0.66986
1.7068,0.66968
1.7073,0.66977
1.7079,0.67009
1.7085,0.67038
1.709,0.67039
1.7096,0.67018
1.7102,0.67001
1.7107,0.67026
1.7113,0.67082
1.7119,0.6711
1.7124,0.67101
1.713,0.67103
1.7135,0.67129
1.7141,0.67165
1.7147,0.67193
1.7153,0.67205
1.7158,0.67227
1.7164,0.67259
1.717,0.67258
1.7175,0.67243
1.7181,0.6726
1.7187,0.67281
1.7192,0.67291
1.7198,0.67316
1.7204,0.67345
1.7209,0.67359
1.7215,0.67369
1.7221,0.67363
1.7227,0.67338
1.7232,0.67326
1.7238,0.67337
1.7244,0.67358
1.725,0.67384
1.7255,0.67405
1.7261,0.67423
1.7267,0.67445
1.7272,0.67449
1.7278,0.67453
1.7284,0.67486
1.729,0.67506
1.7296,0.67492
1.7301,0.67487
1.7307,0.67501
1.7313,0.67506
1.7319,0.67502
1.7324,0.67504
1.733,0.67524
1.7336,0.67552
1.7342,0.67563
1.7348,0.67564
1.7353,0.67577
1.7359,0.67593
1.7365,0.6761
1.7371,0.67625
1.7377,0.67633
1.7383,0.67637
1.7388,0.67638
1.7394,0.67627
1.74,0.67623
1.7406,0.67641
1.7412,0.67657
1.7418,0.67663
1.7423,0.67674
1.7429,0.67702
1.7435,0.67738
1.7441,0.67753
1.7447,0.6775
1.7453,0.67757
1.7459,0.67763
1.7464,0.67745
1.747,0.67719
1.7476,0.67732
1.7482,0.67776
1.7488,0.67799
1.7494,0.6779
1.75,0.67796
1.7506,0.67829
1.7512,0.67844
1.7518,0.6784
1.7524,0.67856
1.7529,0.67866
1.7535,0.67858
1.7541,0.67873
1.7547,0.67902
1.7553,0.67915
1.7559,0.67919
1.7565,0.67923
1.7571,0.67939
1.7577,0.67979
1.7583,0.68003
1.7589,0.67979
1.7595,0.67948
1.7601,0.67945
1.7607,0.67955
1.7613,0.67965
1.7619,0.67968
1.7625,0.67962
1.7631,0.67978
1.7637,0.68036
1.7643,0.68081
1.7649,0.68085
1.7655,0.68088
1.7661,0.68117
1.7667,0.68135
1.7673,0.68118
1.7679,0.68111
1.7685,0.6814
1.7691,0.68171
1.7697,0.68192
1.7703,0.68206
1.7709,0.68226
1.7715,0.68266
1.7721,0.68297
1.7727,0.68294
1.7733,0.68288
1.7739,0.68292
1.7745,0.68292
1.7751,0.68297
1.7758,0.68314
1.7764,0.68328
1.777,0.68358
1.7776,0.68407
1.7782,0.68456
1.7788,0.68472
1.7794,0.68438
1.78,0.684
1.7806,0.68398
1.7812,0.68405
1.7819,0.68392
1.7825,0.6839
1.7831,0.68417
1.7837,0.6845
1.7843,0.68487
1.7849,0.68509
1.7855,0.68503
1.7862,0.68503
1.7868,0.68532
1.7874,0.68558
1.788,0.68555
1.7886,0.68527
1.7892,0.68503
1.7899,0.68514
1.7905,0.68539
1.7911,0.68549
1.7917,0.68562
1.7923,0.68598
1.7929,0.68634
1.7936,0.68635
1.7942,0.68614
1.7948,0.68613
1.7954,0.68621
1.7961,0.68618
1.7967,0.68624
1.7973,0.6863
1.7979,0.68622
1.7985,0.68626
1.7992,0.68654
1.7998,0.68668
1.8004,0.68657
1.801,0.68641
1.8017,0.68632
1.8023,0.68651
1.8029,0.68689
1.8036,0.68703
1.8042,0.68701
1.8048,0.68712
1.8054,0.68727
1.8061,0.6875
1.8067,0.68787
1.8073,0.68797
1.808,0.68785
1.8086,0.68797
1.8092,0.68835
1.8098,0.6885
1.8105,0.68824
1.8111,0.68815
1.8117,0.68852
1.8124,0.68881
1.813,0.68868
1.8136,0.68845
1.8143,0.68851
1.8149,0.68883
1.8155,0.68904
1.8162,0.68886
1.8168,0.68858
1.8175,0.68854
1.8181,0.68868
1.8187,0.68888
1.8194,0.68915
1.82,0.6894
1.8206,0.68936
1.8213,0.68927
1.8219,0.68929
1.8226,0.6895
1.8232,0.6898
1.8238,0.68989
1.8245,0.68957
1.8251,0.68923
1.8258,0.68935
1.8264,0.68987
1.8271,0.69037
1.8277,0.69051
1.8284,0.69041
1.829,0.69027
1.8296,0.6901
1.8303,0.68994
1.8309,0.68989
1.8316,0.68989
1.8322,0.68993
1.8329,0.69003
1.8335,0.69021
1.8342,0.69045
1.8348,0.69061
1.8355,0.69066
1.8361,0.69086
1.8368,0.69111
1.8374,0.69112
1.8381,0.6909
1.8387,0.69072
1.8394,0.69068
1.84,0.69083
1.8407,0.69104
1.8413,0.69113
1.842,0.69106
1.8426,0.69087
1.8433,0.69078
1.844,0.69099
1.8446,0.69137
1.8453,0.69157
1.8459,0.69174
1.8466,0.69198
1.8472,0.6921
1.8479,0.69213
1.8486,0.6922
1.8492,0.69219
1.8499,0.69208
1.8505,0.69206
1.8512,0.69227
1.8519,0.69247
1.8525,0.69263
1.8532,0.69277
1.8538,0.69274
1.8545,0.69248
1.8552,0.69225
1.8558,0.69224
1.8565,0.69257
1.8572,0.69313
1.8578,0.69363
1.8585,0.69372
1.8592,0.69357
1.8598,0.69354
1.8605,0.69381
1.8612,0.69419
1.8618,0.69445
1.8625,0.69448
1.8632,0.69443
1.8638,0.69446
1.8645,0.69465
1.8652,0.6948
1.8659,0.69467
1.8665,0.69435
1.8672,0.69429
1.8679,0.69461
1.8685,0.69478
1.8692,0.69467
1.8699,0.69469
1.8706,0.69499
1.8712,0.69539
1.8719,0.69561
1.8726,0.69562
1.8733,0.69537
1.8739,0.69512
1.8746,0.69511
1.8753,0.69525
1.876,0.69549
1.8767,0.69582
1.8773,0.69602
1.878,0.69587
1.8787,0.69577
1.8794,0.69612
1.8801,0.69657
1.8807,0.69672
1.8814,0.69663
1.8821,0.69658
1.8828,0.69666
1.8835,0.69677
1.8842,0.69689
1.8848,0.69699
1.8855,0.69697
1.8862,0.69685
1.8869,0.69678
1.8876,0.6968
1.8883,0.69683
1.889,0.69685
1.8897,0.6968
1.8903,0.69674
1.891,0.69696
1.8917,0.69753
1.8924,0.69806
1.8931,0.69821
1.8938,0.69793
1.8945,0.69743
1.8952,0.697
1.8959,0.69676
1.8966,0.69676
1.8973,0.69697
1.898,0.69731
1.8986,0.69759
1.8993,0.69762
1.9,0.69752
1.9007,0.69743
1.9014,0.69738
1.9021,0.69741
1.9028,0.69758
1.9035,0.69777
1.9042,0.69784
1.9049,0.69787
1.9056,0.69789
1.9063,0.69781
1.907,0.69758
1.9077,0.69761
1.9084,0.69792
1.9091,0.69826
1.9098,0.69845
1.9105,0.69859
1.9112,0.69872
1.9119,0.69869
1.9127,0.6985
1.9134,0.69844
1.9141,0.69844
1.9148,0.69839
1.9155,0.6983
1.9162,0.69839
1.9169,0.69868
1.9176,0.69911
1.9183,0.69934
1.919,0.69917
1.9197,0.69898
1.9204,0.69907
1.9212,0.69942
1.9219,0.69975
1.9226,0.69988
1.9233,0.70006
1.924,0.70027
1.9247,0.70032
1.9254,0.70006
1.9262,0.6999
1.9269,0.70004
1.9276,0.70024
1.9283,0.70042
1.929,0.70066
1.9297,0.70083
1.9305,0.70062
1.9312,0.70031
1.9319,0.70034
1.9326,0.70049
1.9333,0.70055
1.9341,0.70055
1.9348,0.70063
1.9355,0.70072
1.9362,0.70092
1.9369,0.70109
1.9377,0.70115
1.9384,0.70118
1.9391,0.70121
1.9398,0.70106
1.9406,0.70083
1.9413,0.70094
1.942,0.70132
1.9428,0.70147
1.9435,0.70139
1.9442,0.70119
1.9449,0.70119
1.9457,0.70144
1.9464,0.70161
1.9471,0.70165
1.9479,0.70181
1.9486,0.70207
1.9493,0.70216
1.9501,0.70219
1.9508,0.70231
1.9515,0.70257
1.9523,0.70281
1.953,0.70288
1.9537,0.70281
1.9545,0.70268
1.9552,0.70254
1.9559,0.7025
1.9567,0.70269
1.9574,0.70307
1.9582,0.70337
1.9589,0.70344
1.9596,0.70338
1.9604,0.70327
1.9611,0.70328
1.9619,0.70341
1.9626,0.70348
1.9633,0.70358
1.9641,0.70368
1.9648,0.7037
1.9656,0.70369
1.9663,0.70368
1.9671,0.70379
1.9678,0.70405
1.9686,0.7043
1.9693,0.70458
1.9701,0.70494
1.9708,0.70519
1.9716,0.70543
1.9723,0.70581
1.9731,0.70608
1.9738,0.70604
1.9746,0.70591
1.9753,0.70607
1.9761,0.70629
1.9768,0.70628
1.9776,0.70615
1.9783,0.70619
1.9791,0.70626
1.9798,0.7063
1.9806,0.70645
1.9814,0.70658
1.9821,0.70649
1.9829,0.70659
1.9836,0.70702
1.9844,0.70728
1.9851,0.70716
1.9859,0.70714
1.9867,0.70739
1.9874,0.70753
1.9882,0.7074
1.989,0.70721
1.9897,0.70716
1.9905,0.70727
1.9912,0.70748
1.992,0.70786
1.9928,0.70834
1.9935,0.7088
1.9943,0.70899
1.9951,0.70901
1.9958,0.70904
1.9966,0.70921
1.9974,0.70928
1.9982,0.70907
1.9989,0.70886
1.9997,0.70892
2.0005,0.70927
2.0012,0.70946
2.002,0.70942
2.0028,0.70928
2.0036,0.70914
2.0043,0.70909
2.0051,0.70945
2.0059,0.71003
2.0067,0.71026
2.0074,0.71018
2.0082,0.7102
2.009,0.71035
2.0098,0.71037
2.0105,0.71034
2.0113,0.71053
2.0121,0.71091
2.0129,0.71121
2.0137,0.71134
2.0145,0.71146
2.0152,0.71157
2.016,0.71155
2.0168,0.71148
2.0176,0.71132
2.0184,0.71116
2.0192,0.7112
2.0199,0.71157
2.0207,0.71202
2.0215,0.71208
2.0223,0.7118
2.0231,0.71173
2.0239,0.71211
2.0247,0.7126
2.0255,0.71272
2.0263,0.71263
2.0271,0.71272
2.0278,0.71289
2.0286,0.71286
2.0294,0.71289
2.0302,0.71314
2.031,0.71323
2.0318,0.71296
2.0326,0.71288
2.0334,0.71304
2.0342,0.71329
2.035,0.71356
2.0358,0.7136
2.0366,0.7132
2.0374,0.71289
2.0382,0.71298
2.039,0.71327
2.0398,0.71369
2.0406,0.7142
2.0414,0.71453
2.0422,0.71461
2.043,0.71458
2.0438,0.71451
2.0446,0.71437
2.0454,0.7142
2.0463,0.71414
2.0471,0.71415
2.0479,0.71421
2.0487,0.71437
2.0495,0.71478
2.0503,0.7152
2.0511,0.71544
2.0519,0.71556
2.0527,0.71563
2.0535,0.71556
2.0544,0.71538
2.0552,0.71504
2.056,0.71469
2.0568,0.71446
2.0576,0.71444
2.0584,0.71453
2.0593,0.71468
2.0601,0.71477
2.0609,0.71475
2.0617,0.7147
2.0625,0.71489
2.0634,0.71527
2.0642,0.71551
2.065,0.71542
2.0658,0.71518
2.0666,0.71532
2.0675,0.7157
2.0683,0.71596
2.0691,0.716
2.0699,0.7159
2.0708,0.71586
2.0716,0.71585
2.0724,0.71602
2.0733,0.71629
2.0741,0.7164
2.0749,0.71652
2.0757,0.71683
2.0766,0.71723
2.0774,0.71749
2.0782,0.71758
2.0791,0.71756
2.0799,0.71764
2.0807,0.71788
2.0816,0.71798
2.0824,0.71802
2.0832,0.71822
2.0841,0.71838
2.0849,0.71844
2.0858,0.71858
2.0866,0.71863
2.0874,0.71846
2.0883,0.71836
2.0891,0.71841
2.09,0.71854
2.0908,0.71887
2.0917,0.7193
2.0925,0.71936
2.0933,0.71916
2.0942,0.71903
2.095,0.71892
2.0959,0.71881
2.0967,0.71883
2.0976,0.71911
2.0984,0.71923
2.0993,0.71904
2.1001,0.71886
2.101,0.71903
2.1018,0.7194
2.1027,0.71994
2.1035,0.72024
2.1044,0.72032
2.1052,0.72022
2.1061,0.72003
2.1069,0.71997
2.1078,0.71996
2.1087,0.71987
2.1095,0.71999
2.1104,0.72045
2.1112,0.72096
2.1121,0.7213
2.113,0.7214
2.1138,0.72141
2.1147,0.72138
2.1155,0.72126
2.1164,0.72126
2.1173,0.72148
2.1181,0.72171
2.119,0.72186
2.1199,0.72195
2.1207,0.72238
2.1216,0.723
2.1225,0.72345
2.1233,0.7236
2.1242,0.72368
2.1251,0.72389
2.126,0.7239
2.1268,0.72391
2.1277,0.72395
2.1286,0.72401
2.1294,0.72386
2.1303,0.72369
2.1312,0.72366
2.1321,0.72363
2.133,0.72384
2.1338,0.72414
2.1347,0.7244
2.1356,0.72457
2.1365,0.72464
2.1373,0.72462
2.1382,0.72483
2.1391,0.72522
2.14,0.72539
2.1409,0.72508
2.1418,0.72463
2.1426,0.72442
2.1435,0.72463
2.1444,0.72525
2.1453,0.726
2.1462,0.72651
2.1471,0.72647
2.148,0.72609
2.1489,0.72574
2.1498,0.7258
2.1506,0.726
2.1515,0.72613
2.1524,0.72621
2.1533,0.72626
2.1542,0.72639
2.1551,0.72652
2.156,0.72635
2.1569,0.72624
2.1578,0.72641
2.1587,0.72642
2.1596,0.72613
2.1605,0.72579
2.1614,0.72566
2.1623,0.72566
2.1632,0.72569
2.1641,0.72589
2.165,0.72593
2.1659,0.7259
2.1668,0.72573
2.1677,0.72576
2.1686,0.72599
2.1695,0.7264
2.1704,0.72684
2.1714,0.7271
2.1723,0.7272
2.1732,0.72734
2.1741,0.72752
2.175,0.72763
2.1759,0.7278
2.1768,0.72803
2.1777,0.72818
2.1787,0.72818
2.1796,0.72813
2.1805,0.72828
2.1814,0.72853
2.1823,0.72862
2.1832,0.72864
2.1842,0.72884
2.1851,0.72909
2.186,0.72889
2.1869,0.72864
2.1878,0.72866
2.1888,0.72903
2.1897,0.72915
2.1906,0.72884
2.1916,0.72863
2.1925,0.72878
2.1934,0.72882
2.1943,0.72856
2.1953,0.72827
2.1962,0.72807
2.1971,0.72795
2.1981,0.72804
2.199,0.72838
2.1999,0.72884
2.2008,0.72896
2.2018,0.72892
2.2027,0.72918
2.2037,0.72942
2.2046,0.72926
2.2055,0.72899
2.2065,0.72912
2.2074,0.72956
2.2083,0.72972
2.2093,0.72942
2.2102,0.72923
2.2112,0.72952
2.2121,0.73006
2.2131,0.73046
2.214,0.73055
2.215,0.73048
2.2159,0.7302
2.2168,0.72991
2.2178,0.72961
2.2187,0.72961
2.2197,0.7299
2.2206,0.73028
2.2216,0.73061
2.2225,0.73081
2.2235,0.73081
2.2245,0.73065
2.2254,0.73057
2.2264,0.73082
2.2273,0.73114
2.2283,0.73127
2.2292,0.73135
2.2302,0.7316
2.2312,0.73193
2.2321,0.73203
2.2331,0.73189
2.234,0.73154
2.235,0.7314
2.236,0.7315
2.2369,0.73164
2.2379,0.73183
2.2389,0.73203
2.2398,0.73202
2.2408,0.73206
2.2418,0.73229
2.2427,0.7322
2.2437,0.73168
2.2447,0.73121
2.2456,0.73108
2.2466,0.7311
2.2476,0.73105
2.2486,0.73087
2.2495,0.73073
2.2505,0.73087
2.2515,0.73107
2.2525,0.731
2.2535,0.73071
2.2544,0.7305
2.2554,0.7304
2.2564,0.73019
2.2574,0.7298
2.2584,0.72949
2.2593,0.72945
2.2603,0.72962
2.2613,0.72997
2.2623,0.73022
2.2633,0.73017
2.2643,0.73015
2.2653,0.73051
2.2663,0.73091
2.2672,0.73087
2.2682,0.73057
2.2692,0.73037
2.2702,0.73016
2.2712,0.73016
2.2722,0.7305
2.2732,0.73095
2.2742,0.73115
2.2752,0.73108
2.2762,0.73097
2.2772,0.73079
2.2782,0.73055
2.2792,0.7305
2.2802,0.73051
2.2812,0.73044
2.2822,0.73019
2.2832,0.73009
2.2842,0.73022
2.2852,0.73047
2.2862,0.73061
2.2873,0.73088
2.2883,0.7311
2.2893,0.7309
2.2903,0.73048
2.2913,0.7302
2.2923,0.73054
2.2933,0.73127
2.2943,0.7318
2.2954,0.73177
2.2964,0.73144
2.2974,0.73086
2.2984,0.73013
2.2994,0.72968
2.3004,0.7298
2.3015,0.73001
2.3025,0.73005
2.3035,0.72993
2.3045,0.72974
2.3056,0.72978
2.3066,0.72999
2.3076,0.73011
2.3086,0.72998
2.3097,0.7297
2.3107,0.72951
2.3117,0.72917
2.3128,0.72875
2.3138,0.72863
2.3148,0.72898
2.3159,0.72981
2.3169,0.73059
2.3179,0.73126
2.319,0.73158
2.32,0.7318
2.321,0.73195
2.3221,0.73197
2.3231,0.73167
2.3242,0.73129
2.3252,0.7314
2.3262,0.73161
2.3273,0.73195
2.3283,0.73209
2.3294,0.73205
2.3304,0.73207
2.3315,0.73226
2.3325,0.73275
2.3336,0.73341
2.3346,0.73369
2.3357,0.73355
2.3367,0.73335
2.3378,0.73335
2.3388,0.73329
2.3399,0.7331
2.341,0.73282
2.342,0.73259
2.3431,0.73234
2.3441,0.73206
2.3452,0.73181
2.3462,0.73198
2.3473,0.73246
2.3484,0.73271
2.3494,0.73269
2.3505,0.73276
2.3516,0.73286
2.3526,0.73271
2.3537,0.73278
2.3548,0.7332
2.3558,0.73361
2.3569,0.73386
2.358,0.73404
2.3591,0.73422
2.3601,0.73461
2.3612,0.73477
2.3623,0.73488
2.3634,0.73513
2.3644,0.73552
2.3655,0.73552
2.3666,0.73497
2.3677,0.73461
2.3688,0.73488
2.3698,0.73532
2.3709,0.73526
2.372,0.7349
2.3731,0.73463
2.3742,0.73462
2.3753,0.73469
2.3764,0.73478
2.3774,0.73491
2.3785,0.73489
2.3796,0.73451
2.3807,0.73411
2.3818,0.73372
2.3829,0.73359
2.384,0.73402
2.3851,0.73458
2.3862,0.73481
2.3873,0.73474
2.3884,0.73464
2.3895,0.73479
2.3906,0.73524
2.3917,0.73548
2.3928,0.73515
2.3939,0.7345
2.395,0.73407
2.3961,0.73432
2.3972,0.73486
2.3983,0.7354
2.3994,0.73573
2.4006,0.73592
2.4017,0.73608
2.4028,0.73639
2.4039,0.73666
2.405,0.73689
2.4061,0.73694
2.4072,0.73705
2.4084,0.73705
2.4095,0.73681
2.4106,0.73669
2.4117,0.73683
2.4128,0.737
2.414,0.73701
2.4151,0.73701
2.4162,0.73715
2.4173,0.73699
2.4185,0.73653
2.4196,0.7365
2.4207,0.7368
2.4219,0.73667
2.423,0.7365
2.4241,0.73654
2.4253,0.73663
2.4264,0.73718
2.4275,0.73755
2.4287,0.7374
2.4298,0.73714
2.4309,0.73683
2.4321,0.73643
2.4332,0.73638
2.4344,0.73635
2.4355,0.73633
2.4367,0.73622
2.4378,0.73638
2.4389,0.73681
2.4401,0.73691
2.4412,0.73675
2.4424,0.73653
2.4435,0.73633
2.4447,0.73613
2.4458,0.73643
2.447,0.73621
2.4482,0.73588
2.4493,0.73545
2.4505,0.73499
2.4516,0.73506
2.4528,0.73548
2.454,0.73643
2.4551,0.73654
2.4563,0.73582
2.4574,0.73538
2.4586,0.73537
2.4598,0.73552
2.4609,0.73582
2.4621,0.73622
2.4633,0.73642
2.4645,0.73644
2.4656,0.73594
2.4668,0.73616
2.468,0.73628
2.4691,0.73624
2.4703,0.73651
2.4715,0.73712
2.4727,0.73734
2.4739,0.73766
2.475,0.73736
2.4762,0.73714
2.4774,0.73808
2.4786,0.73869
2.4798,0.73826
2.481,0.73844
2.4821,0.73868
2.4833,0.73928
2.4845,0.73924
2.4857,0.73879
2.4869,0.7385
2.4881,0.73776
2.4893,0.73987
2.4905,0.73956
2.4917,0.73907
2.4929,0.74024
2.4929,0.74195
2.4941,0.74316
2.4953,0.74413
2.4965,0.74412
2.4977,0.74366
2.4989,0.74357
2.5001,0.7441
2.5013,0.74442
2.5025,0.74411
2.5037,0.74376
2.5049,0.74342
2.5061,0.74316
2.5074,0.74405
2.5086,0.74533
2.5098,0.74472
2.511,0.74265
2.5122,0.74127
2.5134,0.74143
2.5146,0.74289
2.5159,0.74421
2.5171,0.74389
2.5183,0.74307
2.5195,0.74351
2.5208,0.74465
2.522,0.74568
2.5232,0.74658
2.5244,0.74692
2.5257,0.74693
2.5269,0.7477
2.5281,0.74905
2.5294,0.7497
2.5306,0.74879
2.5318,0.74695
2.5331,0.74636
2.5343,0.74769
2.5356,0.74869
2.5368,0.74813
2.538,0.74763
2.5393,0.74848
2.5405,0.74987
2.5418,0.75035
2.543,0.74959
2.5443,0.74918
2.5455,0.75033
2.5468,0.75125
2.548,0.75024
2.5493,0.74887
2.5505,0.74863
2.5518,0.74874
2.553,0.74923
2.5543,0.75085
2.5555,0.75239
2.5568,0.75285
2.5581,0.75326
2.5593,0.75386
2.5606,0.75395
2.5619,0.7541
2.5631,0.75472
2.5644,0.75518
2.5657,0.75572
2.5669,0.75678
2.5682,0.75777
2.5695,0.75851
2.5708,0.7594
2.572,0.76038
2.5733,0.76126
2.5746,0.76167
2.5759,0.76115
2.5771,0.76036
2.5784,0.76013
2.5797,0.76033
2.581,0.76069
2.5823,0.76099
2.5836,0.76067
2.5848,0.76017
2.5861,0.76047
2.5874,0.76141
2.5887,0.76239
2.59,0.76348
2.5913,0.76467
2.5926,0.76551
2.5939,0.76565
2.5952,0.76537
2.5965,0.76551
2.5978,0.76638
2.5991,0.76708
