KC-OL-hm_4,
W,R
0.50012,0.65517
0.50031,0.64574
0.5005,0.64863
0.5007,0.66001
0.50089,0.67686
0.50108,0.66801
0.50128,0.64317
0.50147,0.65114
0.50166,0.65827
0.50186,0.64997
0.50205,0.6614
0.50225,0.66391
0.50244,0.65366
0.50264,0.66209
0.50283,0.67486
0.50303,0.6835
0.50322,0.68481
0.50342,0.67081
0.50361,0.66175
0.50381,0.66198
0.50401,0.65096
0.5042,0.63578
0.5044,0.63935
0.50459,0.65453
0.50479,0.66113
0.50499,0.65485
0.50518,0.65413
0.50538,0.67883
0.50558,0.69607
0.50577,0.67774
0.50597,0.66147
0.50617,0.66397
0.50637,0.67058
0.50657,0.6718
0.50676,0.655
0.50696,0.63353
0.50716,0.63489
0.50736,0.65034
0.50756,0.6529
0.50776,0.64433
0.50795,0.64681
0.50815,0.65662
0.50835,0.66079
0.50855,0.66273
0.50875,0.65782
0.50895,0.65108
0.50915,0.65772
0.50935,0.6584
0.50955,0.64739
0.50975,0.65214
0.50995,0.66596
0.51015,0.6728
0.51035,0.67172
0.51056,0.66516
0.51076,0.65767
0.51096,0.654
0.51116,0.66747
0.51136,0.6788
0.51156,0.66992
0.51177,0.66974
0.51197,0.6741
0.51217,0.67343
0.51237,0.67793
0.51257,0.67621
0.51278,0.67524
0.51298,0.68409
0.51318,0.6875
0.51339,0.68089
0.51359,0.67855
0.51379,0.68842
0.514,0.68709
0.5142,0.67741
0.51441,0.68633
0.51461,0.6896
0.51481,0.68036
0.51502,0.67656
0.51522,0.6712
0.51543,0.66703
0.51563,0.66802
0.51584,0.67447
0.51604,0.68239
0.51625,0.68405
0.51645,0.68224
0.51666,0.68326
0.51687,0.68896
0.51707,0.6906
0.51728,0.69247
0.51749,0.6955
0.51769,0.69306
0.5179,0.69293
0.51811,0.6918
0.51831,0.68765
0.51852,0.68382
0.51873,0.67848
0.51894,0.67479
0.51914,0.67922
0.51935,0.69313
0.51956,0.69828
0.51977,0.68734
0.51998,0.6827
0.52018,0.68814
0.52039,0.69225
0.5206,0.69802
0.52081,0.70698
0.52102,0.7132
0.52123,0.70596
0.52144,0.69006
0.52165,0.68853
0.52186,0.69572
0.52207,0.70169
0.52228,0.70941
0.52249,0.70617
0.5227,0.69964
0.52291,0.70545
0.52312,0.70561
0.52333,0.69584
0.52355,0.69631
0.52376,0.70212
0.52397,0.70114
0.52418,0.69949
0.52439,0.70128
0.52461,0.70114
0.52482,0.69601
0.52503,0.6977
0.52524,0.70411
0.52546,0.70534
0.52567,0.70609
0.52588,0.70156
0.5261,0.69915
0.52631,0.70943
0.52652,0.71766
0.52674,0.71542
0.52695,0.70603
0.52717,0.69749
0.52738,0.69676
0.5276,0.70102
0.52781,0.70416
0.52802,0.70617
0.52824,0.70914
0.52846,0.70933
0.52867,0.70821
0.52889,0.70896
0.5291,0.70295
0.52932,0.69282
0.52953,0.69577
0.52975,0.70744
0.52997,0.70987
0.53018,0.70443
0.5304,0.7023
0.53062,0.70481
0.53084,0.70334
0.53105,0.69606
0.53127,0.69192
0.53149,0.69477
0.53171,0.70237
0.53192,0.71162
0.53214,0.71609
0.53236,0.71138
0.53258,0.70537
0.5328,0.70328
0.53302,0.70329
0.53324,0.70257
0.53346,0.69852
0.53368,0.70091
0.5339,0.70874
0.53412,0.70907
0.53434,0.70472
0.53456,0.7011
0.53478,0.69939
0.535,0.70269
0.53522,0.70907
0.53544,0.71223
0.53566,0.715
0.53588,0.7172
0.5361,0.71381
0.53633,0.71169
0.53655,0.71143
0.53677,0.70779
0.53699,0.70492
0.53722,0.70752
0.53744,0.70911
0.53766,0.70794
0.53788,0.71185
0.53811,0.7138
0.53833,0.71308
0.53855,0.71455
0.53878,0.71136
0.539,0.70958
0.53923,0.71684
0.53945,0.72622
0.53968,0.72811
0.5399,0.72422
0.54013,0.72185
0.54035,0.71917
0.54058,0.7151
0.5408,0.71294
0.54103,0.71066
0.54125,0.70609
0.54148,0.70787
0.54171,0.71779
0.54193,0.72229
0.54216,0.72127
0.54239,0.72248
0.54261,0.72495
0.54284,0.72428
0.54307,0.7196
0.54329,0.71798
0.54352,0.71846
0.54375,0.71585
0.54398,0.71444
0.54421,0.71654
0.54444,0.72194
0.54466,0.72668
0.54489,0.72626
0.54512,0.72323
0.54535,0.71938
0.54558,0.71838
0.54581,0.72121
0.54604,0.72512
0.54627,0.72984
0.5465,0.72858
0.54673,0.72142
0.54696,0.72077
0.54719,0.72487
0.54742,0.72611
0.54766,0.729
0.54789,0.72895
0.54812,0.72229
0.54835,0.72309
0.54858,0.72843
0.54881,0.72532
0.54905,0.72454
0.54928,0.73504
0.54951,0.74111
0.54975,0.73466
0.54998,0.7305
0.55021,0.73047
0.55045,0.72646
0.55068,0.72401
0.55091,0.72798
0.55115,0.73799
0.55138,0.74559
0.55162,0.74297
0.55185,0.73854
0.55209,0.73592
0.55232,0.73329
0.55256,0.73533
0.55279,0.73982
0.55303,0.73791
0.55327,0.73001
0.5535,0.72749
0.55374,0.73273
0.55397,0.73538
0.55421,0.73258
0.55445,0.73038
0.55469,0.73298
0.55492,0.73889
0.55516,0.74134
0.5554,0.73885
0.55564,0.73657
0.55588,0.73639
0.55611,0.737
0.55635,0.73809
0.55659,0.73988
0.55683,0.73927
0.55707,0.73753
0.55731,0.73779
0.55755,0.73624
0.55779,0.73208
0.55803,0.7308
0.55827,0.73331
0.55851,0.73465
0.55875,0.7359
0.55899,0.73716
0.55923,0.73613
0.55947,0.73767
0.55972,0.74149
0.55996,0.74292
0.5602,0.73901
0.56044,0.73621
0.56068,0.73781
0.56093,0.73863
0.56117,0.74336
0.56141,0.74683
0.56166,0.7413
0.5619,0.7322
0.56214,0.72887
0.56239,0.73709
0.56263,0.74511
0.56287,0.74346
0.56312,0.73952
0.56336,0.74092
0.56361,0.74292
0.56385,0.73985
0.5641,0.73647
0.56435,0.73775
0.56459,0.7404
0.56484,0.74023
0.56508,0.74186
0.56533,0.74222
0.56558,0.73831
0.56582,0.73426
0.56607,0.73243
0.56632,0.73621
0.56657,0.73962
0.56681,0.74116
0.56706,0.74335
0.56731,0.74359
0.56756,0.74278
0.56781,0.74016
0.56805,0.74042
0.5683,0.74532
0.56855,0.74508
0.5688,0.74145
0.56905,0.74281
0.5693,0.74444
0.56955,0.74388
0.5698,0.741
0.57005,0.73676
0.5703,0.7352
0.57056,0.736
0.57081,0.73996
0.57106,0.74129
0.57131,0.74257
0.57156,0.74674
0.57181,0.74552
0.57207,0.74185
0.57232,0.73768
0.57257,0.73639
0.57282,0.73946
0.57308,0.74077
0.57333,0.73889
0.57358,0.74081
0.57384,0.74475
0.57409,0.74324
0.57435,0.74392
0.5746,0.74504
0.57486,0.74694
0.57511,0.74917
0.57537,0.74599
0.57562,0.74498
0.57588,0.74455
0.57613,0.7435
0.57639,0.74415
0.57665,0.75066
0.5769,0.75555
0.57716,0.75117
0.57742,0.74862
0.57767,0.74584
0.57793,0.7438
0.57819,0.74296
0.57845,0.74222
0.57871,0.74399
0.57896,0.74526
0.57922,0.74866
0.57948,0.75107
0.57974,0.74995
0.58,0.74657
0.58026,0.7467
0.58052,0.7476
0.58078,0.74377
0.58104,0.7446
0.5813,0.74851
0.58156,0.75066
0.58182,0.7492
0.58208,0.74809
0.58235,0.74994
0.58261,0.7494
0.58287,0.74871
0.58313,0.74657
0.58339,0.74594
0.58366,0.74758
0.58392,0.74547
0.58418,0.743
0.58445,0.74413
0.58471,0.74865
0.58497,0.75092
0.58524,0.74992
0.5855,0.75005
0.58577,0.7483
0.58603,0.74422
0.5863,0.74511
0.58656,0.75014
0.58683,0.75204
0.58709,0.74891
0.58736,0.74476
0.58763,0.74534
0.58789,0.74732
0.58816,0.74649
0.58843,0.74548
0.58869,0.74674
0.58896,0.74994
0.58923,0.75014
0.5895,0.74642
0.58976,0.74359
0.59003,0.74546
0.5903,0.74988
0.59057,0.7518
0.59084,0.75196
0.59111,0.75035
0.59138,0.74751
0.59165,0.74775
0.59192,0.74984
0.59219,0.7501
0.59246,0.74868
0.59273,0.74755
0.593,0.74815
0.59327,0.74931
0.59354,0.75001
0.59382,0.75112
0.59409,0.75169
0.59436,0.75064
0.59463,0.74969
0.59491,0.74926
0.59518,0.74881
0.59545,0.74968
0.59573,0.7499
0.596,0.74768
0.59627,0.74482
0.59655,0.74408
0.59682,0.74796
0.5971,0.75053
0.59737,0.75013
0.59765,0.75284
0.59792,0.75416
0.5982,0.75277
0.59848,0.7521
0.59875,0.75111
0.59903,0.7517
0.59931,0.75354
0.59958,0.75234
0.59986,0.74683
0.60014,0.74446
0.60042,0.74781
0.6007,0.75087
0.60097,0.75116
0.60125,0.74878
0.60153,0.74858
0.60181,0.74842
0.60209,0.74745
0.60237,0.74939
0.60265,0.75019
0.60293,0.74944
0.60321,0.74726
0.60349,0.74778
0.60377,0.74921
0.60405,0.74777
0.60434,0.74763
0.60462,0.74772
0.6049,0.74949
0.60518,0.7513
0.60547,0.75259
0.60575,0.75201
0.60603,0.75077
0.60631,0.75033
0.6066,0.74858
0.60688,0.75121
0.60717,0.75175
0.60745,0.75032
0.60774,0.74908
0.60802,0.74797
0.60831,0.74844
0.60859,0.74811
0.60888,0.75202
0.60916,0.75157
0.60945,0.75158
0.60974,0.75394
0.61002,0.7524
0.61031,0.75032
0.6106,0.74842
0.61089,0.75117
0.61117,0.74928
0.61146,0.74849
0.61175,0.74781
0.61204,0.7469
0.61233,0.75
0.61262,0.74863
0.61291,0.75156
0.6132,0.75111
0.61349,0.75103
0.61378,0.75092
0.61407,0.74887
0.61436,0.75006
0.61465,0.74784
0.61494,0.74955
0.61524,0.74719
0.61553,0.74785
0.61582,0.74753
0.61611,0.74595
0.61641,0.74953
0.6167,0.74711
0.61699,0.74848
0.61729,0.74702
0.61758,0.74934
0.61787,0.74815
0.61817,0.74475
0.61846,0.74918
0.61876,0.74785
0.61905,0.75012
0.61935,0.74835
0.61965,0.7491
0.61994,0.7484
0.62024,0.74627
0.62054,0.7483
0.62083,0.74624
0.62113,0.74958
0.62143,0.74639
0.62173,0.7481
0.62203,0.74783
0.62232,0.74616
0.62262,0.74933
0.62292,0.7457
0.62322,0.74829
0.62352,0.74527
0.62382,0.74543
0.62412,0.7442
0.62442,0.74404
0.62472,0.74781
0.62502,0.74511
0.62533,0.74922
0.62563,0.74735
0.62593,0.74896
0.62623,0.74683
0.62654,0.74505
0.62684,0.74874
0.62714,0.7463
0.62744,0.74799
0.62775,0.74279
0.62805,0.74351
0.62836,0.74306
0.62866,0.74491
0.62897,0.74941
0.62927,0.74701
0.62958,0.75056
0.62988,0.74748
0.63019,0.74821
0.6305,0.74648
0.6308,0.74578
0.63111,0.7476
0.63142,0.7464
0.63173,0.74742
0.63203,0.74697
0.63234,0.735
0.63358,0.73117
0.63389,0.74295
0.6342,0.74624
0.63451,0.7477
0.63482,0.74715
0.63513,0.74794
0.63544,0.75083
0.63575,0.74754
0.63607,0.75041
0.63638,0.74524
0.63669,0.74659
0.637,0.74485
0.63732,0.7455
0.63763,0.74648
0.63794,0.74195
0.63826,0.74608
0.63857,0.74453
0.63889,0.74864
0.6392,0.74728
0.63952,0.74737
0.63983,0.74965
0.64015,0.74742
0.64046,0.75006
0.64078,0.74663
0.6411,0.75038
0.64142,0.74993
0.64173,0.75086
0.64205,0.75291
0.64237,0.7504
0.64269,0.75192
0.64301,0.74839
0.64333,0.75112
0.64364,0.7498
0.64396,0.75031
0.64428,0.75153
0.64461,0.7497
0.64493,0.7521
0.64525,0.74887
0.64557,0.75098
0.64589,0.75095
0.64621,0.7528
0.64653,0.75374
0.64686,0.75111
0.64718,0.75171
0.6475,0.75002
0.64783,0.75337
0.64815,0.75109
0.64847,0.74997
0.6488,0.75059
0.64912,0.75043
0.64945,0.75238
0.64978,0.75022
0.6501,0.75221
0.65043,0.75085
0.65075,0.75101
0.65108,0.75246
0.65141,0.75317
0.65173,0.75487
0.65206,0.75289
0.65239,0.75369
0.65272,0.75244
0.65305,0.75397
0.65338,0.75494
0.65371,0.75421
0.65404,0.75466
0.65437,0.7528
0.6547,0.75461
0.65503,0.75506
0.65536,0.75765
0.65569,0.75943
0.65602,0.75866
0.65635,0.75819
0.65669,0.75564
0.65702,0.7553
0.65735,0.75438
0.65769,0.75538
0.65802,0.75628
0.65836,0.75572
0.65869,0.75544
0.65902,0.75567
0.65936,0.75672
0.6597,0.75542
0.66003,0.7574
0.66037,0.75905
0.6607,0.75849
0.66104,0.75761
0.66138,0.75647
0.66172,0.75757
0.66205,0.75753
0.66239,0.75897
0.66273,0.75927
0.66307,0.75757
0.66341,0.75701
0.66375,0.75649
0.66409,0.75719
0.66443,0.75769
0.66477,0.7584
0.66511,0.75752
0.66545,0.75678
0.66579,0.75856
0.66614,0.75952
0.66648,0.75952
0.66682,0.75883
0.66716,0.75816
0.66751,0.7582
0.66785,0.75936
0.6682,0.75967
0.66854,0.75895
0.66889,0.75937
0.66923,0.76011
0.66958,0.76099
0.66992,0.76071
0.67027,0.76032
0.67062,0.7601
0.67096,0.75848
0.67131,0.7573
0.67166,0.75696
0.67201,0.75771
0.67236,0.75847
0.6727,0.75826
0.67305,0.75911
0.6734,0.76044
0.67375,0.76039
0.6741,0.76001
0.67445,0.76113
0.67481,0.76149
0.67516,0.75986
0.67551,0.75911
0.67586,0.75939
0.67621,0.75935
0.67657,0.7589
0.67692,0.75844
0.67727,0.75796
0.67763,0.75852
0.67798,0.75988
0.67834,0.75953
0.67869,0.75885
0.67905,0.75886
0.6794,0.75857
0.67976,0.75864
0.68012,0.75895
0.68047,0.75855
0.68083,0.75804
0.68119,0.75778
0.68155,0.75799
0.6819,0.7587
0.68226,0.75867
0.68262,0.75824
0.68298,0.75763
0.68334,0.75692
0.6837,0.75697
0.68406,0.75716
0.68443,0.75753
0.68479,0.75777
0.68515,0.75841
0.68551,0.75837
0.68587,0.75616
0.68624,0.755
0.6866,0.75614
0.68696,0.75726
0.68733,0.75699
0.68769,0.75634
0.68806,0.7562
0.68842,0.75641
0.68879,0.75652
0.68916,0.75606
0.68952,0.75648
0.68989,0.75641
0.69026,0.75463
0.69062,0.75393
0.69099,0.75503
0.69136,0.75576
0.69173,0.75511
0.6921,0.75457
0.69247,0.75515
0.69284,0.75575
0.69321,0.75562
0.69358,0.75493
0.69395,0.75427
0.69432,0.7547
0.6947,0.75464
0.69507,0.75347
0.69544,0.75335
0.69581,0.754
0.69619,0.75432
0.69656,0.75378
0.69694,0.75345
0.69731,0.75326
0.69769,0.75195
0.69806,0.75059
0.69844,0.75043
0.69881,0.75158
0.69919,0.75167
0.69957,0.75145
0.69995,0.75195
0.70032,0.75097
0.7007,0.74955
0.70108,0.74906
0.70146,0.74906
0.70184,0.74854
0.70222,0.74872
0.7026,0.74967
0.70298,0.74955
0.70336,0.74909
0.70375,0.74849
0.70413,0.74828
0.70451,0.74804
0.70489,0.74787
0.70528,0.74747
0.70566,0.74652
0.70605,0.74697
0.70643,0.74832
0.70682,0.74869
0.7072,0.7476
0.70759,0.74694
0.70797,0.74602
0.70836,0.74479
0.70875,0.74547
0.70914,0.74653
0.70952,0.74701
0.70991,0.74681
0.7103,0.74687
0.71069,0.74639
0.71108,0.74449
0.71147,0.74359
0.71186,0.74313
0.71225,0.74313
0.71265,0.74376
0.71304,0.74419
0.71343,0.74443
0.71382,0.74399
0.71422,0.74309
0.71461,0.74253
0.715,0.74228
0.7154,0.74203
0.71579,0.74297
0.71619,0.74415
0.71658,0.74378
0.71698,0.74247
0.71738,0.74078
0.71777,0.73954
0.71817,0.73939
0.71857,0.74018
0.71897,0.74048
0.71937,0.74003
0.71977,0.73964
0.72017,0.73945
0.72057,0.73933
0.72097,0.73855
0.72137,0.73788
0.72177,0.73735
0.72217,0.73659
0.72258,0.73675
0.72298,0.73689
0.72338,0.7362
0.72379,0.73555
0.72419,0.73519
0.7246,0.73517
0.725,0.73571
0.72541,0.73552
0.72581,0.73415
0.72622,0.73344
0.72663,0.73373
0.72703,0.73341
0.72744,0.73254
0.72785,0.73242
0.72826,0.73298
0.72867,0.7331
0.72908,0.73181
0.72949,0.73015
0.7299,0.72988
0.73031,0.73025
0.73072,0.73011
0.73113,0.72951
0.73155,0.72932
0.73196,0.72859
0.73237,0.7277
0.73279,0.72819
0.7332,0.72836
0.73362,0.72757
0.73403,0.7266
0.73445,0.72603
0.73486,0.72607
0.73528,0.72585
0.7357,0.72568
0.73612,0.72577
0.73653,0.72529
0.73695,0.72358
0.73737,0.72213
0.73779,0.72221
0.73821,0.72271
0.73863,0.72306
0.73905,0.72299
0.73948,0.7227
0.7399,0.72198
0.74032,0.72124
0.74074,0.72135
0.74117,0.72116
0.74159,0.72055
0.74202,0.71952
0.74244,0.71829
0.74287,0.71811
0.74329,0.71852
0.74372,0.71818
0.74415,0.71722
0.74457,0.71668
0.745,0.71645
0.74543,0.7161
0.74586,0.7159
0.74629,0.71567
0.74672,0.71517
0.74715,0.71477
0.74758,0.71489
0.74801,0.71391
0.74844,0.71249
0.74887,0.71238
0.74931,0.71252
0.74974,0.71255
0.75017,0.71263
0.75061,0.71234
0.75104,0.71148
0.75148,0.71018
0.75191,0.70898
0.75235,0.70795
0.75279,0.70744
0.75323,0.70738
0.75366,0.70708
0.7541,0.70618
0.75454,0.70477
0.75498,0.70326
0.75542,0.70294
0.75586,0.70356
0.7563,0.70333
0.75674,0.70282
0.75719,0.70256
0.75763,0.70224
0.75807,0.70177
0.75851,0.70103
0.75896,0.70045
0.7594,0.7003
0.75985,0.69962
0.76029,0.69803
0.76074,0.69767
0.76119,0.69822
0.76163,0.69757
0.76208,0.69636
0.76253,0.69557
0.76298,0.69564
0.76343,0.69593
0.76388,0.69554
0.76433,0.69442
0.76478,0.69339
0.76523,0.69304
0.76568,0.69228
0.76614,0.69162
0.76659,0.6914
0.76704,0.69113
0.7675,0.69121
0.76795,0.69112
0.76841,0.69032
0.76886,0.68937
0.76932,0.68942
0.76977,0.68923
0.77023,0.68805
0.77069,0.68728
0.77115,0.68681
0.77161,0.68673
0.77207,0.68662
0.77253,0.68564
0.77299,0.68429
0.77345,0.68387
0.77391,0.68458
0.77437,0.685
0.77484,0.68464
0.7753,0.68334
0.77576,0.6822
0.77623,0.68181
0.77669,0.68145
0.77716,0.68159
0.77762,0.68183
0.77809,0.6815
0.77856,0.67989
0.77903,0.67838
0.7795,0.67816
0.77996,0.67735
0.78043,0.67638
0.7809,0.6759
0.78138,0.675
0.78185,0.67415
0.78232,0.67403
0.78279,0.67388
0.78326,0.67324
0.78374,0.673
0.78421,0.67291
0.78469,0.67294
0.78516,0.67297
0.78564,0.67266
0.78611,0.67229
0.78659,0.67167
0.78707,0.67099
0.78755,0.6704
0.78803,0.67018
0.7885,0.66948
0.78898,0.6682
0.78946,0.668
0.78995,0.66801
0.79043,0.66718
0.79091,0.66632
0.79139,0.66574
0.79188,0.66502
0.79236,0.66441
0.79284,0.66399
0.79333,0.66362
0.79382,0.66345
0.7943,0.663
0.79479,0.66227
0.79528,0.66197
0.79576,0.66191
0.79625,0.66134
0.79674,0.66056
0.79723,0.6598
0.79772,0.65885
0.79822,0.65861
0.79871,0.6586
0.7992,0.6578
0.79969,0.6574
0.80019,0.65741
0.80068,0.65663
0.80117,0.65595
0.80167,0.65623
0.80217,0.6564
0.80266,0.65583
0.80316,0.65498
0.80366,0.65472
0.80416,0.65448
0.80466,0.65329
0.80516,0.65262
0.80566,0.65269
0.80616,0.65225
0.80666,0.65175
0.80716,0.65131
0.80766,0.65073
0.80817,0.65048
0.80867,0.65017
0.80918,0.64952
0.80968,0.64924
0.81019,0.64917
0.81069,0.64894
0.8112,0.64878
0.81171,0.64827
0.81222,0.6472
0.81273,0.64623
0.81324,0.64599
0.81375,0.64608
0.81426,0.64591
0.81477,0.64568
0.81528,0.6452
0.8158,0.64441
0.81631,0.6439
0.81682,0.64346
0.81734,0.6432
0.81786,0.64341
0.81837,0.6431
0.81889,0.64222
0.81941,0.64194
0.81992,0.64195
0.82044,0.64113
0.82096,0.64018
0.82148,0.64013
0.822,0.64024
0.82253,0.64013
0.82305,0.63967
0.82357,0.63892
0.82409,0.63846
0.82462,0.6382
0.82514,0.63844
0.82567,0.6385
0.8262,0.63757
0.82672,0.63702
0.82725,0.63693
0.82778,0.63612
0.82831,0.6355
0.82884,0.63568
0.82937,0.63537
0.8299,0.63488
0.83043,0.63492
0.83096,0.63458
0.8315,0.63383
0.83203,0.63332
0.83256,0.6331
0.8331,0.63287
0.83363,0.63226
0.83417,0.63178
0.83471,0.63194
0.83525,0.63194
0.83578,0.63128
0.83632,0.63054
0.83686,0.62998
0.8374,0.62992
0.83794,0.63014
0.83849,0.62991
0.83903,0.62962
0.83957,0.62974
0.84012,0.62981
0.84066,0.62934
0.84121,0.62872
0.84175,0.62856
0.8423,0.62853
0.84285,0.62815
0.8434,0.62735
0.84395,0.62657
0.8445,0.62651
0.84505,0.6268
0.8456,0.6269
0.84615,0.62682
0.8467,0.62645
0.84726,0.62568
0.84781,0.62498
0.84836,0.62498
0.84892,0.62508
0.84948,0.62474
0.85003,0.62425
0.85059,0.62407
0.85115,0.62419
0.85171,0.624
0.85227,0.62376
0.85283,0.62367
0.85339,0.62345
0.85395,0.62312
0.85452,0.62263
0.85508,0.62242
0.85564,0.62286
0.85621,0.62267
0.85678,0.6215
0.85734,0.62121
0.85791,0.6217
0.85848,0.62166
0.85905,0.6211
0.85962,0.61993
0.86019,0.61941
0.86076,0.61991
0.86133,0.62018
0.8619,0.62011
0.86248,0.61974
0.86305,0.6195
0.86362,0.61937
0.8642,0.61935
0.86478,0.61923
0.86535,0.61896
0.86593,0.61852
0.86651,0.61824
0.86709,0.61833
0.86767,0.6182
0.86825,0.61786
0.86883,0.61756
0.86942,0.61729
0.87,0.61722
0.87058,0.61712
0.87117,0.61697
0.87176,0.61694
0.87234,0.61697
0.87293,0.61671
0.87352,0.61616
0.87411,0.61575
0.8747,0.61549
0.87529,0.61529
0.87588,0.61506
0.87647,0.61468
0.87706,0.61413
0.87766,0.61361
0.87825,0.61337
0.87885,0.61343
0.87944,0.61361
0.88004,0.61354
0.88064,0.61332
0.88124,0.61313
0.88184,0.61267
0.88244,0.61218
0.88304,0.61193
0.88364,0.61162
0.88424,0.61132
0.88485,0.61109
0.88545,0.61098
0.88606,0.61104
0.88666,0.61071
0.88727,0.61018
0.88788,0.60977
0.88849,0.60952
0.8891,0.60933
0.88971,0.60898
0.89032,0.60877
0.89093,0.60876
0.89154,0.60853
0.89215,0.60807
0.89277,0.60752
0.89338,0.6071
0.894,0.60675
0.89462,0.60656
0.89524,0.60649
0.89585,0.60616
0.89647,0.6056
0.89709,0.60524
0.89772,0.60501
0.89834,0.60454
0.89896,0.60415
0.89958,0.60398
0.90021,0.60352
0.90083,0.60298
0.90146,0.60267
0.90209,0.60231
0.90272,0.60187
0.90335,0.60142
0.90398,0.60089
0.90461,0.60043
0.90524,0.6001
0.90587,0.59967
0.9065,0.59924
0.90714,0.59895
0.90777,0.59864
0.90841,0.59835
0.90905,0.59798
0.90968,0.59751
0.91032,0.59699
0.91096,0.59634
0.9116,0.59585
0.91225,0.59551
0.91289,0.59509
0.91353,0.59462
0.91418,0.59411
0.91482,0.59371
0.91547,0.59335
0.91611,0.59289
0.91676,0.59248
0.91741,0.59208
0.91806,0.59156
0.91871,0.59101
0.91936,0.59055
0.92001,0.5901
0.92067,0.58956
0.92132,0.58903
0.92198,0.58838
0.92263,0.58766
0.92329,0.58711
0.92395,0.58653
0.92461,0.58581
0.92527,0.5852
0.92593,0.5847
0.92659,0.5841
0.92725,0.58347
0.92792,0.58282
0.92858,0.58221
0.92925,0.58162
0.92991,0.58106
0.93058,0.58062
0.93125,0.58003
0.93192,0.57927
0.93259,0.57865
0.93326,0.57805
0.93393,0.57739
0.93461,0.57677
0.93528,0.57623
0.93596,0.57565
0.93663,0.57491
0.93731,0.57419
0.93799,0.57349
0.93867,0.5728
0.93935,0.57206
0.94003,0.57127
0.94071,0.57055
0.9414,0.56987
0.94208,0.5693
0.94276,0.56872
0.94345,0.56799
0.94414,0.56735
0.94483,0.56665
0.94551,0.5659
0.94621,0.56524
0.9469,0.56458
0.94759,0.56378
0.94828,0.56286
0.94898,0.56204
0.94967,0.56135
0.95037,0.56069
0.95106,0.55996
0.95176,0.55915
0.95246,0.55833
0.95316,0.55755
0.95386,0.55678
0.95457,0.55594
0.95527,0.5551
0.95597,0.5543
0.95668,0.55355
0.95739,0.5529
0.95809,0.55237
0.9588,0.55172
0.95951,0.55086
0.96022,0.54998
0.96094,0.54905
0.96165,0.54817
0.96236,0.54728
0.96308,0.54634
0.96379,0.54552
0.96451,0.54482
0.96523,0.54404
0.96595,0.54312
0.96667,0.54227
0.96739,0.54151
0.96811,0.5407
0.96883,0.53982
0.96956,0.53903
0.97029,0.5383
0.97101,0.53752
0.97174,0.53681
0.97247,0.53624
0.9732,0.53558
0.97393,0.53477
0.97466,0.53403
0.9754,0.53347
0.97613,0.53295
0.97687,0.53221
0.9776,0.53136
0.97834,0.53044
0.97908,0.5296
0.97982,0.52886
0.98056,0.52825
0.9813,0.5276
0.98205,0.52684
0.98279,0.52611
0.98354,0.52537
0.98428,0.52457
0.98503,0.52377
0.98578,0.52299
0.98653,0.52228
0.98728,0.52158
0.98803,0.5208
0.98879,0.51997
0.98954,0.51922
0.9903,0.51848
0.99106,0.51775
0.99181,0.51697
0.99257,0.51616
0.99333,0.51543
0.9941,0.51474
0.99486,0.51399
0.99562,0.51324
0.99639,0.51246
0.99715,0.51167
0.99792,0.51095
0.99869,0.51018
0.99946,0.50945
1.0002,0.50883
1.001,0.50829
1.0018,0.50776
1.0026,0.50715
1.0033,0.50656
1.0041,0.50597
1.0047,0.50598
1.0049,0.50563
1.0051,0.50535
1.0053,0.50419
1.0055,0.50259
1.0057,0.50136
1.0059,0.50021
1.0061,0.49972
1.0062,0.50038
1.0064,0.50065
1.0066,0.50013
1.0068,0.50042
1.007,0.50146
1.0072,0.502
1.0074,0.50215
1.0076,0.50223
1.0078,0.50198
1.008,0.50168
1.0082,0.50166
1.0084,0.50151
1.0086,0.50104
1.0088,0.50074
1.009,0.50102
1.0092,0.50151
1.0094,0.50164
1.0096,0.50125
1.0098,0.50079
1.01,0.50095
1.0102,0.50126
1.0104,0.50099
1.0106,0.50106
1.0108,0.50159
1.011,0.50063
1.0112,0.49849
1.0114,0.49767
1.0115,0.4983
1.0117,0.49968
1.0119,0.50182
1.0121,0.50284
1.0123,0.50163
1.0125,0.50017
1.0127,0.49908
1.0129,0.49767
1.0131,0.49766
1.0133,0.49983
1.0135,0.50163
1.0137,0.50161
1.0139,0.50121
1.0141,0.50099
1.0143,0.49984
1.0145,0.49806
1.0147,0.49731
1.0149,0.49721
1.0151,0.4966
1.0153,0.49662
1.0155,0.4978
1.0157,0.49813
1.0159,0.49765
1.0161,0.49819
1.0163,0.49875
1.0165,0.49798
1.0167,0.4972
1.0169,0.49734
1.0171,0.49782
1.0173,0.49848
1.0175,0.49907
1.0177,0.49846
1.0179,0.49686
1.0181,0.49593
1.0183,0.49566
1.0185,0.49437
1.0187,0.49273
1.0189,0.4929
1.0191,0.49434
1.0193,0.49529
1.0195,0.49586
1.0197,0.49586
1.0199,0.49461
1.0201,0.49305
1.0203,0.49172
1.0205,0.48991
1.0207,0.48892
1.0209,0.49054
1.0211,0.49302
1.0213,0.49339
1.0215,0.49195
1.0217,0.49108
1.0219,0.49143
1.0221,0.49184
1.0223,0.49176
1.0225,0.49187
1.0227,0.49286
1.0229,0.4945
1.0231,0.49579
1.0233,0.49597
1.0235,0.49488
1.0237,0.49302
1.0239,0.49167
1.0241,0.49193
1.0243,0.49307
1.0245,0.49341
1.0247,0.49231
1.0249,0.49055
1.0251,0.48988
1.0254,0.49057
1.0256,0.49074
1.0258,0.48996
1.026,0.48943
1.0262,0.48879
1.0264,0.48859
1.0266,0.4908
1.0268,0.49337
1.027,0.49276
1.0272,0.49017
1.0274,0.48825
1.0276,0.48732
1.0278,0.48778
1.028,0.48962
1.0282,0.491
1.0284,0.49082
1.0286,0.49024
1.0288,0.49091
1.029,0.49266
1.0292,0.49388
1.0294,0.49402
1.0296,0.49329
1.0298,0.49112
1.03,0.4886
1.0302,0.48803
1.0304,0.48849
1.0307,0.48807
1.0309,0.48767
1.0311,0.48815
1.0313,0.48885
1.0315,0.49
1.0317,0.49144
1.0319,0.49148
1.0321,0.48966
1.0323,0.48753
1.0325,0.48665
1.0327,0.4875
1.0329,0.48893
1.0331,0.48903
1.0333,0.48788
1.0335,0.48768
1.0337,0.48858
1.0339,0.48808
1.0341,0.48619
1.0344,0.48584
1.0346,0.48713
1.0348,0.48761
1.035,0.48695
1.0352,0.48576
1.0354,0.48434
1.0356,0.48442
1.0358,0.48667
1.036,0.48835
1.0362,0.48807
1.0364,0.48772
1.0366,0.48776
1.0368,0.48695
1.037,0.48606
1.0372,0.48659
1.0375,0.48788
1.0377,0.48835
1.0379,0.4881
1.0381,0.48822
1.0383,0.48872
1.0385,0.48863
1.0387,0.48788
1.0389,0.48735
1.0391,0.48722
1.0393,0.48727
1.0395,0.48779
1.0397,0.48842
1.04,0.48797
1.0402,0.48694
1.0404,0.48694
1.0406,0.48751
1.0408,0.48691
1.041,0.48561
1.0412,0.48541
1.0414,0.48627
1.0416,0.48671
1.0418,0.48661
1.042,0.48684
1.0423,0.48671
1.0425,0.4854
1.0427,0.48446
1.0429,0.48495
1.0431,0.485
1.0433,0.48395
1.0435,0.48399
1.0437,0.48557
1.0439,0.4865
1.0441,0.48613
1.0444,0.48587
1.0446,0.48607
1.0448,0.4859
1.045,0.4854
1.0452,0.48525
1.0454,0.48543
1.0456,0.48545
1.0458,0.4849
1.046,0.48379
1.0462,0.48307
1.0465,0.48346
1.0467,0.48413
1.0469,0.48404
1.0471,0.48354
1.0473,0.48357
1.0475,0.48452
1.0477,0.48568
1.0479,0.48575
1.0482,0.48471
1.0484,0.48373
1.0486,0.48315
1.0488,0.48284
1.049,0.4831
1.0492,0.48369
1.0494,0.48391
1.0496,0.4839
1.0498,0.48399
1.0501,0.48417
1.0503,0.48481
1.0505,0.48566
1.0507,0.48553
1.0509,0.48447
1.0511,0.48419
1.0513,0.48483
1.0516,0.48466
1.0518,0.4836
1.052,0.48343
1.0522,0.4845
1.0524,0.48565
1.0526,0.48628
1.0528,0.48629
1.053,0.48556
1.0533,0.48484
1.0535,0.48532
1.0537,0.48656
1.0539,0.4868
1.0541,0.48576
1.0543,0.48506
1.0545,0.48504
1.0548,0.48445
1.055,0.4837
1.0552,0.48402
1.0554,0.48445
1.0556,0.48343
1.0558,0.4819
1.056,0.48189
1.0563,0.48345
1.0565,0.48469
1.0567,0.48471
1.0569,0.48438
1.0571,0.48396
1.0573,0.48305
1.0576,0.48263
1.0578,0.48369
1.058,0.48549
1.0582,0.48668
1.0584,0.48664
1.0586,0.48598
1.0589,0.48595
1.0591,0.48649
1.0593,0.48669
1.0595,0.48664
1.0597,0.48668
1.0599,0.48647
1.0602,0.48609
1.0604,0.48558
1.0606,0.4846
1.0608,0.48368
1.061,0.48364
1.0612,0.48427
1.0615,0.48498
1.0617,0.48573
1.0619,0.48648
1.0621,0.48667
1.0623,0.48563
1.0625,0.48397
1.0628,0.48308
1.063,0.48322
1.0632,0.48379
1.0634,0.48433
1.0636,0.48421
1.0639,0.48369
1.0641,0.48421
1.0643,0.48592
1.0645,0.48717
1.0647,0.48685
1.0649,0.4855
1.0652,0.48454
1.0654,0.48494
1.0656,0.486
1.0658,0.4862
1.066,0.48514
1.0663,0.48382
1.0665,0.48338
1.0667,0.48393
1.0669,0.485
1.0671,0.48638
1.0674,0.48732
1.0676,0.48675
1.0678,0.48551
1.068,0.48521
1.0682,0.48542
1.0685,0.48501
1.0687,0.48467
1.0689,0.48524
1.0691,0.48572
1.0693,0.48503
1.0696,0.48422
1.0698,0.48497
1.07,0.48665
1.0702,0.48731
1.0704,0.4868
1.0707,0.48636
1.0709,0.4863
1.0711,0.48601
1.0713,0.48555
1.0715,0.48595
1.0718,0.48744
1.072,0.48846
1.0722,0.48803
1.0724,0.48723
1.0727,0.48719
1.0729,0.48763
1.0731,0.48806
1.0733,0.48827
1.0735,0.48817
1.0738,0.48789
1.074,0.48767
1.0742,0.48783
1.0744,0.48859
1.0747,0.4894
1.0749,0.48989
1.0751,0.49042
1.0753,0.49074
1.0755,0.49033
1.0758,0.48967
1.076,0.48896
1.0762,0.48768
1.0764,0.48671
1.0767,0.4874
1.0769,0.48893
1.0771,0.48986
1.0773,0.49022
1.0776,0.49036
1.0778,0.49006
1.078,0.48961
1.0782,0.48963
1.0785,0.48983
1.0787,0.48977
1.0789,0.4898
1.0791,0.49001
1.0794,0.48979
1.0796,0.48904
1.0798,0.48848
1.08,0.48885
1.0803,0.49025
1.0805,0.49157
1.0807,0.49139
1.0809,0.49046
1.0812,0.49043
1.0814,0.49056
1.0816,0.48991
1.0818,0.49005
1.0821,0.49152
1.0823,0.49223
1.0825,0.4919
1.0827,0.49217
1.083,0.49253
1.0832,0.4917
1.0834,0.49064
1.0836,0.49047
1.0839,0.49067
1.0841,0.49102
1.0843,0.49164
1.0845,0.49207
1.0848,0.49215
1.085,0.49214
1.0852,0.49213
1.0855,0.49261
1.0857,0.49372
1.0859,0.49439
1.0861,0.49417
1.0864,0.49384
1.0866,0.49371
1.0868,0.49358
1.087,0.49369
1.0873,0.49417
1.0875,0.49482
1.0877,0.49546
1.088,0.49562
1.0882,0.49524
1.0884,0.49495
1.0886,0.49506
1.0889,0.49529
1.0891,0.49515
1.0893,0.49442
1.0896,0.49412
1.0898,0.49511
1.09,0.49603
1.0902,0.49544
1.0905,0.4946
1.0907,0.49506
1.0909,0.4958
1.0912,0.4956
1.0914,0.49556
1.0916,0.49648
1.0919,0.49685
1.0921,0.49592
1.0923,0.49523
1.0925,0.4956
1.0928,0.49616
1.093,0.49651
1.0932,0.49667
1.0935,0.49643
1.0937,0.49598
1.0939,0.49565
1.0942,0.4957
1.0944,0.49627
1.0946,0.49685
1.0948,0.49695
1.0951,0.49696
1.0953,0.49689
1.0955,0.49629
1.0958,0.4956
1.096,0.4955
1.0962,0.49627
1.0965,0.49781
1.0967,0.49928
1.0969,0.49993
1.0972,0.50011
1.0974,0.50013
1.0976,0.49995
1.0979,0.49979
1.0981,0.49971
1.0983,0.49975
1.0986,0.50012
1.0988,0.5003
1.099,0.49996
1.0993,0.49998
1.0995,0.50064
1.0997,0.50115
1.1,0.50117
1.1002,0.50093
1.1004,0.50082
1.1007,0.50108
1.1009,0.50117
1.1011,0.50091
1.1014,0.50123
1.1016,0.50233
1.1018,0.50319
1.1021,0.50309
1.1023,0.50228
1.1025,0.502
1.1028,0.50316
1.103,0.50473
1.1032,0.50529
1.1035,0.50493
1.1037,0.50407
1.1039,0.50286
1.1042,0.50203
1.1044,0.50227
1.1046,0.50341
1.1049,0.50454
1.1051,0.5049
1.1054,0.50487
1.1056,0.50512
1.1058,0.50529
1.1061,0.5053
1.1063,0.50548
1.1065,0.50515
1.1068,0.50439
1.107,0.50459
1.1072,0.50535
1.1075,0.50528
1.1077,0.50478
1.1079,0.50454
1.1082,0.5044
1.1084,0.5046
1.1087,0.50535
1.1089,0.50624
1.1091,0.50689
1.1094,0.50723
1.1096,0.50778
1.1098,0.50863
1.1101,0.50842
1.1103,0.50699
1.1106,0.50642
1.1108,0.50706
1.111,0.50782
1.1113,0.50898
1.1115,0.51034
1.1118,0.51062
1.112,0.51004
1.1122,0.50943
1.1125,0.50883
1.1127,0.50847
1.1129,0.50839
1.1132,0.50837
1.1134,0.50882
1.1137,0.50941
1.1139,0.50936
1.1141,0.5093
1.1144,0.50972
1.1146,0.50992
1.1149,0.50999
1.1151,0.51044
1.1153,0.51094
1.1156,0.51142
1.1158,0.51202
1.1161,0.51216
1.1163,0.51159
1.1165,0.51094
1.1168,0.51096
1.117,0.51179
1.1173,0.51261
1.1175,0.51275
1.1177,0.51281
1.118,0.51303
1.1182,0.51274
1.1185,0.51218
1.1187,0.5122
1.1189,0.51273
1.1192,0.51328
1.1194,0.51372
1.1197,0.51388
1.1199,0.51369
1.1202,0.51361
1.1204,0.5139
1.1206,0.51414
1.1209,0.51413
1.1211,0.51441
1.1214,0.51485
1.1216,0.51436
1.1219,0.51335
1.1221,0.51385
1.1223,0.51555
1.1226,0.5161
1.1228,0.51559
1.1231,0.51561
1.1233,0.5158
1.1236,0.51551
1.1238,0.51553
1.124,0.51619
1.1243,0.51699
1.1245,0.51779
1.1248,0.51817
1.125,0.51782
1.1253,0.51727
1.1255,0.51695
1.1257,0.51711
1.126,0.51809
1.1262,0.51926
1.1265,0.5195
1.1267,0.5191
1.127,0.51882
1.1272,0.5188
1.1275,0.51911
1.1277,0.51951
1.128,0.5194
1.1282,0.51894
1.1284,0.51885
1.1287,0.51925
1.1289,0.51961
1.1292,0.51944
1.1294,0.51919
1.1297,0.51955
1.1299,0.52028
1.1302,0.52087
1.1304,0.52123
1.1307,0.52109
1.1309,0.52042
1.1312,0.51989
1.1314,0.52003
1.1316,0.52073
1.1319,0.5216
1.1321,0.52202
1.1324,0.52158
1.1326,0.521
1.1329,0.5212
1.1331,0.52182
1.1334,0.52193
1.1336,0.5218
1.1339,0.52204
1.1341,0.52213
1.1344,0.52193
1.1346,0.5224
1.1349,0.52334
1.1351,0.5236
1.1354,0.52339
1.1356,0.52365
1.1359,0.52435
1.1361,0.52483
1.1364,0.5247
1.1366,0.52445
1.1369,0.5248
1.1371,0.52525
1.1374,0.52496
1.1376,0.52446
1.1379,0.52454
1.1381,0.5251
1.1384,0.52556
1.1386,0.52522
1.1389,0.52441
1.1391,0.52442
1.1394,0.52533
1.1396,0.52584
1.1399,0.5253
1.1401,0.52452
1.1404,0.52445
1.1406,0.52503
1.1409,0.52546
1.1411,0.52555
1.1414,0.52558
1.1416,0.5255
1.1419,0.52542
1.1421,0.52554
1.1424,0.52591
1.1426,0.52691
1.1429,0.52817
1.1431,0.52831
1.1434,0.52753
1.1436,0.52728
1.1439,0.5277
1.1441,0.52811
1.1444,0.52835
1.1446,0.52844
1.1449,0.52868
1.1451,0.52926
1.1454,0.52965
1.1456,0.52952
1.1459,0.529
1.1462,0.52828
1.1464,0.52797
1.1467,0.52844
1.1469,0.52909
1.1472,0.52934
1.1474,0.52922
1.1477,0.529
1.1479,0.52906
1.1482,0.52936
1.1484,0.52977
1.1487,0.5306
1.1489,0.53138
1.1492,0.53115
1.1495,0.53028
1.1497,0.52981
1.15,0.52999
1.1502,0.53033
1.1505,0.53018
1.1507,0.52954
1.151,0.52939
1.1512,0.53019
1.1515,0.5312
1.1518,0.5318
1.152,0.53195
1.1523,0.53194
1.1525,0.53224
1.1528,0.53268
1.153,0.53286
1.1533,0.53296
1.1535,0.5333
1.1538,0.53389
1.1541,0.5343
1.1543,0.53391
1.1546,0.53292
1.1548,0.53226
1.1551,0.53251
1.1553,0.53341
1.1556,0.53415
1.1559,0.53419
1.1561,0.53418
1.1564,0.53474
1.1566,0.53523
1.1569,0.53515
1.1572,0.53475
1.1574,0.53433
1.1577,0.53441
1.1579,0.53505
1.1582,0.53538
1.1584,0.53527
1.1587,0.5353
1.159,0.53548
1.1592,0.53584
1.1595,0.5365
1.1597,0.53673
1.16,0.5364
1.1603,0.53635
1.1605,0.53656
1.1608,0.53642
1.161,0.53585
1.1613,0.53519
1.1616,0.53496
1.1618,0.53524
1.1621,0.53552
1.1623,0.53579
1.1626,0.53653
1.1629,0.53736
1.1631,0.53768
1.1634,0.53778
1.1636,0.53789
1.1639,0.53765
1.1642,0.53712
1.1644,0.53714
1.1647,0.5381
1.165,0.53903
1.1652,0.53897
1.1655,0.53838
1.1657,0.53824
1.166,0.53841
1.1663,0.53842
1.1665,0.53846
1.1668,0.5385
1.1671,0.5382
1.1673,0.53794
1.1676,0.53828
1.1678,0.53875
1.1681,0.53884
1.1684,0.53886
1.1686,0.53894
1.1689,0.53888
1.1692,0.53904
1.1694,0.53943
1.1697,0.53931
1.1699,0.53881
1.1702,0.53893
1.1705,0.53976
1.1707,0.5405
1.171,0.54054
1.1713,0.54005
1.1715,0.53971
1.1718,0.53974
1.1721,0.53964
1.1723,0.53945
1.1726,0.53981
1.1729,0.54057
1.1731,0.54097
1.1734,0.54081
1.1737,0.54061
1.1739,0.54058
1.1742,0.54029
1.1745,0.53982
1.1747,0.53992
1.175,0.54055
1.1752,0.54084
1.1755,0.54058
1.1758,0.54023
1.176,0.54003
1.1763,0.54031
1.1766,0.54112
1.1769,0.54182
1.1771,0.542
1.1774,0.54205
1.1777,0.54211
1.1779,0.54189
1.1782,0.54152
1.1785,0.54148
1.1787,0.5418
1.179,0.54221
1.1793,0.54263
1.1795,0.54297
1.1798,0.54288
1.1801,0.54257
1.1803,0.54275
1.1806,0.54336
1.1809,0.54374
1.1811,0.54385
1.1814,0.54391
1.1817,0.54374
1.1819,0.54341
1.1822,0.54353
1.1825,0.54423
1.1828,0.54496
1.183,0.54529
1.1833,0.54512
1.1836,0.54447
1.1838,0.54358
1.1841,0.54299
1.1844,0.54308
1.1846,0.54365
1.1849,0.54413
1.1852,0.5442
1.1855,0.54402
1.1857,0.54374
1.186,0.54342
1.1863,0.54322
1.1865,0.54322
1.1868,0.54336
1.1871,0.54385
1.1874,0.54474
1.1876,0.54531
1.1879,0.54504
1.1882,0.54463
1.1884,0.54495
1.1887,0.54573
1.189,0.54615
1.1893,0.54607
1.1895,0.54595
1.1898,0.54596
1.1901,0.54578
1.1904,0.54551
1.1906,0.54573
1.1909,0.54634
1.1912,0.54651
1.1915,0.54609
1.1917,0.54567
1.192,0.54551
1.1923,0.54555
1.1925,0.54579
1.1928,0.54622
1.1931,0.5466
1.1934,0.54684
1.1936,0.54707
1.1939,0.54742
1.1942,0.54758
1.1945,0.54729
1.1947,0.54709
1.195,0.54751
1.1953,0.5482
1.1956,0.54851
1.1958,0.54813
1.1961,0.54734
1.1964,0.54703
1.1967,0.54756
1.197,0.54808
1.1972,0.548
1.1975,0.5477
1.1978,0.54774
1.1981,0.54851
1.1983,0.54974
1.1986,0.55028
1.1989,0.5497
1.1992,0.54894
1.1994,0.54864
1.1997,0.54851
1.2,0.54835
1.2003,0.54844
1.2006,0.54886
1.2008,0.5493
1.2011,0.54946
1.2014,0.54945
1.2017,0.54954
1.2019,0.5495
1.2022,0.54911
1.2025,0.54874
1.2028,0.54894
1.2031,0.54959
1.2033,0.55006
1.2036,0.55014
1.2039,0.55008
1.2042,0.54996
1.2045,0.54982
1.2047,0.54977
1.205,0.54971
1.2053,0.54956
1.2056,0.54957
1.2059,0.54983
1.2061,0.55026
1.2064,0.55075
1.2067,0.5512
1.207,0.55155
1.2073,0.55176
1.2075,0.55181
1.2078,0.55192
1.2081,0.55212
1.2084,0.55198
1.2087,0.55151
1.209,0.55126
1.2092,0.55128
1.2095,0.55151
1.2098,0.55202
1.2101,0.55229
1.2104,0.55196
1.2106,0.55157
1.2109,0.55153
1.2112,0.55176
1.2115,0.55211
1.2118,0.55236
1.2121,0.55243
1.2123,0.55257
1.2126,0.55279
1.2129,0.5529
1.2132,0.55273
1.2135,0.55229
1.2138,0.55199
1.214,0.55213
1.2143,0.55237
1.2146,0.55251
1.2149,0.55271
1.2152,0.55288
1.2155,0.5528
1.2158,0.55256
1.216,0.55255
1.2163,0.5531
1.2166,0.55375
1.2169,0.55375
1.2172,0.55325
1.2175,0.55306
1.2178,0.55348
1.218,0.55399
1.2183,0.55395
1.2186,0.55359
1.2189,0.55376
1.2192,0.55422
1.2195,0.55411
1.2198,0.55354
1.22,0.55312
1.2203,0.55321
1.2206,0.55383
1.2209,0.55439
1.2212,0.55438
1.2215,0.55413
1.2218,0.55408
1.2221,0.55451
1.2223,0.55547
1.2226,0.55611
1.2229,0.5556
1.2232,0.55467
1.2235,0.55448
1.2238,0.55516
1.2241,0.55593
1.2244,0.55603
1.2247,0.55575
1.2249,0.55577
1.2252,0.55604
1.2255,0.55635
1.2258,0.55678
1.2261,0.55698
1.2264,0.55676
1.2267,0.55659
1.227,0.55648
1.2273,0.55621
1.2276,0.55613
1.2278,0.5565
1.2281,0.55708
1.2284,0.55751
1.2287,0.55758
1.229,0.55776
1.2293,0.55839
1.2296,0.55875
1.2299,0.55834
1.2302,0.55791
1.2305,0.55808
1.2308,0.55841
1.2311,0.55836
1.2313,0.55806
1.2316,0.55803
1.2319,0.55822
1.2322,0.55823
1.2325,0.55824
1.2328,0.55848
1.2331,0.55867
1.2334,0.55863
1.2337,0.55864
1.234,0.55888
1.2343,0.55924
1.2346,0.55935
1.2349,0.55916
1.2352,0.55916
1.2355,0.55946
1.2357,0.55949
1.236,0.55908
1.2363,0.55874
1.2366,0.5588
1.2369,0.55907
1.2372,0.55909
1.2375,0.55892
1.2378,0.55902
1.2381,0.5594
1.2384,0.55971
1.2387,0.55998
1.239,0.56032
1.2393,0.56049
1.2396,0.56056
1.2399,0.56085
1.2402,0.56142
1.2405,0.56183
1.2408,0.5618
1.2411,0.56161
1.2414,0.56159
1.2417,0.56171
1.242,0.56189
1.2423,0.56209
1.2426,0.56226
1.2429,0.56241
1.2432,0.56242
1.2435,0.56227
1.2438,0.56213
1.2441,0.56203
1.2443,0.56187
1.2446,0.56187
1.2449,0.56223
1.2452,0.56269
1.2455,0.56301
1.2458,0.56337
1.2461,0.56386
1.2464,0.56416
1.2467,0.56396
1.247,0.56352
1.2473,0.56324
1.2476,0.56322
1.2479,0.56349
1.2482,0.5638
1.2485,0.56375
1.2488,0.56368
1.2491,0.56401
1.2494,0.56419
1.2497,0.56393
1.25,0.56382
1.2504,0.56412
1.2507,0.56443
1.251,0.56455
1.2513,0.56465
1.2516,0.56486
1.2519,0.56514
1.2522,0.56538
1.2525,0.56551
1.2528,0.56555
1.2531,0.5657
1.2534,0.56607
1.2537,0.56637
1.254,0.56635
1.2543,0.56626
1.2546,0.56628
1.2549,0.56634
1.2552,0.56634
1.2555,0.56616
1.2558,0.56584
1.2561,0.56586
1.2564,0.56636
1.2567,0.56698
1.257,0.56741
1.2573,0.56763
1.2576,0.56789
1.2579,0.56838
1.2582,0.56864
1.2585,0.5682
1.2588,0.56745
1.2592,0.56716
1.2595,0.56765
1.2598,0.56837
1.2601,0.56851
1.2604,0.56811
1.2607,0.56777
1.261,0.56774
1.2613,0.56812
1.2616,0.56868
1.2619,0.56876
1.2622,0.56854
1.2625,0.56882
1.2628,0.56943
1.2631,0.5697
1.2635,0.56969
1.2638,0.56958
1.2641,0.56944
1.2644,0.5695
1.2647,0.5698
1.265,0.57008
1.2653,0.57017
1.2656,0.56996
1.2659,0.56976
1.2662,0.56994
1.2665,0.57031
1.2668,0.57058
1.2672,0.57087
1.2675,0.57122
1.2678,0.57153
1.2681,0.57171
1.2684,0.57178
1.2687,0.57188
1.269,0.57217
1.2693,0.57243
1.2696,0.5724
1.2699,0.57207
1.2703,0.57173
1.2706,0.57172
1.2709,0.57208
1.2712,0.57251
1.2715,0.57285
1.2718,0.5731
1.2721,0.57311
1.2724,0.57281
1.2728,0.57246
1.2731,0.57238
1.2734,0.5728
1.2737,0.57375
1.274,0.57456
1.2743,0.57452
1.2746,0.57404
1.2749,0.57394
1.2753,0.57411
1.2756,0.5741
1.2759,0.57414
1.2762,0.57447
1.2765,0.57488
1.2768,0.57504
1.2771,0.57493
1.2775,0.57501
1.2778,0.57552
1.2781,0.57575
1.2784,0.57538
1.2787,0.57526
1.279,0.5756
1.2793,0.57575
1.2797,0.57578
1.28,0.57614
1.2803,0.57648
1.2806,0.57632
1.2809,0.57598
1.2812,0.57625
1.2816,0.57707
1.2819,0.57736
1.2822,0.57689
1.2825,0.57671
1.2828,0.5772
1.2831,0.57776
1.2835,0.57822
1.2838,0.57866
1.2841,0.57887
1.2844,0.57883
1.2847,0.57887
1.2851,0.57894
1.2854,0.57874
1.2857,0.57837
1.286,0.57837
1.2863,0.57879
1.2867,0.57916
1.287,0.5795
1.2873,0.57991
1.2876,0.57993
1.2879,0.57951
1.2882,0.57925
1.2886,0.57947
1.2889,0.58016
1.2892,0.58092
1.2895,0.58113
1.2899,0.58112
1.2902,0.58154
1.2905,0.58194
1.2908,0.58182
1.2911,0.58156
1.2915,0.58139
1.2918,0.58129
1.2921,0.58148
1.2924,0.58186
1.2927,0.58216
1.2931,0.58249
1.2934,0.58287
1.2937,0.5831
1.294,0.58319
1.2944,0.58346
1.2947,0.58401
1.295,0.58442
1.2953,0.58426
1.2957,0.58387
1.296,0.58386
1.2963,0.58427
1.2966,0.58467
1.2969,0.58482
1.2973,0.58489
1.2976,0.58516
1.2979,0.58552
1.2982,0.58584
1.2986,0.58616
1.2989,0.58618
1.2992,0.58582
1.2996,0.5857
1.2999,0.58591
1.3002,0.58608
1.3005,0.58645
1.3009,0.58706
1.3012,0.58732
1.3015,0.58736
1.3018,0.58756
1.3022,0.58766
1.3025,0.5875
1.3028,0.58733
1.3031,0.58733
1.3035,0.58761
1.3038,0.58812
1.3041,0.58863
1.3045,0.58892
1.3048,0.58885
1.3051,0.58867
1.3054,0.58899
1.3058,0.58979
1.3061,0.59032
1.3064,0.59019
1.3068,0.59002
1.3071,0.59057
1.3074,0.59141
1.3077,0.59137
1.3081,0.59068
1.3084,0.59056
1.3087,0.59114
1.3091,0.59174
1.3094,0.59208
1.3097,0.59211
1.3101,0.5922
1.3104,0.59263
1.3107,0.5929
1.3111,0.59286
1.3114,0.59303
1.3117,0.59323
1.312,0.59316
1.3124,0.59335
1.3127,0.59387
1.313,0.59399
1.3134,0.59359
1.3137,0.59335
1.314,0.59377
1.3144,0.59464
1.3147,0.59523
1.315,0.59531
1.3154,0.59533
1.3157,0.59561
1.316,0.59605
1.3164,0.59647
1.3167,0.59661
1.317,0.59642
1.3174,0.59634
1.3177,0.59667
1.318,0.59727
1.3184,0.59783
1.3187,0.59814
1.3191,0.59813
1.3194,0.59805
1.3197,0.59824
1.3201,0.59853
1.3204,0.59867
1.3207,0.59882
1.3211,0.59905
1.3214,0.59917
1.3217,0.59949
1.3221,0.60018
1.3224,0.60054
1.3228,0.6003
1.3231,0.60005
1.3234,0.60016
1.3238,0.60054
1.3241,0.60104
1.3244,0.60142
1.3248,0.6016
1.3251,0.60188
1.3255,0.60222
1.3258,0.60222
1.3261,0.6018
1.3265,0.60158
1.3268,0.60194
1.3272,0.60239
1.3275,0.6025
1.3278,0.60272
1.3282,0.60336
1.3285,0.60408
1.3289,0.60464
1.3292,0.60492
1.3295,0.6049
1.3299,0.60475
1.3302,0.60453
1.3306,0.60435
1.3309,0.60454
1.3312,0.60495
1.3316,0.60532
1.3319,0.60584
1.3323,0.60629
1.3326,0.60618
1.333,0.606
1.3333,0.60628
1.3336,0.60668
1.334,0.60694
1.3343,0.60728
1.3347,0.60771
1.335,0.60801
1.3354,0.60801
1.3357,0.60794
1.336,0.60817
1.3364,0.60856
1.3367,0.60867
1.3371,0.60864
1.3374,0.60894
1.3378,0.60957
1.3381,0.60995
1.3385,0.60986
1.3388,0.60999
1.3392,0.61084
1.3395,0.61164
1.3398,0.61165
1.3402,0.61133
1.3405,0.61146
1.3409,0.61222
1.3412,0.61311
1.3416,0.61347
1.3419,0.61341
1.3423,0.61357
1.3426,0.61394
1.343,0.61408
1.3433,0.61413
1.3437,0.61443
1.344,0.6147
1.3444,0.61474
1.3447,0.61486
1.3451,0.61516
1.3454,0.61533
1.3458,0.61536
1.3461,0.61555
1.3465,0.61594
1.3468,0.61629
1.3472,0.6166
1.3475,0.6172
1.3479,0.61809
1.3482,0.61852
1.3486,0.61811
1.3489,0.6177
1.3493,0.61796
1.3496,0.61854
1.35,0.61912
1.3503,0.61946
1.3507,0.61939
1.351,0.61939
1.3514,0.61998
1.3517,0.62078
1.3521,0.62121
1.3524,0.62128
1.3528,0.62127
1.3531,0.62142
1.3535,0.62163
1.3538,0.62187
1.3542,0.62235
1.3545,0.62282
1.3549,0.62291
1.3553,0.62301
1.3556,0.62353
1.356,0.6242
1.3563,0.62473
1.3567,0.62489
1.357,0.62442
1.3574,0.6239
1.3577,0.62414
1.3581,0.62492
1.3585,0.62547
1.3588,0.62582
1.3592,0.62631
1.3595,0.6269
1.3599,0.62742
1.3602,0.62791
1.3606,0.62827
1.3609,0.6284
1.3613,0.62845
1.3617,0.62859
1.362,0.62886
1.3624,0.62937
1.3627,0.6298
1.3631,0.62978
1.3635,0.62981
1.3638,0.63033
1.3642,0.6308
1.3645,0.63076
1.3649,0.6307
1.3652,0.6312
1.3656,0.63212
1.366,0.63276
1.3663,0.63273
1.3667,0.63253
1.367,0.63293
1.3674,0.63378
1.3678,0.63437
1.3681,0.6345
1.3685,0.63465
1.3689,0.635
1.3692,0.63549
1.3696,0.63597
1.3699,0.63599
1.3703,0.63551
1.3707,0.63545
1.371,0.63608
1.3714,0.63656
1.3717,0.63683
1.3721,0.63735
1.3725,0.63768
1.3728,0.63761
1.3732,0.63765
1.3736,0.63791
1.3739,0.63827
1.3743,0.63873
1.3747,0.63894
1.375,0.6389
1.3754,0.63938
1.3758,0.64036
1.3761,0.6409
1.3765,0.64085
1.3768,0.64084
1.3772,0.64105
1.3776,0.64134
1.3779,0.64182
1.3783,0.64252
1.3787,0.64304
1.379,0.64302
1.3794,0.64278
1.3798,0.6429
1.3801,0.64349
1.3805,0.64403
1.3809,0.64413
1.3812,0.6441
1.3816,0.64442
1.382,0.64521
1.3824,0.64612
1.3827,0.64659
1.3831,0.64653
1.3835,0.64653
1.3838,0.64682
1.3842,0.64701
1.3846,0.64701
1.3849,0.64704
1.3853,0.64711
1.3857,0.64717
1.386,0.64742
1.3864,0.6481
1.3868,0.6489
1.3872,0.6493
1.3875,0.64947
1.3879,0.65002
1.3883,0.65067
1.3886,0.65088
1.389,0.65088
1.3894,0.65089
1.3898,0.65099
1.3901,0.6514
1.3905,0.65196
1.3909,0.65226
1.3913,0.65248
1.3916,0.65289
1.392,0.65336
1.3924,0.65391
1.3927,0.65438
1.3931,0.65462
1.3935,0.65484
1.3939,0.65511
1.3942,0.6554
1.3946,0.65591
1.395,0.65654
1.3954,0.65687
1.3957,0.65704
1.3961,0.65758
1.3965,0.65843
1.3969,0.65892
1.3973,0.65886
1.3976,0.659
1.398,0.6596
1.3984,0.65994
1.3988,0.66
1.3991,0.66063
1.3995,0.66172
1.3999,0.66222
1.4003,0.66189
1.4006,0.66153
1.401,0.66188
1.4014,0.66272
1.4018,0.6634
1.4022,0.6637
1.4025,0.66369
1.4029,0.66361
1.4033,0.66389
1.4037,0.66438
1.4041,0.66469
1.4044,0.66519
1.4048,0.666
1.4052,0.66658
1.4056,0.66688
1.406,0.66721
1.4063,0.66742
1.4067,0.66742
1.4071,0.66765
1.4075,0.66817
1.4079,0.66865
1.4083,0.66882
1.4086,0.6688
1.409,0.66894
1.4094,0.66935
1.4098,0.66979
1.4102,0.67015
1.4106,0.67043
1.4109,0.67084
1.4113,0.67168
1.4117,0.67265
1.4121,0.67318
1.4125,0.67336
1.4129,0.67363
1.4132,0.67406
1.4136,0.67451
1.414,0.67477
1.4144,0.67479
1.4148,0.67486
1.4152,0.67515
1.4156,0.67544
1.4159,0.6756
1.4163,0.67579
1.4167,0.67613
1.4171,0.67656
1.4175,0.67702
1.4179,0.67759
1.4183,0.67833
1.4187,0.6791
1.419,0.67985
1.4194,0.68018
1.4198,0.67964
1.4202,0.67888
1.4206,0.67901
1.421,0.67993
1.4214,0.68083
1.4218,0.6814
1.4222,0.68184
1.4226,0.68235
1.4229,0.68275
1.4233,0.68289
1.4237,0.68298
1.4241,0.68319
1.4245,0.68348
1.4249,0.68393
1.4253,0.68424
1.4257,0.68408
1.4261,0.68407
1.4265,0.68468
1.4269,0.68531
1.4273,0.6858
1.4276,0.68662
1.428,0.68748
1.4284,0.68784
1.4288,0.68799
1.4292,0.68843
1.4296,0.68899
1.43,0.68943
1.4304,0.68984
1.4308,0.69017
1.4312,0.69023
1.4316,0.69029
1.432,0.69079
1.4324,0.69159
1.4328,0.69238
1.4332,0.69297
1.4336,0.69326
1.434,0.69331
1.4344,0.69333
1.4348,0.69334
1.4352,0.69345
1.4356,0.69377
1.4359,0.69409
1.4363,0.69433
1.4367,0.69458
1.4371,0.69489
1.4375,0.6954
1.4379,0.69606
1.4383,0.69646
1.4387,0.69667
1.4391,0.69713
1.4395,0.69782
1.4399,0.69855
1.4403,0.69903
1.4407,0.69906
1.4411,0.69905
1.4415,0.69954
1.4419,0.70027
1.4423,0.70069
1.4427,0.70077
1.4431,0.70099
1.4435,0.70157
1.4439,0.7021
1.4443,0.70227
1.4447,0.70238
1.4452,0.70269
1.4456,0.70333
1.446,0.7043
1.4464,0.70488
1.4468,0.70469
1.4472,0.70462
1.4476,0.70525
1.448,0.70619
1.4484,0.707
1.4488,0.70725
1.4492,0.70698
1.4496,0.70725
1.45,0.7084
1.4504,0.70944
1.4508,0.70984
1.4512,0.70982
1.4516,0.70962
1.452,0.70961
1.4524,0.71007
1.4528,0.71082
1.4533,0.71144
1.4537,0.71172
1.4541,0.71196
1.4545,0.71266
1.4549,0.71363
1.4553,0.71413
1.4557,0.71388
1.4561,0.71353
1.4565,0.71373
1.4569,0.71425
1.4573,0.71462
1.4577,0.71501
1.4582,0.71552
1.4586,0.71569
1.459,0.71556
1.4594,0.71586
1.4598,0.71679
1.4602,0.71775
1.4606,0.71802
1.461,0.71772
1.4614,0.71767
1.4619,0.71829
1.4623,0.71916
1.4627,0.71975
1.4631,0.71999
1.4635,0.72025
1.4639,0.72079
1.4643,0.72126
1.4647,0.7214
1.4652,0.7216
1.4656,0.72208
1.466,0.7228
1.4664,0.72367
1.4668,0.72437
1.4672,0.72463
1.4676,0.72468
1.4681,0.72463
1.4685,0.72452
1.4689,0.72479
1.4693,0.72543
1.4697,0.7259
1.4701,0.7262
1.4706,0.72669
1.471,0.72725
1.4714,0.7278
1.4718,0.72842
1.4722,0.72887
1.4726,0.72905
1.4731,0.72925
1.4735,0.72953
1.4739,0.72971
1.4743,0.73005
1.4747,0.73079
1.4752,0.73145
1.4756,0.73159
1.476,0.73158
1.4764,0.73194
1.4768,0.73256
1.4773,0.73322
1.4777,0.73379
1.4781,0.73416
1.4785,0.73437
1.479,0.73465
1.4794,0.73496
1.4798,0.73521
1.4802,0.73565
1.4806,0.73644
1.4811,0.73716
1.4815,0.73747
1.4819,0.73756
1.4823,0.73768
1.4828,0.73791
1.4832,0.73827
1.4836,0.73865
1.484,0.73899
1.4845,0.7395
1.4849,0.74025
1.4853,0.7408
1.4857,0.74096
1.4862,0.74102
1.4866,0.7412
1.487,0.74146
1.4874,0.74183
1.4879,0.7425
1.4883,0.74337
1.4887,0.74405
1.4891,0.74423
1.4896,0.74417
1.49,0.7444
1.4904,0.74505
1.4909,0.74574
1.4913,0.74612
1.4917,0.74644
1.4921,0.74691
1.4926,0.74722
1.493,0.74714
1.4934,0.74707
1.4939,0.74737
1.4943,0.74779
1.4947,0.74809
1.4952,0.74862
1.4956,0.74969
1.496,0.75085
1.4965,0.7514
1.4969,0.75151
1.4973,0.75187
1.4977,0.7525
1.4982,0.75292
1.4986,0.75311
1.499,0.75343
1.4995,0.75385
1.4999,0.75427
1.5003,0.75471
1.5008,0.75505
1.5012,0.75543
1.5017,0.7562
1.5021,0.75684
1.5025,0.7566
1.503,0.75613
1.5034,0.75648
1.5038,0.75731
1.5043,0.75776
1.5047,0.75781
1.5051,0.75792
1.5056,0.75828
1.506,0.75884
1.5065,0.75946
1.5069,0.76018
1.5073,0.76105
1.5078,0.76175
1.5082,0.76182
1.5086,0.76154
1.5091,0.76175
1.5095,0.76257
1.51,0.76342
1.5104,0.76403
1.5108,0.76448
1.5113,0.76468
1.5117,0.76479
1.5122,0.76503
1.5126,0.76538
1.513,0.76594
1.5135,0.76667
1.5139,0.7671
1.5144,0.76729
1.5148,0.76789
1.5153,0.76875
1.5157,0.76919
1.5161,0.76929
1.5166,0.7695
1.517,0.76992
1.5175,0.77032
1.5179,0.77035
1.5184,0.77011
1.5188,0.77023
1.5193,0.77088
1.5197,0.77148
1.5201,0.77182
1.5206,0.7723
1.521,0.7729
1.5215,0.77333
1.5219,0.77376
1.5224,0.7743
1.5228,0.77467
1.5233,0.77492
1.5237,0.77515
1.5242,0.77504
1.5246,0.7748
1.5251,0.77508
1.5255,0.77583
1.526,0.77667
1.5264,0.77736
1.5269,0.7776
1.5273,0.77765
1.5278,0.77805
1.5282,0.77861
1.5287,0.77889
1.5291,0.77906
1.5296,0.77932
1.53,0.77962
1.5305,0.7801
1.5309,0.78068
1.5314,0.7811
1.5318,0.78129
1.5323,0.78135
1.5327,0.78167
1.5332,0.78238
1.5336,0.78295
1.5341,0.78306
1.5345,0.78328
1.535,0.78404
1.5354,0.78502
1.5359,0.78562
1.5364,0.78563
1.5368,0.78555
1.5373,0.78587
1.5377,0.78638
1.5382,0.78673
1.5386,0.78694
1.5391,0.78719
1.5396,0.78748
1.54,0.78772
1.5405,0.78807
1.5409,0.78863
1.5414,0.78904
1.5418,0.78923
1.5423,0.78963
1.5428,0.79015
1.5432,0.79036
1.5437,0.79049
1.5441,0.79077
1.5446,0.79091
1.5451,0.79097
1.5455,0.79134
1.546,0.79184
1.5464,0.79207
1.5469,0.79215
1.5474,0.79251
1.5478,0.79307
1.5483,0.79355
1.5487,0.79399
1.5492,0.79453
1.5497,0.79494
1.5501,0.795
1.5506,0.79489
1.5511,0.79485
1.5515,0.79501
1.552,0.79538
1.5525,0.79579
1.5529,0.79624
1.5534,0.79667
1.5539,0.79688
1.5543,0.79696
1.5548,0.79727
1.5553,0.79776
1.5557,0.79827
1.5562,0.79894
1.5567,0.79969
1.5571,0.80023
1.5576,0.80049
1.5581,0.80058
1.5585,0.80077
1.559,0.80122
1.5595,0.8017
1.5599,0.80199
1.5604,0.80224
1.5609,0.80259
1.5613,0.803
1.5618,0.80342
1.5623,0.80381
1.5627,0.80412
1.5632,0.80432
1.5637,0.80439
1.5642,0.80454
1.5646,0.8049
1.5651,0.80518
1.5656,0.80537
1.5661,0.80575
1.5665,0.80618
1.567,0.80649
1.5675,0.80694
1.5679,0.80746
1.5684,0.80766
1.5689,0.80761
1.5694,0.80785
1.5698,0.80845
1.5703,0.80896
1.5708,0.80922
1.5713,0.80951
1.5718,0.80983
1.5722,0.81003
1.5727,0.81031
1.5732,0.81063
1.5737,0.81077
1.5741,0.81101
1.5746,0.81152
1.5751,0.81186
1.5756,0.81208
1.576,0.81251
1.5765,0.81281
1.577,0.8128
1.5775,0.81289
1.578,0.81341
1.5784,0.81416
1.5789,0.81465
1.5794,0.8147
1.5799,0.81461
1.5804,0.81459
1.5809,0.81453
1.5813,0.81474
1.5818,0.8155
1.5823,0.81633
1.5828,0.81674
1.5833,0.8169
1.5838,0.81717
1.5842,0.81752
1.5847,0.81764
1.5852,0.81755
1.5857,0.81772
1.5862,0.8182
1.5867,0.81863
1.5871,0.8189
1.5876,0.81911
1.5881,0.81927
1.5886,0.81951
1.5891,0.81986
1.5896,0.82009
1.5901,0.82019
1.5906,0.82027
1.591,0.8204
1.5915,0.82066
1.592,0.82099
1.5925,0.82135
1.593,0.82181
1.5935,0.82222
1.594,0.82235
1.5945,0.8224
1.595,0.8225
1.5954,0.82256
1.5959,0.82265
1.5964,0.82291
1.5969,0.82343
1.5974,0.82405
1.5979,0.82455
1.5984,0.8247
1.5989,0.82464
1.5994,0.82474
1.5999,0.82522
1.6004,0.82602
1.6009,0.82683
1.6014,0.82728
1.6019,0.82736
1.6024,0.8275
1.6028,0.82795
1.6033,0.82829
1.6038,0.82826
1.6043,0.82824
1.6048,0.82836
1.6053,0.82824
1.6058,0.82807
1.6063,0.82841
1.6068,0.82918
1.6073,0.82991
1.6078,0.83039
1.6083,0.83062
1.6088,0.83075
1.6093,0.83098
1.6098,0.83131
1.6103,0.8319
1.6108,0.83257
1.6113,0.8327
1.6118,0.83241
1.6123,0.83234
1.6128,0.83249
1.6133,0.83268
1.6138,0.83304
1.6143,0.8333
1.6148,0.83322
1.6153,0.83322
1.6158,0.83357
1.6163,0.83392
1.6168,0.83419
1.6173,0.8345
1.6178,0.83472
1.6184,0.83476
1.6189,0.8348
1.6194,0.83499
1.6199,0.83538
1.6204,0.83599
1.6209,0.83655
1.6214,0.83687
1.6219,0.83707
1.6224,0.83734
1.6229,0.83755
1.6234,0.83742
1.6239,0.83709
1.6244,0.83697
1.6249,0.83724
1.6255,0.83768
1.626,0.83795
1.6265,0.838
1.627,0.83824
1.6275,0.8389
1.628,0.83962
1.6285,0.84006
1.629,0.84025
1.6295,0.84023
1.6301,0.8401
1.6306,0.84014
1.6311,0.84041
1.6316,0.84057
1.6321,0.84062
1.6326,0.84099
1.6331,0.84151
1.6337,0.84154
1.6342,0.8412
1.6347,0.84121
1.6352,0.84174
1.6357,0.84242
1.6362,0.84292
1.6367,0.84294
1.6373,0.84258
1.6378,0.84235
1.6383,0.84229
1.6388,0.84209
1.6393,0.84197
1.6398,0.84226
1.6404,0.84267
1.6409,0.84298
1.6414,0.8434
1.6419,0.844
1.6424,0.84446
1.643,0.84466
1.6435,0.84494
1.644,0.8455
1.6445,0.84599
1.6451,0.84616
1.6456,0.84606
1.6461,0.84586
1.6466,0.84581
1.6471,0.84617
1.6477,0.84672
1.6482,0.84714
1.6487,0.84739
1.6492,0.84746
1.6498,0.84735
1.6503,0.84724
1.6508,0.84723
1.6513,0.84732
1.6519,0.84752
1.6524,0.84788
1.6529,0.84831
1.6534,0.84851
1.654,0.84833
1.6545,0.84808
1.655,0.84799
1.6556,0.84787
1.6561,0.84805
1.6566,0.84879
1.6571,0.84943
1.6577,0.84958
1.6582,0.84969
1.6587,0.84993
1.6593,0.85008
1.6598,0.85014
1.6603,0.85025
1.6609,0.85052
1.6614,0.85064
1.6619,0.85032
1.6625,0.85011
1.663,0.85056
1.6635,0.85096
1.6641,0.85065
1.6646,0.85029
1.6651,0.85034
1.6657,0.85058
1.6662,0.85102
1.6667,0.85165
1.6673,0.85205
1.6678,0.8522
1.6683,0.85229
1.6689,0.85233
1.6694,0.85246
1.67,0.85269
1.6705,0.85272
1.671,0.85246
1.6716,0.85236
1.6721,0.85267
1.6726,0.85299
1.6732,0.85294
1.6737,0.85292
1.6743,0.85316
1.6748,0.85326
1.6753,0.8532
1.6759,0.85352
1.6764,0.85405
1.677,0.85418
1.6775,0.85402
1.6781,0.85418
1.6786,0.85474
1.6791,0.85534
1.6797,0.85559
1.6802,0.85522
1.6808,0.85469
1.6813,0.85468
1.6819,0.85505
1.6824,0.85539
1.683,0.85589
1.6835,0.85659
1.6841,0.85696
1.6846,0.85689
1.6851,0.85682
1.6857,0.8569
1.6862,0.85712
1.6868,0.85722
1.6873,0.85691
1.6879,0.85659
1.6884,0.85685
1.689,0.85732
1.6895,0.85736
1.6901,0.85721
1.6906,0.85729
1.6912,0.85735
1.6917,0.85735
1.6923,0.85756
1.6929,0.85799
1.6934,0.85831
1.694,0.85831
1.6945,0.8581
1.6951,0.85786
1.6956,0.85766
1.6962,0.85751
1.6967,0.8574
1.6973,0.85729
1.6978,0.85738
1.6984,0.85778
1.699,0.85803
1.6995,0.85794
1.7001,0.85787
1.7006,0.858
1.7012,0.85813
1.7017,0.85825
1.7023,0.85855
1.7029,0.85896
1.7034,0.85926
1.704,0.85948
1.7045,0.85972
1.7051,0.85996
1.7057,0.86007
1.7062,0.85999
1.7068,0.85966
1.7073,0.85906
1.7079,0.8588
1.7085,0.85926
1.709,0.85978
1.7096,0.85997
1.7102,0.86021
1.7107,0.86059
1.7113,0.86084
1.7119,0.8609
1.7124,0.8607
1.713,0.86043
1.7135,0.8605
1.7141,0.86085
1.7147,0.86104
1.7153,0.86113
1.7158,0.86146
1.7164,0.86167
1.717,0.86133
1.7175,0.86088
1.7181,0.86074
1.7187,0.86072
1.7192,0.86084
1.7198,0.86145
1.7204,0.86225
1.7209,0.86244
1.7215,0.86195
1.7221,0.86138
1.7227,0.86118
1.7232,0.86136
1.7238,0.86165
1.7244,0.86187
1.725,0.86206
1.7255,0.86243
1.7261,0.86296
1.7267,0.86328
1.7272,0.86307
1.7278,0.8627
1.7284,0.86265
1.729,0.86296
1.7296,0.86331
1.7301,0.86341
1.7307,0.86321
1.7313,0.86314
1.7319,0.86334
1.7324,0.86345
1.733,0.86329
1.7336,0.86318
1.7342,0.86318
1.7348,0.86309
1.7353,0.86307
1.7359,0.86345
1.7365,0.86417
1.7371,0.86471
1.7377,0.86495
1.7383,0.86493
1.7388,0.86469
1.7394,0.86443
1.74,0.8645
1.7406,0.86488
1.7412,0.86528
1.7418,0.86552
1.7423,0.86558
1.7429,0.86555
1.7435,0.86554
1.7441,0.86555
1.7447,0.86561
1.7453,0.86572
1.7459,0.86589
1.7464,0.866
1.747,0.86593
1.7476,0.86598
1.7482,0.86626
1.7488,0.86631
1.7494,0.8661
1.75,0.86622
1.7506,0.86657
1.7512,0.8665
1.7518,0.86599
1.7524,0.86561
1.7529,0.86555
1.7535,0.86573
1.7541,0.8661
1.7547,0.86644
1.7553,0.86656
1.7559,0.8665
1.7565,0.86661
1.7571,0.86697
1.7577,0.86713
1.7583,0.86695
1.7589,0.86681
1.7595,0.86687
1.7601,0.86703
1.7607,0.86717
1.7613,0.86718
1.7619,0.86711
1.7625,0.86704
1.7631,0.86691
1.7637,0.86675
1.7643,0.86656
1.7649,0.86641
1.7655,0.86646
1.7661,0.86678
1.7667,0.86701
1.7673,0.86694
1.7679,0.86694
1.7685,0.86717
1.7691,0.8674
1.7697,0.86753
1.7703,0.86764
1.7709,0.86789
1.7715,0.86819
1.7721,0.86811
1.7727,0.8678
1.7733,0.86777
1.7739,0.86787
1.7745,0.86777
1.7751,0.86775
1.7758,0.86804
1.7764,0.86831
1.777,0.86838
1.7776,0.86842
1.7782,0.86873
1.7788,0.86908
1.7794,0.86907
1.78,0.86899
1.7806,0.86902
1.7812,0.86904
1.7819,0.86911
1.7825,0.86918
1.7831,0.86918
1.7837,0.86916
1.7843,0.86928
1.7849,0.86932
1.7855,0.86934
1.7862,0.8695
1.7868,0.86966
1.7874,0.86963
1.788,0.86949
1.7886,0.86929
1.7892,0.86926
1.7899,0.86963
1.7905,0.87005
1.7911,0.87009
1.7917,0.86989
1.7923,0.86979
1.7929,0.86979
1.7936,0.86969
1.7942,0.86951
1.7948,0.86955
1.7954,0.86971
1.7961,0.86976
1.7967,0.8699
1.7973,0.87009
1.7979,0.87007
1.7985,0.87002
1.7992,0.87018
1.7998,0.87008
1.8004,0.8696
1.801,0.86927
1.8017,0.86937
1.8023,0.8696
1.8029,0.86976
1.8036,0.8697
1.8042,0.86952
1.8048,0.86943
1.8054,0.8694
1.8061,0.86941
1.8067,0.86954
1.8073,0.8696
1.808,0.86946
1.8086,0.86945
1.8092,0.86984
1.8098,0.87017
1.8105,0.87012
1.8111,0.87019
1.8117,0.87047
1.8124,0.87049
1.813,0.87019
1.8136,0.86996
1.8143,0.87004
1.8149,0.87023
1.8155,0.87023
1.8162,0.87014
1.8168,0.87026
1.8175,0.87052
1.8181,0.8708
1.8187,0.87082
1.8194,0.87047
1.82,0.8703
1.8206,0.87051
1.8213,0.87071
1.8219,0.8707
1.8226,0.8708
1.8232,0.87078
1.8238,0.87031
1.8245,0.86973
1.8251,0.86957
1.8258,0.86983
1.8264,0.87008
1.8271,0.87003
1.8277,0.86979
1.8284,0.86972
1.829,0.86983
1.8296,0.86991
1.8303,0.86998
1.8309,0.87007
1.8316,0.87009
1.8322,0.86985
1.8329,0.86935
1.8335,0.86897
1.8342,0.86911
1.8348,0.86949
1.8355,0.86977
1.8361,0.87009
1.8368,0.87038
1.8374,0.87023
1.8381,0.86951
1.8387,0.86885
1.8394,0.86878
1.84,0.86913
1.8407,0.86937
1.8413,0.86952
1.842,0.86969
1.8426,0.86966
1.8433,0.86936
1.844,0.86905
1.8446,0.86899
1.8453,0.86921
1.8459,0.86965
1.8466,0.87013
1.8472,0.87043
1.8479,0.87045
1.8486,0.87015
1.8492,0.86974
1.8499,0.8696
1.8505,0.86981
1.8512,0.87013
1.8519,0.87029
1.8525,0.87041
1.8532,0.87058
1.8538,0.87051
1.8545,0.87005
1.8552,0.86969
1.8558,0.86972
1.8565,0.87001
1.8572,0.87016
1.8578,0.87012
1.8585,0.87002
1.8592,0.87015
1.8598,0.87053
1.8605,0.87089
1.8612,0.87095
1.8618,0.87065
1.8625,0.8702
1.8632,0.86998
1.8638,0.87012
1.8645,0.87037
1.8652,0.87029
1.8659,0.87005
1.8665,0.87024
1.8672,0.87089
1.8679,0.87132
1.8685,0.87094
1.8692,0.87037
1.8699,0.87059
1.8706,0.87134
1.8712,0.87174
1.8719,0.87165
1.8726,0.87159
1.8733,0.87133
1.8739,0.87078
1.8746,0.8705
1.8753,0.87069
1.876,0.87101
1.8767,0.87131
1.8773,0.87139
1.878,0.87101
1.8787,0.87064
1.8794,0.87072
1.8801,0.87081
1.8807,0.87075
1.8814,0.87084
1.8821,0.87103
1.8828,0.87115
1.8835,0.87107
1.8842,0.87066
1.8848,0.8701
1.8855,0.86978
1.8862,0.86974
1.8869,0.8697
1.8876,0.86954
1.8883,0.8693
1.889,0.86908
1.8897,0.86912
1.8903,0.86929
1.891,0.86922
1.8917,0.86895
1.8924,0.86878
1.8931,0.8686
1.8938,0.86828
1.8945,0.86812
1.8952,0.86816
1.8959,0.86812
1.8966,0.868
1.8973,0.8678
1.898,0.86765
1.8986,0.86773
1.8993,0.86785
1.9,0.86792
1.9007,0.86796
1.9014,0.86783
1.9021,0.8676
1.9028,0.86754
1.9035,0.86756
1.9042,0.86752
1.9049,0.86763
1.9056,0.86788
1.9063,0.86794
1.907,0.86764
1.9077,0.86741
1.9084,0.86745
1.9091,0.86782
1.9098,0.86822
1.9105,0.86843
1.9112,0.8685
1.9119,0.86842
1.9127,0.86842
1.9134,0.86871
1.9141,0.86877
1.9148,0.86835
1.9155,0.8679
1.9162,0.86778
1.9169,0.86764
1.9176,0.86745
1.9183,0.86731
1.919,0.86728
1.9197,0.86756
1.9204,0.86782
1.9212,0.86775
1.9219,0.86764
1.9226,0.86777
1.9233,0.86806
1.924,0.86805
1.9247,0.86779
1.9254,0.86762
1.9262,0.86785
1.9269,0.86825
1.9276,0.86852
1.9283,0.86853
1.929,0.8682
1.9297,0.86774
1.9305,0.86753
1.9312,0.86764
1.9319,0.86777
1.9326,0.86772
1.9333,0.8677
1.9341,0.86773
1.9348,0.86791
1.9355,0.8682
1.9362,0.86857
1.9369,0.86883
1.9377,0.86879
1.9384,0.86852
1.9391,0.86833
1.9398,0.86814
1.9406,0.86779
1.9413,0.86774
1.942,0.86798
1.9428,0.86789
1.9435,0.86767
1.9442,0.86755
1.9449,0.86742
1.9457,0.86722
1.9464,0.86706
1.9471,0.86709
1.9479,0.86728
1.9486,0.86748
1.9493,0.86756
1.9501,0.8677
1.9508,0.8678
1.9515,0.86777
1.9523,0.8676
1.953,0.86739
1.9537,0.86719
1.9545,0.86721
1.9552,0.8675
1.9559,0.86773
1.9567,0.86767
1.9574,0.8677
1.9582,0.8679
1.9589,0.86795
1.9596,0.8678
1.9604,0.86773
1.9611,0.86806
1.9619,0.86841
1.9626,0.86815
1.9633,0.86773
1.9641,0.86766
1.9648,0.86781
1.9656,0.86787
1.9663,0.8678
1.9671,0.86777
1.9678,0.86793
1.9686,0.8681
1.9693,0.86815
1.9701,0.86815
1.9708,0.86815
1.9716,0.86829
1.9723,0.86858
1.9731,0.86873
1.9738,0.86855
1.9746,0.86823
1.9753,0.86821
1.9761,0.86841
1.9768,0.8686
1.9776,0.86853
1.9783,0.86824
1.9791,0.86794
1.9798,0.86785
1.9806,0.8679
1.9814,0.86791
1.9821,0.86791
1.9829,0.86808
1.9836,0.86814
1.9844,0.86778
1.9851,0.86724
1.9859,0.86724
1.9867,0.86776
1.9874,0.86804
1.9882,0.86787
1.989,0.86776
1.9897,0.86798
1.9905,0.8684
1.9912,0.86875
1.992,0.86888
1.9928,0.86879
1.9935,0.86874
1.9943,0.86866
1.9951,0.86857
1.9958,0.86857
1.9966,0.8687
1.9974,0.86873
1.9982,0.86879
1.9989,0.86911
1.9997,0.86954
2.0005,0.86991
2.0012,0.8699
2.002,0.86952
2.0028,0.86902
2.0036,0.86868
2.0043,0.86855
2.0051,0.86873
2.0059,0.86909
2.0067,0.86919
2.0074,0.86894
2.0082,0.86874
2.009,0.86891
2.0098,0.86914
2.0105,0.86908
2.0113,0.86887
2.0121,0.86884
2.0129,0.86887
2.0137,0.86882
2.0145,0.86895
2.0152,0.86925
2.016,0.86928
2.0168,0.86913
2.0176,0.86926
2.0184,0.8697
2.0192,0.86993
2.0199,0.86982
2.0207,0.86982
2.0215,0.8698
2.0223,0.86948
2.0231,0.86924
2.0239,0.86938
2.0247,0.86955
2.0255,0.86923
2.0263,0.86888
2.0271,0.8691
2.0278,0.86957
2.0286,0.86968
2.0294,0.86954
2.0302,0.86948
2.031,0.86935
2.0318,0.86897
2.0326,0.86884
2.0334,0.86889
2.0342,0.86885
2.035,0.8688
2.0358,0.86882
2.0366,0.86864
2.0374,0.8685
2.0382,0.86858
2.039,0.86864
2.0398,0.86859
2.0406,0.86848
2.0414,0.86825
2.0422,0.86797
2.043,0.86781
2.0438,0.86782
2.0446,0.86798
2.0454,0.86806
2.0463,0.86791
2.0471,0.86775
2.0479,0.86793
2.0487,0.86828
2.0495,0.86876
2.0503,0.86918
2.0511,0.86917
2.0519,0.86869
2.0527,0.86825
2.0535,0.86811
2.0544,0.86815
2.0552,0.86807
2.056,0.86799
2.0568,0.86806
2.0576,0.86829
2.0584,0.86844
2.0593,0.86852
2.0601,0.86848
2.0609,0.86829
2.0617,0.86802
2.0625,0.86794
2.0634,0.86798
2.0642,0.86808
2.065,0.86812
2.0658,0.86784
2.0666,0.86768
2.0675,0.86792
2.0683,0.86835
2.0691,0.86855
2.0699,0.86844
2.0708,0.86835
2.0716,0.86827
2.0724,0.86831
2.0733,0.86844
2.0741,0.86838
2.0749,0.86818
2.0757,0.86827
2.0766,0.86873
2.0774,0.86899
2.0782,0.86876
2.0791,0.8685
2.0799,0.8687
2.0807,0.86906
2.0816,0.86895
2.0824,0.86872
2.0832,0.86888
2.0841,0.86905
2.0849,0.86899
2.0858,0.86899
2.0866,0.86901
2.0874,0.86891
2.0883,0.86896
2.0891,0.86899
2.09,0.86871
2.0908,0.86854
2.0917,0.86875
2.0925,0.86872
2.0933,0.86839
2.0942,0.86824
2.095,0.86854
2.0959,0.86907
2.0967,0.86911
2.0976,0.8686
2.0984,0.86814
2.0993,0.86802
2.1001,0.86799
2.101,0.86816
2.1018,0.86844
2.1027,0.86878
2.1035,0.86898
2.1044,0.86919
2.1052,0.86921
2.1061,0.86896
2.1069,0.8688
2.1078,0.86862
2.1087,0.86833
2.1095,0.86828
2.1104,0.86864
2.1112,0.86916
2.1121,0.8693
2.113,0.86883
2.1138,0.86854
2.1147,0.86876
2.1155,0.86886
2.1164,0.86868
2.1173,0.8686
2.1181,0.86858
2.119,0.86856
2.1199,0.86851
2.1207,0.86885
2.1216,0.86942
2.1225,0.86979
2.1233,0.86967
2.1242,0.8694
2.1251,0.86961
2.126,0.86989
2.1268,0.87008
2.1277,0.86994
2.1286,0.86979
2.1294,0.86957
2.1303,0.86938
2.1312,0.86932
2.1321,0.86914
2.133,0.869
2.1338,0.86892
2.1347,0.86909
2.1356,0.86936
2.1365,0.86951
2.1373,0.86947
2.1382,0.86943
2.1391,0.86946
2.14,0.86958
2.1409,0.86963
2.1418,0.86955
2.1426,0.86942
2.1435,0.86937
2.1444,0.86938
2.1453,0.86936
2.1462,0.86937
2.1471,0.8692
2.148,0.869
2.1489,0.8689
2.1498,0.86921
2.1506,0.86945
2.1515,0.8694
2.1524,0.86922
2.1533,0.86914
2.1542,0.86939
2.1551,0.8698
2.156,0.8698
2.1569,0.86964
2.1578,0.86949
2.1587,0.86912
2.1596,0.86878
2.1605,0.86875
2.1614,0.86883
2.1623,0.8685
2.1632,0.86785
2.1641,0.8677
2.165,0.86791
2.1659,0.86799
2.1668,0.86741
2.1677,0.86687
2.1686,0.86672
2.1695,0.86697
2.1704,0.86736
2.1714,0.8675
2.1723,0.86743
2.1732,0.86753
2.1741,0.86775
2.175,0.86779
2.1759,0.86788
2.1768,0.86797
2.1777,0.86785
2.1787,0.86774
2.1796,0.86788
2.1805,0.86818
2.1814,0.86846
2.1823,0.86845
2.1832,0.86811
2.1842,0.8679
2.1851,0.86805
2.186,0.86791
2.1869,0.86774
2.1878,0.8678
2.1888,0.86807
2.1897,0.868
2.1906,0.86756
2.1916,0.8671
2.1925,0.86695
2.1934,0.86702
2.1943,0.86708
2.1953,0.86706
2.1962,0.86697
2.1971,0.86686
2.1981,0.86686
2.199,0.8671
2.1999,0.86743
2.2008,0.86741
2.2018,0.86727
2.2027,0.86733
2.2037,0.86719
2.2046,0.86684
2.2055,0.86661
2.2065,0.8666
2.2074,0.86674
2.2083,0.86674
2.2093,0.8664
2.2102,0.8662
2.2112,0.86651
2.2121,0.86697
2.2131,0.86713
2.214,0.86691
2.215,0.86674
2.2159,0.86666
2.2168,0.86677
2.2178,0.86664
2.2187,0.86642
2.2197,0.86634
2.2206,0.86653
2.2216,0.86685
2.2225,0.8671
2.2235,0.86717
2.2245,0.86704
2.2254,0.86687
2.2264,0.86679
2.2273,0.86675
2.2283,0.86675
2.2292,0.86682
2.2302,0.86685
2.2312,0.86676
2.2321,0.86649
2.2331,0.86631
2.234,0.86613
2.235,0.86599
2.236,0.86585
2.2369,0.8658
2.2379,0.86591
2.2389,0.866
2.2398,0.86594
2.2408,0.86584
2.2418,0.86572
2.2427,0.86529
2.2437,0.86479
2.2447,0.86458
2.2456,0.86462
2.2466,0.86465
2.2476,0.86465
2.2486,0.86459
2.2495,0.86435
2.2505,0.86405
2.2515,0.86379
2.2525,0.86348
2.2535,0.86315
2.2544,0.863
2.2554,0.86308
2.2564,0.86331
2.2574,0.86345
2.2584,0.86344
2.2593,0.86338
2.2603,0.86312
2.2613,0.86277
2.2623,0.86262
2.2633,0.86257
2.2643,0.8624
2.2653,0.86225
2.2663,0.8621
2.2672,0.86175
2.2682,0.8614
2.2692,0.86127
2.2702,0.86096
2.2712,0.86065
2.2722,0.8605
2.2732,0.86065
2.2742,0.86096
2.2752,0.86104
2.2762,0.86084
2.2772,0.86062
2.2782,0.86045
2.2792,0.86028
2.2802,0.86011
2.2812,0.85998
2.2822,0.85957
2.2832,0.85908
2.2842,0.8587
2.2852,0.85854
2.2862,0.85821
2.2873,0.85776
2.2883,0.85745
2.2893,0.85753
2.2903,0.85776
2.2913,0.85747
2.2923,0.85704
2.2933,0.8568
2.2943,0.85672
2.2954,0.8564
2.2964,0.85587
2.2974,0.8553
2.2984,0.85471
2.2994,0.85403
2.3004,0.8535
2.3015,0.85324
2.3025,0.85313
2.3035,0.85274
2.3045,0.85199
2.3056,0.85142
2.3066,0.85103
2.3076,0.85033
2.3086,0.84915
2.3097,0.84791
2.3107,0.84692
2.3117,0.84587
2.3128,0.84491
2.3138,0.84442
2.3148,0.84487
2.3159,0.84674
2.3169,0.84895
2.3179,0.85065
2.319,0.85166
2.32,0.8525
2.321,0.85312
2.3221,0.85356
2.3231,0.85389
2.3242,0.85429
2.3252,0.85497
2.3262,0.85504
2.3273,0.85483
2.3283,0.85461
2.3294,0.85459
2.3304,0.85477
2.3315,0.85491
2.3325,0.85482
2.3336,0.85463
2.3346,0.85451
2.3357,0.85439
2.3367,0.854
2.3378,0.85359
2.3388,0.85345
2.3399,0.85374
2.341,0.85403
2.342,0.85395
2.3431,0.85363
2.3441,0.85355
2.3452,0.85363
2.3462,0.85376
2.3473,0.85373
2.3484,0.85326
2.3494,0.85246
2.3505,0.85182
2.3516,0.85159
2.3526,0.85159
2.3537,0.85188
2.3548,0.85252
2.3558,0.85335
2.3569,0.85401
2.358,0.85446
2.3591,0.85499
2.3601,0.85575
2.3612,0.85595
2.3623,0.85585
2.3634,0.85575
2.3644,0.85572
2.3655,0.85535
2.3666,0.85446
2.3677,0.85377
2.3688,0.85379
2.3698,0.85405
2.3709,0.85391
2.372,0.85358
2.3731,0.85338
2.3742,0.85358
2.3753,0.85391
2.3764,0.8539
2.3774,0.85361
2.3785,0.85325
2.3796,0.85263
2.3807,0.85204
2.3818,0.85156
2.3829,0.85113
2.384,0.851
2.3851,0.85118
2.3862,0.8513
2.3873,0.85129
2.3884,0.85132
2.3895,0.85136
2.3906,0.85138
2.3917,0.85127
2.3928,0.85097
2.3939,0.85067
2.395,0.85057
2.3961,0.85079
2.3972,0.85103
2.3983,0.85126
2.3994,0.85131
2.4006,0.85132
2.4017,0.85141
2.4028,0.85141
2.4039,0.85103
2.405,0.85075
2.4061,0.85066
2.4072,0.85086
2.4084,0.85087
2.4095,0.85041
2.4106,0.85021
2.4117,0.85062
2.4128,0.85112
2.414,0.85119
2.4151,0.85094
2.4162,0.85083
2.4173,0.85085
2.4185,0.85095
2.4196,0.85127
2.4207,0.85155
2.4219,0.85126
2.423,0.85105
2.4241,0.85128
2.4253,0.85166
2.4264,0.85225
2.4275,0.85227
2.4287,0.85178
2.4298,0.85137
2.4309,0.85101
2.4321,0.85058
2.4332,0.85049
2.4344,0.85028
2.4355,0.84996
2.4367,0.84951
2.4378,0.84929
2.4389,0.84909
2.4401,0.84826
2.4412,0.84735
2.4424,0.84703
2.4435,0.84719
2.4447,0.84729
2.4458,0.84775
2.447,0.84772
2.4482,0.84774
2.4493,0.84761
2.4505,0.84733
2.4516,0.84741
2.4528,0.84742
2.454,0.84801
2.4551,0.84842
2.4563,0.84841
2.4574,0.84828
2.4586,0.84798
2.4598,0.84771
2.4609,0.84772
2.4621,0.84785
2.4633,0.84787
2.4645,0.84805
2.4656,0.84782
2.4668,0.84812
2.468,0.84802
2.4691,0.84776
2.4703,0.84787
2.4715,0.84817
2.4727,0.84822
2.4739,0.84901
2.475,0.84918
2.4762,0.84882
2.4774,0.84939
2.4786,0.84946
2.4798,0.84821
2.481,0.84802
2.4821,0.84854
2.4833,0.84955
2.4845,0.84959
2.4857,0.84917
2.4869,0.84879
2.4881,0.84771
2.4893,0.85013
2.4905,0.85009
2.4917,0.84986
2.4929,0.85126
2.4929,0.85329
2.4941,0.8543
2.4953,0.85581
2.4965,0.85625
2.4977,0.8555
2.4989,0.85471
2.5001,0.8545
2.5013,0.8546
2.5025,0.8548
2.5037,0.85524
2.5049,0.85561
2.5061,0.85558
2.5074,0.85563
2.5086,0.85619
2.5098,0.85678
2.511,0.8569
2.5122,0.85662
2.5134,0.8564
2.5146,0.85694
2.5159,0.85836
2.5171,0.85976
2.5183,0.86024
2.5195,0.86021
2.5208,0.86071
2.522,0.86193
2.5232,0.86317
2.5244,0.86387
2.5257,0.86397
2.5269,0.86352
2.5281,0.8628
2.5294,0.86239
2.5306,0.86272
2.5318,0.86366
2.5331,0.86474
2.5343,0.86533
2.5356,0.86495
2.5368,0.86415
2.538,0.86427
2.5393,0.86525
2.5405,0.86578
2.5418,0.86575
2.543,0.86629
2.5443,0.86727
2.5455,0.86699
2.5468,0.86499
2.548,0.86313
2.5493,0.86323
2.5505,0.86475
2.5518,0.86599
2.553,0.8662
2.5543,0.86583
2.5555,0.86591
2.5568,0.86687
2.5581,0.86835
2.5593,0.86993
2.5606,0.871
2.5619,0.87082
2.5631,0.87021
2.5644,0.87071
2.5657,0.87222
2.5669,0.87382
2.5682,0.87518
2.5695,0.87595
2.5708,0.87562
2.572,0.87457
2.5733,0.87376
2.5746,0.87338
2.5759,0.87277
2.5771,0.87232
2.5784,0.87289
2.5797,0.87338
2.581,0.87249
2.5823,0.87153
2.5836,0.8718
2.5848,0.87259
2.5861,0.87351
2.5874,0.87442
2.5887,0.87463
2.59,0.87439
2.5913,0.87442
2.5926,0.87481
2.5939,0.87583
2.5952,0.87749
2.5965,0.87905
2.5978,0.88005
2.5991,0.87999
