KC_OL_arm_1,
W,R
0.50012,0.45412
0.50031,0.4468
0.5005,0.44301
0.5007,0.43171
0.50089,0.4311
0.50108,0.43966
0.50128,0.43794
0.50147,0.43442
0.50166,0.43149
0.50186,0.43603
0.50205,0.4546
0.50225,0.46581
0.50244,0.47324
0.50264,0.4775
0.50283,0.47757
0.50303,0.47754
0.50322,0.46693
0.50342,0.4597
0.50361,0.46078
0.50381,0.46381
0.50401,0.46096
0.5042,0.45725
0.5044,0.46626
0.50459,0.46867
0.50479,0.46214
0.50499,0.45479
0.50518,0.4532
0.50538,0.46427
0.50558,0.46559
0.50577,0.45927
0.50597,0.45648
0.50617,0.45595
0.50637,0.45487
0.50657,0.44646
0.50676,0.44389
0.50696,0.44585
0.50716,0.44958
0.50736,0.45882
0.50756,0.4594
0.50776,0.455
0.50795,0.45289
0.50815,0.45597
0.50835,0.46774
0.50855,0.47529
0.50875,0.46229
0.50895,0.44485
0.50915,0.44978
0.50935,0.46127
0.50955,0.45686
0.50975,0.44757
0.50995,0.44754
0.51015,0.45532
0.51035,0.46079
0.51056,0.46603
0.51076,0.46181
0.51096,0.44897
0.51116,0.45249
0.51136,0.46283
0.51156,0.46442
0.51177,0.46306
0.51197,0.46094
0.51217,0.46521
0.51237,0.47302
0.51257,0.47506
0.51278,0.4723
0.51298,0.47161
0.51318,0.47492
0.51339,0.47274
0.51359,0.46529
0.51379,0.46599
0.514,0.47245
0.5142,0.4723
0.51441,0.47019
0.51461,0.46838
0.51481,0.46149
0.51502,0.46251
0.51522,0.46765
0.51543,0.46332
0.51563,0.47146
0.51584,0.48524
0.51604,0.48115
0.51625,0.47953
0.51645,0.48236
0.51666,0.48314
0.51687,0.48127
0.51707,0.47532
0.51728,0.48502
0.51749,0.49681
0.51769,0.49144
0.5179,0.48353
0.51811,0.48132
0.51831,0.48346
0.51852,0.48199
0.51873,0.47298
0.51894,0.46328
0.51914,0.46553
0.51935,0.47766
0.51956,0.47881
0.51977,0.46848
0.51998,0.46159
0.52018,0.46278
0.52039,0.47425
0.5206,0.48881
0.52081,0.48879
0.52102,0.48212
0.52123,0.48055
0.52144,0.47362
0.52165,0.46819
0.52186,0.46898
0.52207,0.47121
0.52228,0.48019
0.52249,0.48824
0.5227,0.49016
0.52291,0.49203
0.52312,0.49056
0.52333,0.48657
0.52355,0.48788
0.52376,0.49006
0.52397,0.48783
0.52418,0.48487
0.52439,0.48422
0.52461,0.48449
0.52482,0.47886
0.52503,0.47417
0.52524,0.48032
0.52546,0.48735
0.52567,0.48889
0.52588,0.48597
0.5261,0.48185
0.52631,0.48485
0.52652,0.49145
0.52674,0.49215
0.52695,0.48389
0.52717,0.47506
0.52738,0.4766
0.5276,0.48208
0.52781,0.48447
0.52802,0.48236
0.52824,0.47875
0.52846,0.48251
0.52867,0.48645
0.52889,0.48491
0.5291,0.48153
0.52932,0.48035
0.52953,0.48696
0.52975,0.49193
0.52997,0.4887
0.53018,0.48749
0.5304,0.49215
0.53062,0.49571
0.53084,0.4935
0.53105,0.48977
0.53127,0.48492
0.53149,0.48017
0.53171,0.48053
0.53192,0.48711
0.53214,0.49474
0.53236,0.49063
0.53258,0.48221
0.5328,0.48282
0.53302,0.48315
0.53324,0.48203
0.53346,0.48704
0.53368,0.49413
0.5339,0.49763
0.53412,0.49417
0.53434,0.48567
0.53456,0.48323
0.53478,0.48796
0.535,0.49148
0.53522,0.49451
0.53544,0.49575
0.53566,0.49214
0.53588,0.48971
0.5361,0.49107
0.53633,0.49152
0.53655,0.4907
0.53677,0.49157
0.53699,0.49395
0.53722,0.49807
0.53744,0.50016
0.53766,0.49885
0.53788,0.49729
0.53811,0.49155
0.53833,0.4864
0.53855,0.48723
0.53878,0.49035
0.539,0.49594
0.53923,0.5
0.53945,0.49821
0.53968,0.49608
0.5399,0.49776
0.54013,0.49869
0.54035,0.49708
0.54058,0.49676
0.5408,0.49589
0.54103,0.49213
0.54125,0.48903
0.54148,0.48848
0.54171,0.48997
0.54193,0.49341
0.54216,0.4952
0.54239,0.49578
0.54261,0.50092
0.54284,0.502
0.54307,0.49606
0.54329,0.49634
0.54352,0.50073
0.54375,0.50268
0.54398,0.50423
0.54421,0.50212
0.54444,0.49784
0.54466,0.49827
0.54489,0.49897
0.54512,0.49765
0.54535,0.50079
0.54558,0.50673
0.54581,0.51029
0.54604,0.51139
0.54627,0.51081
0.5465,0.50535
0.54673,0.49726
0.54696,0.49798
0.54719,0.50332
0.54742,0.50232
0.54766,0.49952
0.54789,0.50037
0.54812,0.50304
0.54835,0.50436
0.54858,0.50476
0.54881,0.50127
0.54905,0.49845
0.54928,0.50602
0.54951,0.51093
0.54975,0.506
0.54998,0.50553
0.55021,0.50938
0.55045,0.50872
0.55068,0.50862
0.55091,0.51427
0.55115,0.51878
0.55138,0.51588
0.55162,0.50986
0.55185,0.50864
0.55209,0.50948
0.55232,0.50711
0.55256,0.50658
0.55279,0.51095
0.55303,0.51456
0.55327,0.51021
0.5535,0.50269
0.55374,0.50163
0.55397,0.50569
0.55421,0.50792
0.55445,0.50616
0.55469,0.50722
0.55492,0.51327
0.55516,0.51817
0.5554,0.51867
0.55564,0.51362
0.55588,0.50881
0.55611,0.50877
0.55635,0.5096
0.55659,0.51235
0.55683,0.51372
0.55707,0.51053
0.55731,0.50911
0.55755,0.508
0.55779,0.50654
0.55803,0.50893
0.55827,0.51092
0.55851,0.51047
0.55875,0.50958
0.55899,0.50656
0.55923,0.50496
0.55947,0.50873
0.55972,0.51271
0.55996,0.51374
0.5602,0.51291
0.56044,0.51211
0.56068,0.51132
0.56093,0.51078
0.56117,0.51364
0.56141,0.51585
0.56166,0.51279
0.5619,0.50691
0.56214,0.50596
0.56239,0.51162
0.56263,0.51509
0.56287,0.51615
0.56312,0.51721
0.56336,0.51655
0.56361,0.51563
0.56385,0.51725
0.5641,0.51881
0.56435,0.51712
0.56459,0.51726
0.56484,0.5192
0.56508,0.51672
0.56533,0.50965
0.56558,0.5069
0.56582,0.51075
0.56607,0.51351
0.56632,0.51475
0.56657,0.51446
0.56681,0.51488
0.56706,0.51773
0.56731,0.51817
0.56756,0.51805
0.56781,0.51894
0.56805,0.5188
0.5683,0.51979
0.56855,0.52186
0.5688,0.52116
0.56905,0.51865
0.5693,0.51786
0.56955,0.51856
0.5698,0.5174
0.57005,0.51748
0.5703,0.5198
0.57056,0.51876
0.57081,0.51813
0.57106,0.51864
0.57131,0.52196
0.57156,0.527
0.57181,0.52443
0.57207,0.52006
0.57232,0.51712
0.57257,0.51517
0.57282,0.51635
0.57308,0.51635
0.57333,0.51526
0.57358,0.51825
0.57384,0.5227
0.57409,0.52282
0.57435,0.5223
0.5746,0.52244
0.57486,0.52296
0.57511,0.52308
0.57537,0.52209
0.57562,0.52261
0.57588,0.52154
0.57613,0.5204
0.57639,0.52113
0.57665,0.52379
0.5769,0.52564
0.57716,0.52285
0.57742,0.52048
0.57767,0.51899
0.57793,0.5179
0.57819,0.51905
0.57845,0.52171
0.57871,0.52384
0.57896,0.52535
0.57922,0.52587
0.57948,0.52422
0.57974,0.52452
0.58,0.52561
0.58026,0.52534
0.58052,0.52387
0.58078,0.52229
0.58104,0.52351
0.5813,0.52569
0.58156,0.52558
0.58182,0.52338
0.58208,0.52375
0.58235,0.52442
0.58261,0.52464
0.58287,0.52552
0.58313,0.52393
0.58339,0.52507
0.58366,0.52711
0.58392,0.52546
0.58418,0.52478
0.58445,0.52683
0.58471,0.52889
0.58497,0.52933
0.58524,0.52832
0.5855,0.5264
0.58577,0.52539
0.58603,0.52426
0.5863,0.52505
0.58656,0.52744
0.58683,0.52734
0.58709,0.52687
0.58736,0.52608
0.58763,0.52552
0.58789,0.52431
0.58816,0.52248
0.58843,0.52337
0.58869,0.52629
0.58896,0.52947
0.58923,0.52884
0.5895,0.52584
0.58976,0.52437
0.59003,0.52406
0.5903,0.5252
0.59057,0.52657
0.59084,0.52688
0.59111,0.52512
0.59138,0.52358
0.59165,0.52592
0.59192,0.52902
0.59219,0.53054
0.59246,0.53037
0.59273,0.52654
0.593,0.52347
0.59327,0.52602
0.59354,0.53032
0.59382,0.53185
0.59409,0.53048
0.59436,0.529
0.59463,0.52941
0.59491,0.52992
0.59518,0.52796
0.59545,0.52606
0.59573,0.52753
0.596,0.52836
0.59627,0.52634
0.59655,0.52597
0.59682,0.52802
0.5971,0.52885
0.59737,0.52836
0.59765,0.52839
0.59792,0.52843
0.5982,0.52876
0.59848,0.52794
0.59875,0.52734
0.59903,0.52943
0.59931,0.53051
0.59958,0.53205
0.59986,0.5341
0.60014,0.53371
0.60042,0.53295
0.6007,0.53271
0.60097,0.53168
0.60125,0.52942
0.60153,0.53026
0.60181,0.53118
0.60209,0.52986
0.60237,0.53001
0.60265,0.53
0.60293,0.53077
0.60321,0.52975
0.60349,0.52933
0.60377,0.53115
0.60405,0.5301
0.60434,0.53002
0.60462,0.53225
0.6049,0.53423
0.60518,0.53364
0.60547,0.53291
0.60575,0.53314
0.60603,0.53299
0.60631,0.53136
0.6066,0.52839
0.60688,0.5298
0.60717,0.53141
0.60745,0.53233
0.60774,0.53309
0.60802,0.53318
0.60831,0.53318
0.60859,0.53152
0.60888,0.53326
0.60916,0.53355
0.60945,0.53445
0.60974,0.53647
0.61002,0.53613
0.61031,0.53555
0.6106,0.53423
0.61089,0.5353
0.61117,0.53312
0.61146,0.53304
0.61175,0.53422
0.61204,0.53355
0.61233,0.53422
0.61262,0.53343
0.61291,0.5356
0.6132,0.53447
0.61349,0.53515
0.61378,0.53598
0.61407,0.53439
0.61436,0.53471
0.61465,0.53301
0.61494,0.53505
0.61524,0.53346
0.61553,0.5327
0.61582,0.53226
0.61611,0.53296
0.61641,0.53716
0.6167,0.53498
0.61699,0.53459
0.61729,0.53313
0.61758,0.53499
0.61787,0.53513
0.61817,0.5336
0.61846,0.53537
0.61876,0.53324
0.61905,0.53545
0.61935,0.53477
0.61965,0.53611
0.61994,0.5361
0.62024,0.53531
0.62054,0.53793
0.62083,0.53698
0.62113,0.54028
0.62143,0.53741
0.62173,0.53661
0.62203,0.53569
0.62232,0.53426
0.62262,0.53712
0.62292,0.53535
0.62322,0.53646
0.62352,0.5335
0.62382,0.53381
0.62412,0.53388
0.62442,0.53471
0.62472,0.53662
0.62502,0.53338
0.62533,0.53687
0.62563,0.5359
0.62593,0.5371
0.62623,0.53654
0.62654,0.53538
0.62684,0.53766
0.62714,0.53542
0.62744,0.53664
0.62775,0.53355
0.62805,0.53511
0.62836,0.53501
0.62866,0.53424
0.62897,0.53777
0.62927,0.53708
0.62958,0.53919
0.62988,0.5365
0.63019,0.5358
0.6305,0.53646
0.6308,0.53851
0.63111,0.54038
0.63142,0.53796
0.63173,0.53709
0.63203,0.53611
0.63234,0.5321
0.63358,0.52113
0.63389,0.53459
0.6342,0.5363
0.63451,0.53818
0.63482,0.53728
0.63513,0.53828
0.63544,0.53955
0.63575,0.53639
0.63607,0.54015
0.63638,0.53848
0.63669,0.54094
0.637,0.53848
0.63732,0.53711
0.63763,0.53814
0.63794,0.53629
0.63826,0.53918
0.63857,0.53782
0.63889,0.54121
0.6392,0.53968
0.63952,0.53879
0.63983,0.54022
0.64015,0.5397
0.64046,0.54191
0.64078,0.53935
0.6411,0.54095
0.64142,0.53881
0.64173,0.54032
0.64205,0.5423
0.64237,0.54013
0.64269,0.54169
0.64301,0.53975
0.64333,0.54162
0.64364,0.54016
0.64396,0.54133
0.64428,0.54317
0.64461,0.54204
0.64493,0.54378
0.64525,0.54261
0.64557,0.54422
0.64589,0.54215
0.64621,0.54286
0.64653,0.54371
0.64686,0.54281
0.64718,0.5443
0.6475,0.54219
0.64783,0.544
0.64815,0.54294
0.64847,0.54252
0.6488,0.54245
0.64912,0.54206
0.64945,0.54358
0.64978,0.54275
0.6501,0.54471
0.65043,0.54349
0.65075,0.54445
0.65108,0.5456
0.65141,0.54522
0.65173,0.5466
0.65206,0.54588
0.65239,0.54716
0.65272,0.54621
0.65305,0.54668
0.65338,0.54643
0.65371,0.54494
0.65404,0.54539
0.65437,0.54507
0.6547,0.54655
0.65503,0.54631
0.65536,0.54807
0.65569,0.54886
0.65602,0.54782
0.65635,0.54826
0.65669,0.54741
0.65702,0.54682
0.65735,0.54656
0.65769,0.54917
0.65802,0.54996
0.65836,0.54902
0.65869,0.54917
0.65902,0.54972
0.65936,0.55099
0.6597,0.55
0.66003,0.5511
0.66037,0.55225
0.6607,0.55179
0.66104,0.55082
0.66138,0.54938
0.66172,0.55072
0.66205,0.55224
0.66239,0.55363
0.66273,0.55318
0.66307,0.55095
0.66341,0.54987
0.66375,0.54994
0.66409,0.55083
0.66443,0.55169
0.66477,0.55266
0.66511,0.55176
0.66545,0.55077
0.66579,0.55167
0.66614,0.55286
0.66648,0.55269
0.66682,0.55142
0.66716,0.55173
0.66751,0.55214
0.66785,0.55233
0.6682,0.55303
0.66854,0.5537
0.66889,0.55402
0.66923,0.55329
0.66958,0.55315
0.66992,0.55354
0.67027,0.55377
0.67062,0.55397
0.67096,0.55428
0.67131,0.55394
0.67166,0.55236
0.67201,0.55212
0.67236,0.55388
0.6727,0.55484
0.67305,0.55418
0.6734,0.554
0.67375,0.5543
0.6741,0.55452
0.67445,0.55522
0.67481,0.55536
0.67516,0.5552
0.67551,0.55527
0.67586,0.55495
0.67621,0.55459
0.67657,0.55459
0.67692,0.5551
0.67727,0.55558
0.67763,0.55561
0.67798,0.55513
0.67834,0.55481
0.67869,0.5554
0.67905,0.55621
0.6794,0.55644
0.67976,0.55604
0.68012,0.55568
0.68047,0.5559
0.68083,0.55678
0.68119,0.55625
0.68155,0.5548
0.6819,0.55549
0.68226,0.55679
0.68262,0.55697
0.68298,0.55603
0.68334,0.55538
0.6837,0.55613
0.68406,0.55634
0.68443,0.55587
0.68479,0.55591
0.68515,0.55653
0.68551,0.55631
0.68587,0.55547
0.68624,0.55563
0.6866,0.55613
0.68696,0.55667
0.68733,0.55726
0.68769,0.5577
0.68806,0.558
0.68842,0.55821
0.68879,0.55788
0.68916,0.55728
0.68952,0.55763
0.68989,0.55811
0.69026,0.55811
0.69062,0.55773
0.69099,0.55756
0.69136,0.55732
0.69173,0.55665
0.6921,0.55664
0.69247,0.55735
0.69284,0.55824
0.69321,0.55818
0.69358,0.55713
0.69395,0.55634
0.69432,0.55642
0.6947,0.55667
0.69507,0.55641
0.69544,0.55621
0.69581,0.55681
0.69619,0.55838
0.69656,0.55782
0.69694,0.55594
0.69731,0.55608
0.69769,0.55616
0.69806,0.55605
0.69844,0.55708
0.69881,0.55813
0.69919,0.55781
0.69957,0.55731
0.69995,0.55744
0.70032,0.55746
0.7007,0.55761
0.70108,0.55721
0.70146,0.55647
0.70184,0.55563
0.70222,0.55553
0.7026,0.5562
0.70298,0.55608
0.70336,0.55643
0.70375,0.55673
0.70413,0.55682
0.70451,0.55693
0.70489,0.55619
0.70528,0.55525
0.70566,0.55521
0.70605,0.55634
0.70643,0.55718
0.70682,0.55713
0.7072,0.55674
0.70759,0.55641
0.70797,0.55579
0.70836,0.55532
0.70875,0.55572
0.70914,0.5559
0.70952,0.556
0.70991,0.55628
0.7103,0.55667
0.71069,0.55644
0.71108,0.55546
0.71147,0.55533
0.71186,0.55543
0.71225,0.55574
0.71265,0.55607
0.71304,0.55591
0.71343,0.55558
0.71382,0.55505
0.71422,0.55486
0.71461,0.5547
0.715,0.55503
0.7154,0.55584
0.71579,0.55615
0.71619,0.55624
0.71658,0.55602
0.71698,0.55544
0.71738,0.55502
0.71777,0.55457
0.71817,0.55359
0.71857,0.55317
0.71897,0.55433
0.71937,0.55566
0.71977,0.55555
0.72017,0.55512
0.72057,0.55509
0.72097,0.55444
0.72137,0.55412
0.72177,0.55418
0.72217,0.55347
0.72258,0.5531
0.72298,0.55336
0.72338,0.55378
0.72379,0.55435
0.72419,0.55462
0.7246,0.55426
0.725,0.55388
0.72541,0.55403
0.72581,0.55389
0.72622,0.55327
0.72663,0.55337
0.72703,0.55368
0.72744,0.5529
0.72785,0.552
0.72826,0.55213
0.72867,0.55273
0.72908,0.55289
0.72949,0.5527
0.7299,0.55267
0.73031,0.55216
0.73072,0.55108
0.73113,0.5506
0.73155,0.55107
0.73196,0.55123
0.73237,0.55086
0.73279,0.55086
0.7332,0.55117
0.73362,0.55097
0.73403,0.55012
0.73445,0.54957
0.73486,0.54983
0.73528,0.55026
0.7357,0.5506
0.73612,0.55076
0.73653,0.55078
0.73695,0.55018
0.73737,0.54879
0.73779,0.54821
0.73821,0.54867
0.73863,0.54938
0.73905,0.54967
0.73948,0.54946
0.7399,0.5496
0.74032,0.54959
0.74074,0.54925
0.74117,0.54914
0.74159,0.54914
0.74202,0.54874
0.74244,0.54752
0.74287,0.54699
0.74329,0.54762
0.74372,0.5479
0.74415,0.54767
0.74457,0.54766
0.745,0.5476
0.74543,0.54636
0.74586,0.54565
0.74629,0.54645
0.74672,0.54668
0.74715,0.54619
0.74758,0.54592
0.74801,0.54548
0.74844,0.54514
0.74887,0.54519
0.74931,0.54505
0.74974,0.54482
0.75017,0.54473
0.75061,0.54449
0.75104,0.54379
0.75148,0.54259
0.75191,0.54242
0.75235,0.54325
0.75279,0.54384
0.75323,0.54378
0.75366,0.54281
0.7541,0.5421
0.75454,0.54162
0.75498,0.54107
0.75542,0.54157
0.75586,0.54216
0.7563,0.54202
0.75674,0.5416
0.75719,0.54126
0.75763,0.54092
0.75807,0.53998
0.75851,0.53927
0.75896,0.53987
0.7594,0.54041
0.75985,0.53972
0.76029,0.53913
0.76074,0.53973
0.76119,0.54036
0.76163,0.53969
0.76208,0.53853
0.76253,0.53822
0.76298,0.5382
0.76343,0.53785
0.76388,0.53736
0.76433,0.53716
0.76478,0.53742
0.76523,0.53709
0.76568,0.53626
0.76614,0.53623
0.76659,0.53646
0.76704,0.53628
0.7675,0.53609
0.76795,0.5358
0.76841,0.53506
0.76886,0.53454
0.76932,0.53457
0.76977,0.53394
0.77023,0.53318
0.77069,0.53326
0.77115,0.53321
0.77161,0.53318
0.77207,0.53358
0.77253,0.53375
0.77299,0.53352
0.77345,0.53301
0.77391,0.53274
0.77437,0.5329
0.77484,0.53308
0.7753,0.53261
0.77576,0.53141
0.77623,0.53076
0.77669,0.53127
0.77716,0.53175
0.77762,0.53161
0.77809,0.5315
0.77856,0.53081
0.77903,0.53006
0.7795,0.53012
0.77996,0.52945
0.78043,0.52863
0.7809,0.52901
0.78138,0.52957
0.78185,0.52969
0.78232,0.52945
0.78279,0.52848
0.78326,0.52736
0.78374,0.52709
0.78421,0.52728
0.78469,0.52755
0.78516,0.52759
0.78564,0.52724
0.78611,0.52694
0.78659,0.5267
0.78707,0.52662
0.78755,0.52657
0.78803,0.52616
0.7885,0.52527
0.78898,0.52465
0.78946,0.52456
0.78995,0.52451
0.79043,0.52449
0.79091,0.52427
0.79139,0.52418
0.79188,0.52422
0.79236,0.52376
0.79284,0.52292
0.79333,0.5229
0.79382,0.52372
0.7943,0.52334
0.79479,0.52195
0.79528,0.52136
0.79576,0.52164
0.79625,0.52185
0.79674,0.52147
0.79723,0.52082
0.79772,0.51995
0.79822,0.51945
0.79871,0.51929
0.7992,0.51903
0.79969,0.51931
0.80019,0.51943
0.80068,0.51917
0.80117,0.51912
0.80167,0.51926
0.80217,0.51936
0.80266,0.51881
0.80316,0.51824
0.80366,0.51825
0.80416,0.51841
0.80466,0.51834
0.80516,0.51781
0.80566,0.51748
0.80616,0.51733
0.80666,0.51682
0.80716,0.51651
0.80766,0.51654
0.80817,0.51656
0.80867,0.51647
0.80918,0.51634
0.80968,0.51624
0.81019,0.51625
0.81069,0.51616
0.8112,0.51532
0.81171,0.51446
0.81222,0.51439
0.81273,0.5143
0.81324,0.51424
0.81375,0.51445
0.81426,0.51436
0.81477,0.51438
0.81528,0.5146
0.8158,0.51413
0.81631,0.5132
0.81682,0.5127
0.81734,0.51275
0.81786,0.51307
0.81837,0.51309
0.81889,0.51304
0.81941,0.51354
0.81992,0.51354
0.82044,0.51257
0.82096,0.51179
0.82148,0.51157
0.822,0.51162
0.82253,0.51158
0.82305,0.51139
0.82357,0.51149
0.82409,0.51151
0.82462,0.51109
0.82514,0.51094
0.82567,0.51117
0.8262,0.51134
0.82672,0.51126
0.82725,0.51086
0.82778,0.51032
0.82831,0.51011
0.82884,0.51034
0.82937,0.51051
0.8299,0.51064
0.83043,0.51027
0.83096,0.50938
0.8315,0.50885
0.83203,0.50854
0.83256,0.50846
0.8331,0.50851
0.83363,0.50829
0.83417,0.50815
0.83471,0.50828
0.83525,0.50826
0.83578,0.50773
0.83632,0.50736
0.83686,0.50722
0.8374,0.50706
0.83794,0.50723
0.83849,0.50695
0.83903,0.50669
0.83957,0.50724
0.84012,0.50729
0.84066,0.50674
0.84121,0.50652
0.84175,0.50653
0.8423,0.50659
0.84285,0.50657
0.8434,0.50638
0.84395,0.50624
0.8445,0.50633
0.84505,0.50622
0.8456,0.50608
0.84615,0.50615
0.8467,0.50617
0.84726,0.50588
0.84781,0.5054
0.84836,0.50544
0.84892,0.50558
0.84948,0.50548
0.85003,0.50548
0.85059,0.50539
0.85115,0.50543
0.85171,0.50523
0.85227,0.50486
0.85283,0.505
0.85339,0.50512
0.85395,0.50491
0.85452,0.50459
0.85508,0.5044
0.85564,0.50456
0.85621,0.50455
0.85678,0.50396
0.85734,0.50349
0.85791,0.50372
0.85848,0.50405
0.85905,0.50371
0.85962,0.50293
0.86019,0.50265
0.86076,0.50287
0.86133,0.50319
0.8619,0.5035
0.86248,0.50349
0.86305,0.50337
0.86362,0.50318
0.8642,0.50313
0.86478,0.50326
0.86535,0.50341
0.86593,0.50332
0.86651,0.50302
0.86709,0.50284
0.86767,0.50259
0.86825,0.50239
0.86883,0.50236
0.86942,0.50218
0.87,0.50196
0.87058,0.50189
0.87117,0.5018
0.87176,0.50169
0.87234,0.50176
0.87293,0.50177
0.87352,0.50159
0.87411,0.50147
0.8747,0.50153
0.87529,0.50166
0.87588,0.50152
0.87647,0.50113
0.87706,0.50091
0.87766,0.5008
0.87825,0.5006
0.87885,0.5005
0.87944,0.50053
0.88004,0.50056
0.88064,0.5007
0.88124,0.50074
0.88184,0.50053
0.88244,0.50047
0.88304,0.50053
0.88364,0.50038
0.88424,0.50016
0.88485,0.49999
0.88545,0.49992
0.88606,0.49985
0.88666,0.49957
0.88727,0.49925
0.88788,0.49899
0.88849,0.4989
0.8891,0.49888
0.88971,0.49884
0.89032,0.49881
0.89093,0.49871
0.89154,0.49844
0.89215,0.4983
0.89277,0.49828
0.89338,0.49801
0.894,0.49761
0.89462,0.49747
0.89524,0.49733
0.89585,0.49711
0.89647,0.49691
0.89709,0.49677
0.89772,0.49667
0.89834,0.49647
0.89896,0.49634
0.89958,0.49628
0.90021,0.49603
0.90083,0.49577
0.90146,0.49568
0.90209,0.49549
0.90272,0.49515
0.90335,0.49485
0.90398,0.49463
0.90461,0.4945
0.90524,0.49433
0.90587,0.49407
0.9065,0.49393
0.90714,0.4938
0.90777,0.49362
0.90841,0.49346
0.90905,0.49318
0.90968,0.49277
0.91032,0.49245
0.91096,0.49225
0.9116,0.49203
0.91225,0.49172
0.91289,0.49146
0.91353,0.49118
0.91418,0.49079
0.91482,0.49044
0.91547,0.49018
0.91611,0.48992
0.91676,0.48969
0.91741,0.48945
0.91806,0.48918
0.91871,0.48889
0.91936,0.48865
0.92001,0.48839
0.92067,0.48809
0.92132,0.48776
0.92198,0.48736
0.92263,0.48693
0.92329,0.48643
0.92395,0.48586
0.92461,0.48534
0.92527,0.48493
0.92593,0.48467
0.92659,0.48444
0.92725,0.48427
0.92792,0.48404
0.92858,0.48356
0.92925,0.48305
0.92991,0.48268
0.93058,0.48238
0.93125,0.48204
0.93192,0.48169
0.93259,0.48139
0.93326,0.48098
0.93393,0.48045
0.93461,0.47993
0.93528,0.47951
0.93596,0.47906
0.93663,0.47864
0.93731,0.4783
0.93799,0.4779
0.93867,0.47746
0.93935,0.477
0.94003,0.47653
0.94071,0.47605
0.9414,0.47557
0.94208,0.47516
0.94276,0.47474
0.94345,0.47417
0.94414,0.47367
0.94483,0.47323
0.94551,0.47276
0.94621,0.47229
0.9469,0.47184
0.94759,0.4713
0.94828,0.47068
0.94898,0.47005
0.94967,0.46946
0.95037,0.46901
0.95106,0.4686
0.95176,0.46813
0.95246,0.46751
0.95316,0.46683
0.95386,0.46625
0.95457,0.46574
0.95527,0.4653
0.95597,0.46479
0.95668,0.46416
0.95739,0.46359
0.95809,0.46314
0.9588,0.46271
0.95951,0.46223
0.96022,0.46159
0.96094,0.46092
0.96165,0.46044
0.96236,0.45999
0.96308,0.45948
0.96379,0.45896
0.96451,0.45845
0.96523,0.45792
0.96595,0.45741
0.96667,0.45697
0.96739,0.45654
0.96811,0.45608
0.96883,0.45554
0.96956,0.45497
0.97029,0.45441
0.97101,0.45377
0.97174,0.45308
0.97247,0.45255
0.9732,0.45213
0.97393,0.45162
0.97466,0.4511
0.9754,0.45067
0.97613,0.45029
0.97687,0.44967
0.9776,0.44897
0.97834,0.44845
0.97908,0.44799
0.97982,0.44744
0.98056,0.44689
0.9813,0.44638
0.98205,0.44581
0.98279,0.44517
0.98354,0.44458
0.98428,0.44407
0.98503,0.44354
0.98578,0.44295
0.98653,0.44242
0.98728,0.44201
0.98803,0.44152
0.98879,0.44087
0.98954,0.4403
0.9903,0.43976
0.99106,0.43918
0.99181,0.43857
0.99257,0.43802
0.99333,0.43755
0.9941,0.43703
0.99486,0.43648
0.99562,0.43598
0.99639,0.43544
0.99715,0.43492
0.99792,0.4345
0.99869,0.43403
0.99946,0.43351
1.0002,0.43295
1.001,0.43248
1.0018,0.4321
1.0026,0.43168
1.0033,0.43125
1.0041,0.43078
1.0047,0.43415
1.0049,0.43225
1.0051,0.42912
1.0053,0.4275
1.0055,0.42801
1.0057,0.42935
1.0059,0.43002
1.0061,0.42994
1.0062,0.42956
1.0064,0.42886
1.0066,0.42869
1.0068,0.42922
1.007,0.42863
1.0072,0.42705
1.0074,0.42688
1.0076,0.42796
1.0078,0.42825
1.008,0.42733
1.0082,0.426
1.0084,0.42541
1.0086,0.42641
1.0088,0.42784
1.009,0.42784
1.0092,0.42675
1.0094,0.42613
1.0096,0.42602
1.0098,0.42551
1.01,0.42539
1.0102,0.42697
1.0104,0.42898
1.0106,0.42911
1.0108,0.42747
1.011,0.42579
1.0112,0.42494
1.0114,0.42471
1.0115,0.42454
1.0117,0.42465
1.0119,0.42527
1.0121,0.42542
1.0123,0.42497
1.0125,0.42503
1.0127,0.42533
1.0129,0.42514
1.0131,0.4253
1.0133,0.42565
1.0135,0.42535
1.0137,0.42548
1.0139,0.42661
1.0141,0.42734
1.0143,0.42741
1.0145,0.42759
1.0147,0.42733
1.0149,0.42657
1.0151,0.4265
1.0153,0.42711
1.0155,0.42708
1.0157,0.42595
1.0159,0.42486
1.0161,0.42521
1.0163,0.42684
1.0165,0.42785
1.0167,0.42694
1.0169,0.42486
1.0171,0.42324
1.0173,0.42326
1.0175,0.42466
1.0177,0.42586
1.0179,0.42585
1.0181,0.4251
1.0183,0.42402
1.0185,0.42257
1.0187,0.42158
1.0189,0.4221
1.0191,0.42383
1.0193,0.42533
1.0195,0.42558
1.0197,0.42471
1.0199,0.42333
1.0201,0.4223
1.0203,0.42252
1.0205,0.42351
1.0207,0.42373
1.0209,0.42313
1.0211,0.42306
1.0213,0.42351
1.0215,0.42353
1.0217,0.42307
1.0219,0.42281
1.0221,0.42312
1.0223,0.42372
1.0225,0.42426
1.0227,0.42466
1.0229,0.42435
1.0231,0.42291
1.0233,0.42176
1.0235,0.42181
1.0237,0.42141
1.0239,0.41964
1.0241,0.41813
1.0243,0.41845
1.0245,0.42063
1.0247,0.42276
1.0249,0.42269
1.0251,0.42145
1.0254,0.42132
1.0256,0.42141
1.0258,0.42019
1.026,0.419
1.0262,0.41915
1.0264,0.41991
1.0266,0.42067
1.0268,0.42142
1.027,0.42158
1.0272,0.42083
1.0274,0.42044
1.0276,0.42143
1.0278,0.42228
1.028,0.4215
1.0282,0.42039
1.0284,0.41986
1.0286,0.41891
1.0288,0.418
1.029,0.41834
1.0292,0.41888
1.0294,0.41884
1.0296,0.41929
1.0298,0.42011
1.03,0.41965
1.0302,0.41803
1.0304,0.41699
1.0307,0.41732
1.0309,0.41842
1.0311,0.41946
1.0313,0.41993
1.0315,0.4197
1.0317,0.41907
1.0319,0.41822
1.0321,0.41713
1.0323,0.41644
1.0325,0.41699
1.0327,0.41811
1.0329,0.41825
1.0331,0.41725
1.0333,0.41654
1.0335,0.41722
1.0337,0.41887
1.0339,0.42035
1.0341,0.42098
1.0344,0.4206
1.0346,0.41943
1.0348,0.41794
1.035,0.41641
1.0352,0.41529
1.0354,0.4156
1.0356,0.41766
1.0358,0.41997
1.036,0.42086
1.0362,0.42045
1.0364,0.41983
1.0366,0.41924
1.0368,0.41835
1.037,0.41724
1.0372,0.41613
1.0375,0.41518
1.0377,0.41501
1.0379,0.41572
1.0381,0.41656
1.0383,0.4172
1.0385,0.41761
1.0387,0.41764
1.0389,0.41803
1.0391,0.41902
1.0393,0.4193
1.0395,0.41879
1.0397,0.41862
1.04,0.41848
1.0402,0.41814
1.0404,0.41855
1.0406,0.41907
1.0408,0.41817
1.041,0.4167
1.0412,0.41645
1.0414,0.41725
1.0416,0.41803
1.0418,0.41845
1.042,0.41844
1.0423,0.41798
1.0425,0.41783
1.0427,0.41848
1.0429,0.41847
1.0431,0.41697
1.0433,0.41605
1.0435,0.41713
1.0437,0.41851
1.0439,0.41838
1.0441,0.4171
1.0444,0.41637
1.0446,0.41698
1.0448,0.41744
1.045,0.41665
1.0452,0.41612
1.0454,0.41643
1.0456,0.41621
1.0458,0.41591
1.046,0.41666
1.0462,0.4174
1.0465,0.41751
1.0467,0.41782
1.0469,0.41798
1.0471,0.41731
1.0473,0.41669
1.0475,0.41677
1.0477,0.41707
1.0479,0.4171
1.0482,0.41705
1.0484,0.41727
1.0486,0.41752
1.0488,0.41719
1.049,0.41652
1.0492,0.41642
1.0494,0.41709
1.0496,0.41792
1.0498,0.41842
1.0501,0.4186
1.0503,0.41851
1.0505,0.41776
1.0507,0.41649
1.0509,0.41621
1.0511,0.4172
1.0513,0.41746
1.0516,0.4164
1.0518,0.41606
1.052,0.41723
1.0522,0.41836
1.0524,0.41852
1.0526,0.41824
1.0528,0.41819
1.053,0.41838
1.0533,0.41852
1.0535,0.41887
1.0537,0.4195
1.0539,0.41943
1.0541,0.41828
1.0543,0.41754
1.0545,0.4183
1.0548,0.4195
1.055,0.41967
1.0552,0.41865
1.0554,0.41772
1.0556,0.41781
1.0558,0.41805
1.056,0.4171
1.0563,0.41558
1.0565,0.41517
1.0567,0.41611
1.0569,0.41711
1.0571,0.41745
1.0573,0.41745
1.0576,0.41728
1.0578,0.41686
1.058,0.41649
1.0582,0.41641
1.0584,0.41641
1.0586,0.41659
1.0589,0.41738
1.0591,0.41841
1.0593,0.41872
1.0595,0.41817
1.0597,0.41748
1.0599,0.41683
1.0602,0.4163
1.0604,0.41657
1.0606,0.41756
1.0608,0.41827
1.061,0.4187
1.0612,0.41887
1.0615,0.4179
1.0617,0.41658
1.0619,0.41676
1.0621,0.41779
1.0623,0.41809
1.0625,0.41794
1.0628,0.41792
1.063,0.41788
1.0632,0.41773
1.0634,0.41769
1.0636,0.41826
1.0639,0.41962
1.0641,0.42077
1.0643,0.42085
1.0645,0.41995
1.0647,0.41861
1.0649,0.41793
1.0652,0.41833
1.0654,0.41868
1.0656,0.41863
1.0658,0.41878
1.066,0.4188
1.0663,0.41877
1.0665,0.41947
1.0667,0.42057
1.0669,0.42164
1.0671,0.42269
1.0674,0.42268
1.0676,0.42116
1.0678,0.41986
1.068,0.42012
1.0682,0.42131
1.0685,0.42215
1.0687,0.42205
1.0689,0.42143
1.0691,0.42045
1.0693,0.4188
1.0696,0.41766
1.0698,0.4184
1.07,0.41997
1.0702,0.42073
1.0704,0.42092
1.0707,0.42142
1.0709,0.42233
1.0711,0.42279
1.0713,0.42219
1.0715,0.42169
1.0718,0.42231
1.072,0.42304
1.0722,0.42303
1.0724,0.42241
1.0727,0.42128
1.0729,0.42055
1.0731,0.42127
1.0733,0.42237
1.0735,0.42248
1.0738,0.42224
1.074,0.42255
1.0742,0.42315
1.0744,0.42349
1.0747,0.42323
1.0749,0.42255
1.0751,0.42193
1.0753,0.42151
1.0755,0.42169
1.0758,0.42264
1.076,0.42318
1.0762,0.42279
1.0764,0.42254
1.0767,0.42279
1.0769,0.42303
1.0771,0.42359
1.0773,0.42438
1.0776,0.42448
1.0778,0.42392
1.078,0.42318
1.0782,0.42214
1.0785,0.4215
1.0787,0.42241
1.0789,0.42418
1.0791,0.42517
1.0794,0.4253
1.0796,0.42518
1.0798,0.42458
1.08,0.42372
1.0803,0.42329
1.0805,0.4231
1.0807,0.42296
1.0809,0.42344
1.0812,0.42431
1.0814,0.42485
1.0816,0.42545
1.0818,0.42639
1.0821,0.42704
1.0823,0.4273
1.0825,0.42722
1.0827,0.42676
1.083,0.42669
1.0832,0.42725
1.0834,0.42711
1.0836,0.42558
1.0839,0.42387
1.0841,0.42338
1.0843,0.42425
1.0845,0.42527
1.0848,0.42581
1.085,0.42657
1.0852,0.42747
1.0855,0.42756
1.0857,0.42718
1.0859,0.42677
1.0861,0.42593
1.0864,0.42536
1.0866,0.42607
1.0868,0.42738
1.087,0.42837
1.0873,0.42917
1.0875,0.42999
1.0877,0.43047
1.088,0.4303
1.0882,0.42976
1.0884,0.42919
1.0886,0.42863
1.0889,0.42853
1.0891,0.42949
1.0893,0.43092
1.0896,0.43176
1.0898,0.43192
1.09,0.43168
1.0902,0.43134
1.0905,0.43117
1.0907,0.43111
1.0909,0.43091
1.0912,0.43045
1.0914,0.4301
1.0916,0.43048
1.0919,0.43094
1.0921,0.4303
1.0923,0.42923
1.0925,0.42911
1.0928,0.42989
1.093,0.43088
1.0932,0.43135
1.0935,0.43116
1.0937,0.43141
1.0939,0.43244
1.0942,0.43307
1.0944,0.43281
1.0946,0.43221
1.0948,0.43173
1.0951,0.43147
1.0953,0.43107
1.0955,0.43082
1.0958,0.43164
1.096,0.43274
1.0962,0.43315
1.0965,0.43359
1.0967,0.43389
1.0969,0.43348
1.0972,0.43352
1.0974,0.43425
1.0976,0.43471
1.0979,0.43509
1.0981,0.4352
1.0983,0.4347
1.0986,0.43456
1.0988,0.43484
1.099,0.43489
1.0993,0.43531
1.0995,0.43569
1.0997,0.43533
1.1,0.43545
1.1002,0.43609
1.1004,0.43572
1.1007,0.43484
1.1009,0.43468
1.1011,0.435
1.1014,0.43538
1.1016,0.43551
1.1018,0.43562
1.1021,0.43636
1.1023,0.43709
1.1025,0.43729
1.1028,0.43793
1.103,0.43883
1.1032,0.43873
1.1035,0.43811
1.1037,0.4381
1.1039,0.43831
1.1042,0.43795
1.1044,0.43736
1.1046,0.4373
1.1049,0.43775
1.1051,0.43826
1.1054,0.4387
1.1056,0.43854
1.1058,0.43772
1.1061,0.43774
1.1063,0.4388
1.1065,0.43928
1.1068,0.43938
1.107,0.44003
1.1072,0.44051
1.1075,0.44049
1.1077,0.44037
1.1079,0.44008
1.1082,0.44021
1.1084,0.4411
1.1087,0.44153
1.1089,0.441
1.1091,0.44047
1.1094,0.44049
1.1096,0.44104
1.1098,0.44164
1.1101,0.44166
1.1103,0.44128
1.1106,0.44092
1.1108,0.44069
1.111,0.44109
1.1113,0.44213
1.1115,0.44283
1.1118,0.44283
1.112,0.44272
1.1122,0.44289
1.1125,0.44323
1.1127,0.44342
1.1129,0.44344
1.1132,0.4435
1.1134,0.44338
1.1137,0.4428
1.1139,0.44218
1.1141,0.44197
1.1144,0.4423
1.1146,0.44312
1.1149,0.44398
1.1151,0.44441
1.1153,0.44466
1.1156,0.44518
1.1158,0.44574
1.1161,0.4458
1.1163,0.44535
1.1165,0.44482
1.1168,0.44459
1.117,0.44503
1.1173,0.4462
1.1175,0.44709
1.1177,0.44698
1.118,0.44671
1.1182,0.44695
1.1185,0.44712
1.1187,0.44676
1.1189,0.44631
1.1192,0.44652
1.1194,0.44749
1.1197,0.44818
1.1199,0.44766
1.1202,0.44684
1.1204,0.44701
1.1206,0.44782
1.1209,0.4482
1.1211,0.44818
1.1214,0.44843
1.1216,0.44885
1.1219,0.44895
1.1221,0.44898
1.1223,0.44922
1.1226,0.44915
1.1228,0.44872
1.1231,0.44875
1.1233,0.44942
1.1236,0.44993
1.1238,0.44999
1.124,0.45005
1.1243,0.45029
1.1245,0.45045
1.1248,0.45032
1.125,0.45012
1.1253,0.45012
1.1255,0.45018
1.1257,0.45016
1.126,0.45029
1.1262,0.45051
1.1265,0.45061
1.1267,0.451
1.127,0.45183
1.1272,0.45232
1.1275,0.45236
1.1277,0.45271
1.128,0.4532
1.1282,0.45323
1.1284,0.45326
1.1287,0.45352
1.1289,0.45324
1.1292,0.45247
1.1294,0.45221
1.1297,0.45277
1.1299,0.45341
1.1302,0.45367
1.1304,0.45396
1.1307,0.45455
1.1309,0.45478
1.1312,0.45443
1.1314,0.45431
1.1316,0.45472
1.1319,0.45512
1.1321,0.45529
1.1324,0.45542
1.1326,0.45542
1.1329,0.45513
1.1331,0.45492
1.1334,0.45551
1.1336,0.45665
1.1339,0.45722
1.1341,0.45695
1.1344,0.45653
1.1346,0.45642
1.1349,0.4567
1.1351,0.45705
1.1354,0.45723
1.1356,0.45762
1.1359,0.458
1.1361,0.45731
1.1364,0.45616
1.1366,0.45626
1.1369,0.45747
1.1371,0.45843
1.1374,0.4588
1.1376,0.45901
1.1379,0.45913
1.1381,0.4589
1.1384,0.45828
1.1386,0.45765
1.1389,0.45728
1.1391,0.45718
1.1394,0.45764
1.1396,0.45851
1.1399,0.45926
1.1401,0.45996
1.1404,0.46068
1.1406,0.46088
1.1409,0.46064
1.1411,0.46061
1.1414,0.46074
1.1416,0.46082
1.1419,0.46105
1.1421,0.46144
1.1424,0.46166
1.1426,0.46175
1.1429,0.46197
1.1431,0.4622
1.1434,0.46206
1.1436,0.46187
1.1439,0.46202
1.1441,0.462
1.1444,0.46161
1.1446,0.46159
1.1449,0.46209
1.1451,0.46232
1.1454,0.46206
1.1456,0.46182
1.1459,0.46193
1.1462,0.46232
1.1464,0.46266
1.1467,0.46287
1.1469,0.46312
1.1472,0.46329
1.1474,0.46331
1.1477,0.4635
1.1479,0.46384
1.1482,0.46406
1.1484,0.46431
1.1487,0.46454
1.1489,0.46438
1.1492,0.46393
1.1495,0.46381
1.1497,0.46428
1.15,0.465
1.1502,0.4654
1.1505,0.46538
1.1507,0.46539
1.151,0.46576
1.1512,0.46622
1.1515,0.46647
1.1518,0.46646
1.152,0.46613
1.1523,0.46573
1.1525,0.46586
1.1528,0.4663
1.153,0.46649
1.1533,0.46674
1.1535,0.46727
1.1538,0.46743
1.1541,0.46715
1.1543,0.46702
1.1546,0.46692
1.1548,0.46667
1.1551,0.46674
1.1553,0.46732
1.1556,0.46811
1.1559,0.46873
1.1561,0.46863
1.1564,0.46804
1.1566,0.4678
1.1569,0.46779
1.1572,0.4675
1.1574,0.46747
1.1577,0.46805
1.1579,0.46846
1.1582,0.46831
1.1584,0.46813
1.1587,0.46845
1.159,0.46906
1.1592,0.46944
1.1595,0.46961
1.1597,0.46983
1.16,0.46982
1.1603,0.46941
1.1605,0.46933
1.1608,0.46999
1.161,0.47037
1.1613,0.46967
1.1616,0.46881
1.1618,0.46874
1.1621,0.46921
1.1623,0.46978
1.1626,0.47032
1.1629,0.47062
1.1631,0.47065
1.1634,0.4707
1.1636,0.47064
1.1639,0.47048
1.1642,0.4708
1.1644,0.47146
1.1647,0.47176
1.165,0.47193
1.1652,0.47221
1.1655,0.47213
1.1657,0.47179
1.166,0.47161
1.1663,0.47139
1.1665,0.47105
1.1668,0.47092
1.1671,0.47109
1.1673,0.47133
1.1676,0.47131
1.1678,0.47087
1.1681,0.47032
1.1684,0.47018
1.1686,0.4707
1.1689,0.47156
1.1692,0.47179
1.1694,0.47126
1.1697,0.47109
1.1699,0.47158
1.1702,0.47209
1.1705,0.47277
1.1707,0.47381
1.171,0.47425
1.1713,0.47368
1.1715,0.473
1.1718,0.47284
1.1721,0.47303
1.1723,0.47335
1.1726,0.47379
1.1729,0.47445
1.1731,0.47504
1.1734,0.47504
1.1737,0.47452
1.1739,0.47422
1.1742,0.47451
1.1745,0.47505
1.1747,0.47544
1.175,0.47562
1.1752,0.47572
1.1755,0.47587
1.1758,0.47594
1.176,0.47576
1.1763,0.47567
1.1766,0.4761
1.1769,0.47674
1.1771,0.47726
1.1774,0.47765
1.1777,0.47757
1.1779,0.47696
1.1782,0.4765
1.1785,0.47641
1.1787,0.47633
1.179,0.47621
1.1793,0.4762
1.1795,0.47632
1.1798,0.47635
1.1801,0.47628
1.1803,0.47661
1.1806,0.47758
1.1809,0.47845
1.1811,0.47856
1.1814,0.4782
1.1817,0.47799
1.1819,0.4782
1.1822,0.47858
1.1825,0.47867
1.1828,0.47854
1.183,0.47846
1.1833,0.47827
1.1836,0.47807
1.1838,0.47786
1.1841,0.47744
1.1844,0.47719
1.1846,0.47745
1.1849,0.47782
1.1852,0.47841
1.1855,0.47927
1.1857,0.47956
1.186,0.47943
1.1863,0.47969
1.1865,0.47982
1.1868,0.47948
1.1871,0.47947
1.1874,0.47966
1.1876,0.4794
1.1879,0.47914
1.1882,0.47938
1.1884,0.47978
1.1887,0.48002
1.189,0.48008
1.1893,0.48014
1.1895,0.4803
1.1898,0.48041
1.1901,0.48043
1.1904,0.48034
1.1906,0.48007
1.1909,0.47993
1.1912,0.48017
1.1915,0.48049
1.1917,0.48072
1.192,0.48077
1.1923,0.4806
1.1925,0.48072
1.1928,0.48142
1.1931,0.48186
1.1934,0.48166
1.1936,0.48153
1.1939,0.48178
1.1942,0.48208
1.1945,0.48241
1.1947,0.48264
1.195,0.48247
1.1953,0.48227
1.1956,0.48251
1.1958,0.48281
1.1961,0.48286
1.1964,0.48298
1.1967,0.48322
1.197,0.48331
1.1972,0.48339
1.1975,0.4835
1.1978,0.48343
1.1981,0.48342
1.1983,0.48356
1.1986,0.48328
1.1989,0.4828
1.1992,0.48293
1.1994,0.48341
1.1997,0.48364
1.2,0.48396
1.2003,0.48437
1.2006,0.48416
1.2008,0.48375
1.2011,0.48389
1.2014,0.48416
1.2017,0.48407
1.2019,0.48396
1.2022,0.48388
1.2025,0.48377
1.2028,0.48397
1.2031,0.48449
1.2033,0.48486
1.2036,0.485
1.2039,0.48494
1.2042,0.48466
1.2045,0.4846
1.2047,0.48486
1.205,0.48484
1.2053,0.48456
1.2056,0.48469
1.2059,0.48515
1.2061,0.48544
1.2064,0.48553
1.2067,0.48571
1.207,0.48593
1.2073,0.48581
1.2075,0.48535
1.2078,0.48519
1.2081,0.48553
1.2084,0.48586
1.2087,0.48596
1.209,0.48598
1.2092,0.48602
1.2095,0.48616
1.2098,0.48627
1.2101,0.48607
1.2104,0.48568
1.2106,0.48546
1.2109,0.48553
1.2112,0.486
1.2115,0.48668
1.2118,0.48718
1.2121,0.48751
1.2123,0.48769
1.2126,0.48758
1.2129,0.48758
1.2132,0.48795
1.2135,0.48801
1.2138,0.4874
1.214,0.48703
1.2143,0.48754
1.2146,0.48815
1.2149,0.48819
1.2152,0.48814
1.2155,0.48833
1.2158,0.4883
1.216,0.48804
1.2163,0.4881
1.2166,0.48847
1.2169,0.48878
1.2172,0.4888
1.2175,0.48857
1.2178,0.48867
1.218,0.48933
1.2183,0.48989
1.2186,0.48995
1.2189,0.48982
1.2192,0.48949
1.2195,0.4889
1.2198,0.48854
1.22,0.48868
1.2203,0.48911
1.2206,0.48941
1.2209,0.48947
1.2212,0.48966
1.2215,0.4901
1.2218,0.49024
1.2221,0.49009
1.2223,0.49012
1.2226,0.49016
1.2229,0.49007
1.2232,0.49013
1.2235,0.49043
1.2238,0.49097
1.2241,0.49166
1.2244,0.49191
1.2247,0.4917
1.2249,0.49152
1.2252,0.49132
1.2255,0.49111
1.2258,0.49144
1.2261,0.49204
1.2264,0.49209
1.2267,0.49162
1.227,0.4912
1.2273,0.4913
1.2276,0.49215
1.2278,0.493
1.2281,0.4929
1.2284,0.49228
1.2287,0.49219
1.229,0.49271
1.2293,0.49329
1.2296,0.4936
1.2299,0.49359
1.2302,0.49348
1.2305,0.49354
1.2308,0.49367
1.2311,0.49377
1.2313,0.494
1.2316,0.49447
1.2319,0.49483
1.2322,0.49466
1.2325,0.49419
1.2328,0.49391
1.2331,0.49377
1.2334,0.4935
1.2337,0.49338
1.234,0.49366
1.2343,0.49395
1.2346,0.49401
1.2349,0.49412
1.2352,0.49442
1.2355,0.49482
1.2357,0.49507
1.236,0.49482
1.2363,0.49428
1.2366,0.49402
1.2369,0.49424
1.2372,0.49461
1.2375,0.49487
1.2378,0.49494
1.2381,0.49506
1.2384,0.49546
1.2387,0.49596
1.239,0.49643
1.2393,0.49679
1.2396,0.49675
1.2399,0.4964
1.2402,0.49643
1.2405,0.49685
1.2408,0.49715
1.2411,0.49731
1.2414,0.49751
1.2417,0.49777
1.242,0.49801
1.2423,0.49792
1.2426,0.4976
1.2429,0.49767
1.2432,0.49795
1.2435,0.49797
1.2438,0.498
1.2441,0.49807
1.2443,0.49797
1.2446,0.49819
1.2449,0.49882
1.2452,0.49928
1.2455,0.49949
1.2458,0.49951
1.2461,0.49915
1.2464,0.49885
1.2467,0.49894
1.247,0.499
1.2473,0.49887
1.2476,0.49895
1.2479,0.49937
1.2482,0.49996
1.2485,0.50031
1.2488,0.50039
1.2491,0.50062
1.2494,0.50073
1.2497,0.50031
1.25,0.49996
1.2504,0.50028
1.2507,0.50094
1.251,0.50147
1.2513,0.50134
1.2516,0.50063
1.2519,0.50023
1.2522,0.50036
1.2525,0.50061
1.2528,0.50114
1.2531,0.50179
1.2534,0.50207
1.2537,0.50227
1.254,0.50261
1.2543,0.50271
1.2546,0.5026
1.2549,0.50247
1.2552,0.50232
1.2555,0.50239
1.2558,0.50256
1.2561,0.50253
1.2564,0.50254
1.2567,0.50265
1.257,0.5026
1.2573,0.50263
1.2576,0.50306
1.2579,0.50367
1.2582,0.50403
1.2585,0.50392
1.2588,0.50381
1.2592,0.50412
1.2595,0.50436
1.2598,0.50428
1.2601,0.50426
1.2604,0.50423
1.2607,0.50423
1.261,0.50464
1.2613,0.50509
1.2616,0.50504
1.2619,0.50466
1.2622,0.50434
1.2625,0.50469
1.2628,0.50579
1.2631,0.50661
1.2635,0.5068
1.2638,0.50702
1.2641,0.50702
1.2644,0.50652
1.2647,0.5062
1.265,0.50633
1.2653,0.50648
1.2656,0.50648
1.2659,0.50654
1.2662,0.50688
1.2665,0.5074
1.2668,0.50777
1.2672,0.50808
1.2675,0.50838
1.2678,0.50841
1.2681,0.50834
1.2684,0.50832
1.2687,0.50805
1.269,0.50778
1.2693,0.5081
1.2696,0.50863
1.2699,0.50887
1.2703,0.5091
1.2706,0.50968
1.2709,0.51039
1.2712,0.51057
1.2715,0.51007
1.2718,0.50952
1.2721,0.50939
1.2724,0.50956
1.2728,0.5098
1.2731,0.51006
1.2734,0.51037
1.2737,0.51066
1.274,0.51074
1.2743,0.51078
1.2746,0.51114
1.2749,0.51152
1.2753,0.51155
1.2756,0.51145
1.2759,0.51157
1.2762,0.51201
1.2765,0.51263
1.2768,0.51303
1.2771,0.51305
1.2775,0.51294
1.2778,0.51284
1.2781,0.51275
1.2784,0.51279
1.2787,0.51303
1.279,0.51341
1.2793,0.51383
1.2797,0.5142
1.28,0.51429
1.2803,0.51385
1.2806,0.51327
1.2809,0.51319
1.2812,0.51348
1.2816,0.51379
1.2819,0.51409
1.2822,0.51417
1.2825,0.51403
1.2828,0.51427
1.2831,0.51485
1.2835,0.51532
1.2838,0.51573
1.2841,0.51596
1.2844,0.51564
1.2847,0.51522
1.2851,0.51529
1.2854,0.51572
1.2857,0.51606
1.286,0.51596
1.2863,0.51568
1.2867,0.51582
1.287,0.51626
1.2873,0.51649
1.2876,0.5165
1.2879,0.51647
1.2882,0.51658
1.2886,0.51701
1.2889,0.51752
1.2892,0.51784
1.2895,0.51798
1.2899,0.51787
1.2902,0.51782
1.2905,0.51823
1.2908,0.5188
1.2911,0.51911
1.2915,0.51935
1.2918,0.51962
1.2921,0.51984
1.2924,0.51996
1.2927,0.51987
1.2931,0.51967
1.2934,0.51967
1.2937,0.5198
1.294,0.52002
1.2944,0.52053
1.2947,0.521
1.295,0.52102
1.2953,0.52088
1.2957,0.52097
1.296,0.52123
1.2963,0.52157
1.2966,0.5217
1.2969,0.52161
1.2973,0.52183
1.2976,0.52249
1.2979,0.52314
1.2982,0.52364
1.2986,0.52389
1.2989,0.52358
1.2992,0.52314
1.2996,0.52323
1.2999,0.52349
1.3002,0.52365
1.3005,0.52414
1.3009,0.52476
1.3012,0.52494
1.3015,0.52485
1.3018,0.52464
1.3022,0.52437
1.3025,0.52454
1.3028,0.52498
1.3031,0.52501
1.3035,0.52497
1.3038,0.52538
1.3041,0.52589
1.3045,0.5262
1.3048,0.52629
1.3051,0.52609
1.3054,0.52609
1.3058,0.52654
1.3061,0.52685
1.3064,0.52673
1.3068,0.52675
1.3071,0.52724
1.3074,0.52789
1.3077,0.52812
1.3081,0.52798
1.3084,0.52823
1.3087,0.52894
1.3091,0.52933
1.3094,0.52935
1.3097,0.52953
1.3101,0.52987
1.3104,0.53013
1.3107,0.53032
1.3111,0.53052
1.3114,0.53065
1.3117,0.53056
1.312,0.5303
1.3124,0.53026
1.3127,0.53053
1.313,0.53081
1.3134,0.53103
1.3137,0.53135
1.314,0.53162
1.3144,0.5317
1.3147,0.53172
1.315,0.53209
1.3154,0.53283
1.3157,0.53323
1.316,0.53298
1.3164,0.53271
1.3167,0.53277
1.317,0.53278
1.3174,0.53275
1.3177,0.53287
1.318,0.5329
1.3184,0.53304
1.3187,0.53389
1.3191,0.53509
1.3194,0.53556
1.3197,0.53537
1.3201,0.53552
1.3204,0.53629
1.3207,0.53697
1.3211,0.53713
1.3214,0.5371
1.3217,0.5373
1.3221,0.53767
1.3224,0.53793
1.3228,0.53815
1.3231,0.53839
1.3234,0.53848
1.3238,0.53843
1.3241,0.53847
1.3244,0.53859
1.3248,0.53871
1.3251,0.53883
1.3255,0.53896
1.3258,0.53911
1.3261,0.53955
1.3265,0.54043
1.3268,0.54128
1.3272,0.54134
1.3275,0.54078
1.3278,0.5407
1.3282,0.5413
1.3285,0.54156
1.3289,0.54138
1.3292,0.54163
1.3295,0.54222
1.3299,0.54231
1.3302,0.54193
1.3306,0.54186
1.3309,0.54235
1.3312,0.5429
1.3316,0.54313
1.3319,0.54327
1.3323,0.54359
1.3326,0.54387
1.333,0.54399
1.3333,0.54413
1.3336,0.54432
1.334,0.54438
1.3343,0.54444
1.3347,0.54468
1.335,0.5451
1.3354,0.54545
1.3357,0.5455
1.336,0.5456
1.3364,0.54614
1.3367,0.54657
1.3371,0.54626
1.3374,0.54596
1.3378,0.54646
1.3381,0.54723
1.3385,0.54753
1.3388,0.54762
1.3392,0.54778
1.3395,0.54787
1.3398,0.54796
1.3402,0.54827
1.3405,0.54881
1.3409,0.54952
1.3412,0.55009
1.3416,0.55009
1.3419,0.54971
1.3423,0.54972
1.3426,0.55027
1.343,0.55092
1.3433,0.55132
1.3437,0.55144
1.344,0.55141
1.3444,0.55159
1.3447,0.55192
1.3451,0.55199
1.3454,0.55185
1.3458,0.55195
1.3461,0.55226
1.3465,0.55256
1.3468,0.55305
1.3472,0.55363
1.3475,0.55387
1.3479,0.55385
1.3482,0.554
1.3486,0.5542
1.3489,0.55422
1.3493,0.55431
1.3496,0.55467
1.35,0.55518
1.3503,0.55564
1.3507,0.55595
1.351,0.55615
1.3514,0.55641
1.3517,0.55669
1.3521,0.55687
1.3524,0.55718
1.3528,0.55786
1.3531,0.55848
1.3535,0.55844
1.3538,0.55801
1.3542,0.55801
1.3545,0.55853
1.3549,0.55915
1.3553,0.55973
1.3556,0.56026
1.356,0.56055
1.3563,0.56058
1.3567,0.56066
1.357,0.56076
1.3574,0.56086
1.3577,0.56121
1.3581,0.56183
1.3585,0.56235
1.3588,0.56269
1.3592,0.56309
1.3595,0.56339
1.3599,0.56347
1.3602,0.56359
1.3606,0.56391
1.3609,0.56428
1.3613,0.56475
1.3617,0.56549
1.362,0.56631
1.3624,0.56676
1.3627,0.56655
1.3631,0.56608
1.3635,0.56593
1.3638,0.56629
1.3642,0.56689
1.3645,0.56739
1.3649,0.5676
1.3652,0.56782
1.3656,0.56821
1.366,0.56844
1.3663,0.56837
1.3667,0.56826
1.367,0.56819
1.3674,0.5683
1.3678,0.56882
1.3681,0.56943
1.3685,0.56971
1.3689,0.5699
1.3692,0.57038
1.3696,0.57109
1.3699,0.57167
1.3703,0.57202
1.3707,0.57251
1.371,0.57298
1.3714,0.57295
1.3717,0.57275
1.3721,0.57294
1.3725,0.57316
1.3728,0.57324
1.3732,0.57366
1.3736,0.57433
1.3739,0.57482
1.3743,0.5752
1.3747,0.5755
1.375,0.57566
1.3754,0.57591
1.3758,0.57649
1.3761,0.57732
1.3765,0.57806
1.3768,0.57832
1.3772,0.57808
1.3776,0.57771
1.3779,0.5775
1.3783,0.57753
1.3787,0.57771
1.379,0.57776
1.3794,0.57774
1.3798,0.57818
1.3801,0.57921
1.3805,0.58005
1.3809,0.58023
1.3812,0.58018
1.3816,0.58045
1.382,0.58112
1.3824,0.58196
1.3827,0.58255
1.3831,0.5827
1.3835,0.58266
1.3838,0.58267
1.3842,0.58277
1.3846,0.58313
1.3849,0.5837
1.3853,0.58404
1.3857,0.584
1.386,0.58393
1.3864,0.58419
1.3868,0.58468
1.3872,0.58523
1.3875,0.58579
1.3879,0.58633
1.3883,0.58655
1.3886,0.5864
1.389,0.58634
1.3894,0.5866
1.3898,0.58704
1.3901,0.58742
1.3905,0.58759
1.3909,0.58754
1.3913,0.58753
1.3916,0.58791
1.392,0.58882
1.3924,0.58985
1.3927,0.59032
1.3931,0.59035
1.3935,0.59034
1.3939,0.59011
1.3942,0.58991
1.3946,0.59053
1.395,0.59165
1.3954,0.5922
1.3957,0.59229
1.3961,0.59256
1.3965,0.59297
1.3969,0.59324
1.3973,0.59344
1.3976,0.59359
1.398,0.59363
1.3984,0.5939
1.3988,0.59472
1.3991,0.59573
1.3995,0.5964
1.3999,0.59681
1.4003,0.59725
1.4006,0.59753
1.401,0.5976
1.4014,0.59774
1.4018,0.59808
1.4022,0.59839
1.4025,0.59865
1.4029,0.59908
1.4033,0.59953
1.4037,0.5996
1.4041,0.59956
1.4044,0.6001
1.4048,0.60102
1.4052,0.60156
1.4056,0.60163
1.406,0.60169
1.4063,0.60193
1.4067,0.60225
1.4071,0.60262
1.4075,0.60296
1.4079,0.60326
1.4083,0.60366
1.4086,0.60409
1.409,0.60442
1.4094,0.60473
1.4098,0.60518
1.4102,0.60576
1.4106,0.60625
1.4109,0.60643
1.4113,0.60649
1.4117,0.60678
1.4121,0.60714
1.4125,0.60718
1.4129,0.60714
1.4132,0.6073
1.4136,0.60757
1.414,0.60789
1.4144,0.60826
1.4148,0.60864
1.4152,0.60926
1.4156,0.61003
1.4159,0.61031
1.4163,0.61038
1.4167,0.61086
1.4171,0.61135
1.4175,0.61155
1.4179,0.61193
1.4183,0.61244
1.4187,0.61277
1.419,0.61313
1.4194,0.61348
1.4198,0.6136
1.4202,0.61356
1.4206,0.61354
1.421,0.6139
1.4214,0.61477
1.4218,0.61539
1.4222,0.61543
1.4226,0.61566
1.4229,0.61619
1.4233,0.61659
1.4237,0.61711
1.4241,0.61776
1.4245,0.618
1.4249,0.61803
1.4253,0.61826
1.4257,0.6186
1.4261,0.61902
1.4265,0.61951
1.4269,0.61995
1.4273,0.62055
1.4276,0.62131
1.428,0.6216
1.4284,0.62139
1.4288,0.62124
1.4292,0.62141
1.4296,0.62174
1.43,0.62222
1.4304,0.62294
1.4308,0.62374
1.4312,0.62422
1.4316,0.62447
1.432,0.62493
1.4324,0.62539
1.4328,0.62557
1.4332,0.62586
1.4336,0.62638
1.434,0.62666
1.4344,0.62676
1.4348,0.62698
1.4352,0.6272
1.4356,0.62748
1.4359,0.62788
1.4363,0.62821
1.4367,0.62862
1.4371,0.62929
1.4375,0.62988
1.4379,0.63033
1.4383,0.63076
1.4387,0.63095
1.4391,0.63099
1.4395,0.63152
1.4399,0.63244
1.4403,0.63301
1.4407,0.63303
1.4411,0.63299
1.4415,0.63329
1.4419,0.63382
1.4423,0.63426
1.4427,0.63466
1.4431,0.63524
1.4435,0.63587
1.4439,0.63624
1.4443,0.63646
1.4447,0.63682
1.4452,0.63744
1.4456,0.63826
1.446,0.63904
1.4464,0.63944
1.4468,0.63944
1.4472,0.63938
1.4476,0.63941
1.448,0.63955
1.4484,0.63981
1.4488,0.64001
1.4492,0.64002
1.4496,0.64016
1.45,0.64066
1.4504,0.64122
1.4508,0.64153
1.4512,0.64157
1.4516,0.64153
1.452,0.64173
1.4524,0.64229
1.4528,0.64323
1.4533,0.64424
1.4537,0.64485
1.4541,0.64508
1.4545,0.64551
1.4549,0.64608
1.4553,0.6463
1.4557,0.64636
1.4561,0.64676
1.4565,0.64734
1.4569,0.64763
1.4573,0.64751
1.4577,0.6475
1.4582,0.64796
1.4586,0.64848
1.459,0.64866
1.4594,0.649
1.4598,0.64987
1.4602,0.65069
1.4606,0.65088
1.461,0.65065
1.4614,0.65076
1.4619,0.65166
1.4623,0.65286
1.4627,0.65361
1.4631,0.65385
1.4635,0.65389
1.4639,0.65387
1.4643,0.65381
1.4647,0.65379
1.4652,0.65385
1.4656,0.65404
1.466,0.65446
1.4664,0.65505
1.4668,0.65551
1.4672,0.65575
1.4676,0.65603
1.4681,0.6564
1.4685,0.6567
1.4689,0.65717
1.4693,0.65793
1.4697,0.6585
1.4701,0.65876
1.4706,0.65917
1.471,0.65976
1.4714,0.66022
1.4718,0.66057
1.4722,0.66082
1.4726,0.66076
1.4731,0.6607
1.4735,0.66112
1.4739,0.66183
1.4743,0.66242
1.4747,0.66292
1.4752,0.66329
1.4756,0.66341
1.476,0.6635
1.4764,0.66381
1.4768,0.66428
1.4773,0.66492
1.4777,0.66558
1.4781,0.66584
1.4785,0.6657
1.479,0.66572
1.4794,0.66616
1.4798,0.66675
1.4802,0.66735
1.4806,0.6682
1.4811,0.66903
1.4815,0.66912
1.4819,0.66869
1.4823,0.6687
1.4828,0.66919
1.4832,0.66959
1.4836,0.66975
1.484,0.6698
1.4845,0.67008
1.4849,0.67089
1.4853,0.67176
1.4857,0.67218
1.4862,0.67241
1.4866,0.67275
1.487,0.67321
1.4874,0.67383
1.4879,0.67443
1.4883,0.67481
1.4887,0.67518
1.4891,0.67562
1.4896,0.67607
1.49,0.67657
1.4904,0.67685
1.4909,0.67671
1.4913,0.67657
1.4917,0.67681
1.4921,0.67725
1.4926,0.67754
1.493,0.67757
1.4934,0.67772
1.4939,0.67842
1.4943,0.67927
1.4947,0.67971
1.4952,0.68006
1.4956,0.68073
1.496,0.68148
1.4965,0.68198
1.4969,0.68221
1.4973,0.68228
1.4977,0.68239
1.4982,0.68273
1.4986,0.68329
1.499,0.68384
1.4995,0.6841
1.4999,0.68426
1.5003,0.68461
1.5008,0.68491
1.5012,0.68497
1.5017,0.68521
1.5021,0.68576
1.5025,0.68601
1.503,0.68588
1.5034,0.68604
1.5038,0.68666
1.5043,0.68721
1.5047,0.68738
1.5051,0.68754
1.5056,0.688
1.506,0.68839
1.5065,0.68835
1.5069,0.68837
1.5073,0.68892
1.5078,0.6897
1.5082,0.69031
1.5086,0.69071
1.5091,0.6911
1.5095,0.69175
1.51,0.69251
1.5104,0.69285
1.5108,0.69285
1.5113,0.69303
1.5117,0.69347
1.5122,0.694
1.5126,0.69441
1.513,0.69455
1.5135,0.69458
1.5139,0.69483
1.5144,0.69543
1.5148,0.69635
1.5153,0.69726
1.5157,0.69778
1.5161,0.69807
1.5166,0.69845
1.517,0.69892
1.5175,0.69921
1.5179,0.69923
1.5184,0.69924
1.5188,0.69955
1.5193,0.7001
1.5197,0.70071
1.5201,0.70142
1.5206,0.70187
1.521,0.70176
1.5215,0.70157
1.5219,0.7018
1.5224,0.70234
1.5228,0.70292
1.5233,0.70336
1.5237,0.7036
1.5242,0.70376
1.5246,0.70375
1.5251,0.70356
1.5255,0.70371
1.526,0.70431
1.5264,0.70474
1.5269,0.70484
1.5273,0.70507
1.5278,0.70549
1.5282,0.70597
1.5287,0.70652
1.5291,0.70709
1.5296,0.70746
1.53,0.70772
1.5305,0.70817
1.5309,0.70872
1.5314,0.7091
1.5318,0.70943
1.5323,0.70979
1.5327,0.70994
1.5332,0.71003
1.5336,0.71034
1.5341,0.71071
1.5345,0.71113
1.535,0.71193
1.5354,0.71294
1.5359,0.71367
1.5364,0.71402
1.5368,0.71429
1.5373,0.71472
1.5377,0.71516
1.5382,0.71541
1.5386,0.71557
1.5391,0.71571
1.5396,0.71584
1.54,0.71615
1.5405,0.71668
1.5409,0.71713
1.5414,0.71735
1.5418,0.7176
1.5423,0.7181
1.5428,0.71874
1.5432,0.71924
1.5437,0.71947
1.5441,0.71963
1.5446,0.71971
1.5451,0.71968
1.5455,0.72001
1.546,0.72078
1.5464,0.72122
1.5469,0.7211
1.5474,0.72115
1.5478,0.7216
1.5483,0.72207
1.5487,0.72243
1.5492,0.72271
1.5497,0.72276
1.5501,0.72267
1.5506,0.72275
1.5511,0.72311
1.5515,0.72352
1.552,0.72386
1.5525,0.72422
1.5529,0.72472
1.5534,0.72529
1.5539,0.72568
1.5543,0.72593
1.5548,0.72641
1.5553,0.72706
1.5557,0.72741
1.5562,0.72755
1.5567,0.7278
1.5571,0.72814
1.5576,0.72839
1.5581,0.7286
1.5585,0.72886
1.559,0.72926
1.5595,0.7298
1.5599,0.73018
1.5604,0.73043
1.5609,0.7309
1.5613,0.73148
1.5618,0.73188
1.5623,0.73219
1.5627,0.73253
1.5632,0.7327
1.5637,0.73259
1.5642,0.73249
1.5646,0.73272
1.5651,0.73314
1.5656,0.73342
1.5661,0.7336
1.5665,0.73386
1.567,0.73413
1.5675,0.73426
1.5679,0.7343
1.5684,0.73435
1.5689,0.73444
1.5694,0.73461
1.5698,0.73492
1.5703,0.73525
1.5708,0.7356
1.5713,0.73622
1.5718,0.73699
1.5722,0.73754
1.5727,0.73775
1.5732,0.73761
1.5737,0.73734
1.5741,0.73746
1.5746,0.738
1.5751,0.73821
1.5756,0.7381
1.576,0.73829
1.5765,0.7387
1.577,0.73897
1.5775,0.73923
1.578,0.7398
1.5784,0.74054
1.5789,0.74104
1.5794,0.7412
1.5799,0.74131
1.5804,0.74164
1.5809,0.74205
1.5813,0.74225
1.5818,0.74236
1.5823,0.74276
1.5828,0.74336
1.5833,0.74364
1.5838,0.74386
1.5842,0.74452
1.5847,0.74506
1.5852,0.74494
1.5857,0.74484
1.5862,0.74527
1.5867,0.74577
1.5871,0.74607
1.5876,0.74644
1.5881,0.74681
1.5886,0.74688
1.5891,0.74673
1.5896,0.74672
1.5901,0.74687
1.5906,0.74691
1.591,0.74695
1.5915,0.74739
1.592,0.74815
1.5925,0.74892
1.593,0.74945
1.5935,0.74958
1.594,0.74948
1.5945,0.7495
1.595,0.74961
1.5954,0.74974
1.5959,0.75002
1.5964,0.75044
1.5969,0.75088
1.5974,0.75128
1.5979,0.75154
1.5984,0.75147
1.5989,0.75115
1.5994,0.75136
1.5999,0.75247
1.6004,0.75357
1.6009,0.7538
1.6014,0.75363
1.6019,0.75368
1.6024,0.75398
1.6028,0.75446
1.6033,0.75483
1.6038,0.75488
1.6043,0.75491
1.6048,0.75513
1.6053,0.75527
1.6058,0.75536
1.6063,0.75557
1.6068,0.75583
1.6073,0.75619
1.6078,0.75661
1.6083,0.75687
1.6088,0.75706
1.6093,0.75725
1.6098,0.75733
1.6103,0.75742
1.6108,0.75749
1.6113,0.75734
1.6118,0.7573
1.6123,0.75769
1.6128,0.75819
1.6133,0.75844
1.6138,0.75843
1.6143,0.75834
1.6148,0.75827
1.6153,0.75837
1.6158,0.75866
1.6163,0.75891
1.6168,0.75912
1.6173,0.75962
1.6178,0.76041
1.6184,0.76094
1.6189,0.76104
1.6194,0.76105
1.6199,0.7612
1.6204,0.76158
1.6209,0.76218
1.6214,0.76268
1.6219,0.76292
1.6224,0.76306
1.6229,0.76308
1.6234,0.76291
1.6239,0.7627
1.6244,0.76253
1.6249,0.7625
1.6255,0.76283
1.626,0.76336
1.6265,0.76369
1.627,0.76383
1.6275,0.76399
1.628,0.76413
1.6285,0.76422
1.629,0.76439
1.6295,0.76464
1.6301,0.76487
1.6306,0.76509
1.6311,0.76531
1.6316,0.7654
1.6321,0.7656
1.6326,0.76613
1.6331,0.76663
1.6337,0.76667
1.6342,0.7665
1.6347,0.76657
1.6352,0.76678
1.6357,0.76694
1.6362,0.76705
1.6367,0.76714
1.6373,0.76732
1.6378,0.76758
1.6383,0.76763
1.6388,0.76739
1.6393,0.76734
1.6398,0.76769
1.6404,0.76807
1.6409,0.76825
1.6414,0.76838
1.6419,0.7686
1.6424,0.76891
1.643,0.76924
1.6435,0.7697
1.644,0.7704
1.6445,0.771
1.6451,0.77105
1.6456,0.77066
1.6461,0.77037
1.6466,0.77045
1.6471,0.77085
1.6477,0.77129
1.6482,0.77153
1.6487,0.7716
1.6492,0.77165
1.6498,0.77175
1.6503,0.77186
1.6508,0.77184
1.6513,0.77161
1.6519,0.77149
1.6524,0.77187
1.6529,0.77249
1.6534,0.77279
1.654,0.77272
1.6545,0.7727
1.655,0.77293
1.6556,0.77317
1.6561,0.77341
1.6566,0.77363
1.6571,0.77367
1.6577,0.77373
1.6582,0.77406
1.6587,0.77443
1.6593,0.77455
1.6598,0.77444
1.6603,0.77447
1.6609,0.77497
1.6614,0.77543
1.6619,0.77529
1.6625,0.77508
1.663,0.77542
1.6635,0.77591
1.6641,0.77613
1.6646,0.77618
1.6651,0.77614
1.6657,0.77622
1.6662,0.77659
1.6667,0.77687
1.6673,0.77683
1.6678,0.77689
1.6683,0.77714
1.6689,0.77746
1.6694,0.77803
1.67,0.77863
1.6705,0.77859
1.671,0.77782
1.6716,0.77716
1.6721,0.77724
1.6726,0.77766
1.6732,0.77787
1.6737,0.77814
1.6743,0.77866
1.6748,0.77902
1.6753,0.77912
1.6759,0.77935
1.6764,0.77969
1.677,0.77968
1.6775,0.77936
1.6781,0.7793
1.6786,0.77963
1.6791,0.78001
1.6797,0.78019
1.6802,0.7801
1.6808,0.77996
1.6813,0.78025
1.6819,0.78084
1.6824,0.78109
1.683,0.78094
1.6835,0.78085
1.6841,0.78099
1.6846,0.78131
1.6851,0.78168
1.6857,0.78195
1.6862,0.78207
1.6868,0.78209
1.6873,0.78202
1.6879,0.78207
1.6884,0.78237
1.689,0.78271
1.6895,0.7828
1.6901,0.78273
1.6906,0.7827
1.6912,0.7827
1.6917,0.78277
1.6923,0.78297
1.6929,0.78315
1.6934,0.78323
1.694,0.78335
1.6945,0.78346
1.6951,0.78332
1.6956,0.78324
1.6962,0.78355
1.6967,0.7839
1.6973,0.78405
1.6978,0.78435
1.6984,0.78468
1.699,0.78464
1.6995,0.78461
1.7001,0.78498
1.7006,0.78515
1.7012,0.78484
1.7017,0.78477
1.7023,0.78523
1.7029,0.78553
1.7034,0.78538
1.704,0.7852
1.7045,0.78526
1.7051,0.78556
1.7057,0.78585
1.7062,0.78589
1.7068,0.78588
1.7073,0.786
1.7079,0.78604
1.7085,0.78582
1.709,0.78551
1.7096,0.78544
1.7102,0.78578
1.7107,0.78619
1.7113,0.78627
1.7119,0.78617
1.7124,0.78618
1.713,0.78618
1.7135,0.78612
1.7141,0.78615
1.7147,0.78617
1.7153,0.7861
1.7158,0.78627
1.7164,0.78664
1.717,0.78682
1.7175,0.78684
1.7181,0.7869
1.7187,0.78711
1.7192,0.78745
1.7198,0.7878
1.7204,0.78809
1.7209,0.78818
1.7215,0.78788
1.7221,0.78748
1.7227,0.78742
1.7232,0.7875
1.7238,0.78745
1.7244,0.78753
1.725,0.78782
1.7255,0.78806
1.7261,0.78836
1.7267,0.78877
1.7272,0.78889
1.7278,0.78886
1.7284,0.78898
1.729,0.78905
1.7296,0.78896
1.7301,0.78903
1.7307,0.78916
1.7313,0.78917
1.7319,0.78918
1.7324,0.78924
1.733,0.78932
1.7336,0.78943
1.7342,0.78948
1.7348,0.78953
1.7353,0.78984
1.7359,0.7903
1.7365,0.79071
1.7371,0.79107
1.7377,0.79138
1.7383,0.79148
1.7388,0.79134
1.7394,0.79107
1.74,0.79083
1.7406,0.79072
1.7412,0.79072
1.7418,0.79092
1.7423,0.79121
1.7429,0.79135
1.7435,0.79142
1.7441,0.79174
1.7447,0.79214
1.7453,0.79219
1.7459,0.79204
1.7464,0.79197
1.747,0.79178
1.7476,0.79166
1.7482,0.79191
1.7488,0.79214
1.7494,0.79216
1.75,0.79232
1.7506,0.79259
1.7512,0.79247
1.7518,0.79221
1.7524,0.79234
1.7529,0.79262
1.7535,0.79275
1.7541,0.79306
1.7547,0.79369
1.7553,0.79423
1.7559,0.79439
1.7565,0.79434
1.7571,0.79424
1.7577,0.79411
1.7583,0.79405
1.7589,0.79415
1.7595,0.79437
1.7601,0.7945
1.7607,0.7944
1.7613,0.79422
1.7619,0.79422
1.7625,0.79438
1.7631,0.79471
1.7637,0.79523
1.7643,0.79559
1.7649,0.79552
1.7655,0.7952
1.7661,0.79493
1.7667,0.79489
1.7673,0.79508
1.7679,0.7954
1.7685,0.79564
1.7691,0.79573
1.7697,0.79585
1.7703,0.79606
1.7709,0.79631
1.7715,0.79647
1.7721,0.79635
1.7727,0.79621
1.7733,0.79638
1.7739,0.79652
1.7745,0.79643
1.7751,0.79645
1.7758,0.79665
1.7764,0.79683
1.777,0.7971
1.7776,0.79751
1.7782,0.79801
1.7788,0.7984
1.7794,0.79842
1.78,0.79836
1.7806,0.79846
1.7812,0.79849
1.7819,0.79821
1.7825,0.79799
1.7831,0.79817
1.7837,0.79846
1.7843,0.79856
1.7849,0.79847
1.7855,0.79848
1.7862,0.79869
1.7868,0.79879
1.7874,0.79854
1.788,0.7983
1.7886,0.79828
1.7892,0.79823
1.7899,0.79815
1.7905,0.79826
1.7911,0.79847
1.7917,0.79872
1.7923,0.79908
1.7929,0.79953
1.7936,0.79982
1.7942,0.79981
1.7948,0.79969
1.7954,0.79947
1.7961,0.79917
1.7967,0.79911
1.7973,0.79929
1.7979,0.79959
1.7985,0.79994
1.7992,0.80014
1.7998,0.79988
1.8004,0.79937
1.801,0.79915
1.8017,0.79935
1.8023,0.79967
1.8029,0.7999
1.8036,0.79995
1.8042,0.79984
1.8048,0.79971
1.8054,0.79964
1.8061,0.7997
1.8067,0.79989
1.8073,0.79991
1.808,0.79969
1.8086,0.79967
1.8092,0.80015
1.8098,0.80066
1.8105,0.80064
1.8111,0.80044
1.8117,0.80038
1.8124,0.8003
1.813,0.80006
1.8136,0.7998
1.8143,0.79985
1.8149,0.8004
1.8155,0.80091
1.8162,0.8008
1.8168,0.80043
1.8175,0.80025
1.8181,0.80026
1.8187,0.80034
1.8194,0.80059
1.82,0.80096
1.8206,0.80105
1.8213,0.80104
1.8219,0.80136
1.8226,0.8019
1.8232,0.80197
1.8238,0.80146
1.8245,0.80091
1.8251,0.80092
1.8258,0.80144
1.8264,0.80174
1.8271,0.80147
1.8277,0.80121
1.8284,0.80128
1.829,0.8013
1.8296,0.80137
1.8303,0.80174
1.8309,0.80185
1.8316,0.80145
1.8322,0.80101
1.8329,0.80065
1.8335,0.80036
1.8342,0.80051
1.8348,0.80107
1.8355,0.80172
1.8361,0.80238
1.8368,0.80281
1.8374,0.80262
1.8381,0.80194
1.8387,0.80156
1.8394,0.80183
1.84,0.80219
1.8407,0.80222
1.8413,0.80239
1.842,0.80259
1.8426,0.80212
1.8433,0.80134
1.844,0.80095
1.8446,0.80083
1.8453,0.80081
1.8459,0.80131
1.8466,0.80222
1.8472,0.80292
1.8479,0.80297
1.8486,0.80234
1.8492,0.80155
1.8499,0.80121
1.8505,0.80115
1.8512,0.80104
1.8519,0.80113
1.8525,0.80179
1.8532,0.80255
1.8538,0.80268
1.8545,0.80213
1.8552,0.80162
1.8558,0.80169
1.8565,0.80225
1.8572,0.80253
1.8578,0.80229
1.8585,0.80209
1.8592,0.80234
1.8598,0.80268
1.8605,0.80272
1.8612,0.8025
1.8618,0.80222
1.8625,0.80197
1.8632,0.80182
1.8638,0.8019
1.8645,0.80228
1.8652,0.80246
1.8659,0.80231
1.8665,0.80245
1.8672,0.80307
1.8679,0.80339
1.8685,0.80296
1.8692,0.80262
1.8699,0.80314
1.8706,0.80398
1.8712,0.80424
1.8719,0.80396
1.8726,0.80399
1.8733,0.80403
1.8739,0.80353
1.8746,0.80297
1.8753,0.80303
1.876,0.80353
1.8767,0.80401
1.8773,0.80414
1.878,0.80377
1.8787,0.8034
1.8794,0.80346
1.8801,0.80361
1.8807,0.80356
1.8814,0.80341
1.8821,0.80338
1.8828,0.80372
1.8835,0.80422
1.8842,0.80441
1.8848,0.80421
1.8855,0.80399
1.8862,0.80386
1.8869,0.80359
1.8876,0.80313
1.8883,0.80278
1.889,0.8027
1.8897,0.80265
1.8903,0.80256
1.891,0.80265
1.8917,0.80289
1.8924,0.80298
1.8931,0.80297
1.8938,0.80298
1.8945,0.8028
1.8952,0.80236
1.8959,0.80206
1.8966,0.80212
1.8973,0.80222
1.898,0.80246
1.8986,0.803
1.8993,0.80332
1.9,0.80299
1.9007,0.80229
1.9014,0.80191
1.9021,0.80217
1.9028,0.80248
1.9035,0.8024
1.9042,0.80256
1.9049,0.80325
1.9056,0.80369
1.9063,0.80356
1.907,0.8031
1.9077,0.80262
1.9084,0.80234
1.9091,0.80241
1.9098,0.80251
1.9105,0.80272
1.9112,0.80318
1.9119,0.80331
1.9127,0.80311
1.9134,0.80313
1.9141,0.80307
1.9148,0.80292
1.9155,0.8031
1.9162,0.80344
1.9169,0.80344
1.9176,0.80346
1.9183,0.80353
1.919,0.80366
1.9197,0.80414
1.9204,0.80452
1.9212,0.8043
1.9219,0.80391
1.9226,0.80384
1.9233,0.80414
1.924,0.80433
1.9247,0.80422
1.9254,0.80411
1.9262,0.80426
1.9269,0.80445
1.9276,0.80456
1.9283,0.80469
1.929,0.80466
1.9297,0.80437
1.9305,0.80399
1.9312,0.80377
1.9319,0.80385
1.9326,0.80414
1.9333,0.80443
1.9341,0.80451
1.9348,0.80453
1.9355,0.80458
1.9362,0.80474
1.9369,0.80491
1.9377,0.80496
1.9384,0.80492
1.9391,0.80491
1.9398,0.80489
1.9406,0.80479
1.9413,0.80484
1.942,0.80496
1.9428,0.80485
1.9435,0.80482
1.9442,0.8049
1.9449,0.80493
1.9457,0.80488
1.9464,0.80482
1.9471,0.80471
1.9479,0.80441
1.9486,0.80415
1.9493,0.80413
1.9501,0.80435
1.9508,0.80457
1.9515,0.80468
1.9523,0.80456
1.953,0.80431
1.9537,0.80423
1.9545,0.80445
1.9552,0.80482
1.9559,0.80503
1.9567,0.80495
1.9574,0.80492
1.9582,0.80506
1.9589,0.80509
1.9596,0.80504
1.9604,0.80504
1.9611,0.80519
1.9619,0.80534
1.9626,0.80513
1.9633,0.80471
1.9641,0.80447
1.9648,0.80458
1.9656,0.8049
1.9663,0.80512
1.9671,0.80502
1.9678,0.80474
1.9686,0.80457
1.9693,0.80471
1.9701,0.80491
1.9708,0.80496
1.9716,0.80501
1.9723,0.80515
1.9731,0.80528
1.9738,0.80536
1.9746,0.80536
1.9753,0.80544
1.9761,0.80563
1.9768,0.80587
1.9776,0.80592
1.9783,0.80571
1.9791,0.80554
1.9798,0.80585
1.9806,0.80647
1.9814,0.80677
1.9821,0.80665
1.9829,0.8065
1.9836,0.80637
1.9844,0.8062
1.9851,0.80605
1.9859,0.8061
1.9867,0.80638
1.9874,0.80664
1.9882,0.80667
1.989,0.80645
1.9897,0.80618
1.9905,0.80603
1.9912,0.80601
1.992,0.80606
1.9928,0.80617
1.9935,0.80639
1.9943,0.8065
1.9951,0.80638
1.9958,0.80611
1.9966,0.80602
1.9974,0.80604
1.9982,0.80595
1.9989,0.80579
1.9997,0.80581
2.0005,0.80613
2.0012,0.80638
2.002,0.80645
2.0028,0.80645
2.0036,0.80642
2.0043,0.80629
2.0051,0.80632
2.0059,0.80651
2.0067,0.80651
2.0074,0.80631
2.0082,0.8062
2.009,0.80633
2.0098,0.80653
2.0105,0.80677
2.0113,0.80694
2.0121,0.80687
2.0129,0.80656
2.0137,0.80621
2.0145,0.806
2.0152,0.80596
2.016,0.80602
2.0168,0.80605
2.0176,0.80599
2.0184,0.80595
2.0192,0.80602
2.0199,0.80627
2.0207,0.80664
2.0215,0.80671
2.0223,0.80635
2.0231,0.80609
2.0239,0.80625
2.0247,0.80656
2.0255,0.80654
2.0263,0.80653
2.0271,0.80689
2.0278,0.80723
2.0286,0.80718
2.0294,0.80714
2.0302,0.80726
2.031,0.80716
2.0318,0.80679
2.0326,0.8068
2.0334,0.80721
2.0342,0.80761
2.035,0.80776
2.0358,0.80773
2.0366,0.80748
2.0374,0.80732
2.0382,0.80757
2.039,0.80806
2.0398,0.80842
2.0406,0.80843
2.0414,0.80808
2.0422,0.80755
2.043,0.80723
2.0438,0.80729
2.0446,0.80751
2.0454,0.80774
2.0463,0.80799
2.0471,0.80812
2.0479,0.80814
2.0487,0.80802
2.0495,0.80796
2.0503,0.80797
2.0511,0.80789
2.0519,0.80766
2.0527,0.80758
2.0535,0.80781
2.0544,0.80811
2.0552,0.80806
2.056,0.80781
2.0568,0.80775
2.0576,0.80798
2.0584,0.80801
2.0593,0.80783
2.0601,0.80774
2.0609,0.80772
2.0617,0.80755
2.0625,0.80759
2.0634,0.80784
2.0642,0.80802
2.065,0.80811
2.0658,0.80806
2.0666,0.80812
2.0675,0.80832
2.0683,0.80857
2.0691,0.80863
2.0699,0.8084
2.0708,0.80816
2.0716,0.80793
2.0724,0.80784
2.0733,0.80795
2.0741,0.8082
2.0749,0.80842
2.0757,0.80839
2.0766,0.8082
2.0774,0.80804
2.0782,0.80804
2.0791,0.80826
2.0799,0.80853
2.0807,0.80857
2.0816,0.80838
2.0824,0.80834
2.0832,0.80853
2.0841,0.80862
2.0849,0.80848
2.0858,0.80841
2.0866,0.80857
2.0874,0.80866
2.0883,0.8086
2.0891,0.80862
2.09,0.80876
2.0908,0.80886
2.0917,0.80906
2.0925,0.80925
2.0933,0.80935
2.0942,0.80946
2.095,0.80957
2.0959,0.80956
2.0967,0.80947
2.0976,0.80963
2.0984,0.8099
2.0993,0.81006
2.1001,0.81001
2.101,0.80999
2.1018,0.81004
2.1027,0.81027
2.1035,0.81027
2.1044,0.81019
2.1052,0.81015
2.1061,0.81003
2.1069,0.80993
2.1078,0.80981
2.1087,0.80964
2.1095,0.80965
2.1104,0.80992
2.1112,0.81015
2.1121,0.81001
2.113,0.80962
2.1138,0.80956
2.1147,0.80978
2.1155,0.80982
2.1164,0.80988
2.1173,0.81022
2.1181,0.81053
2.119,0.81066
2.1199,0.81058
2.1207,0.81076
2.1216,0.81121
2.1225,0.81145
2.1233,0.81114
2.1242,0.81085
2.1251,0.81116
2.126,0.81144
2.1268,0.81146
2.1277,0.81117
2.1286,0.81096
2.1294,0.81077
2.1303,0.81075
2.1312,0.81114
2.1321,0.81159
2.133,0.8118
2.1338,0.81162
2.1347,0.81151
2.1356,0.81151
2.1365,0.81141
2.1373,0.81118
2.1382,0.81105
2.1391,0.81108
2.14,0.8112
2.1409,0.81117
2.1418,0.81107
2.1426,0.81112
2.1435,0.81134
2.1444,0.81168
2.1453,0.81206
2.1462,0.81225
2.1471,0.81196
2.148,0.81148
2.1489,0.81111
2.1498,0.81116
2.1506,0.81112
2.1515,0.81081
2.1524,0.81064
2.1533,0.81079
2.1542,0.81115
2.1551,0.81144
2.156,0.81126
2.1569,0.81095
2.1578,0.8108
2.1587,0.81065
2.1596,0.81048
2.1605,0.8103
2.1614,0.81015
2.1623,0.81008
2.1632,0.81001
2.1641,0.80998
2.165,0.80988
2.1659,0.81003
2.1668,0.80995
2.1677,0.80975
2.1686,0.80964
2.1695,0.80976
2.1704,0.81014
2.1714,0.81055
2.1723,0.8106
2.1732,0.81037
2.1741,0.81028
2.175,0.81043
2.1759,0.81075
2.1768,0.811
2.1777,0.81105
2.1787,0.81117
2.1796,0.81132
2.1805,0.81108
2.1814,0.81064
2.1823,0.81037
2.1832,0.81022
2.1842,0.8103
2.1851,0.8107
2.186,0.81062
2.1869,0.81023
2.1878,0.81007
2.1888,0.81036
2.1897,0.81043
2.1906,0.81013
2.1916,0.80987
2.1925,0.80996
2.1934,0.81005
2.1943,0.80982
2.1953,0.80949
2.1962,0.80924
2.1971,0.80915
2.1981,0.80933
2.199,0.80968
2.1999,0.80991
2.2008,0.80975
2.2018,0.80955
2.2027,0.80953
2.2037,0.80943
2.2046,0.80931
2.2055,0.80932
2.2065,0.80949
2.2074,0.80973
2.2083,0.80965
2.2093,0.80912
2.2102,0.80885
2.2112,0.8093
2.2121,0.81005
2.2131,0.81054
2.214,0.81058
2.215,0.81043
2.2159,0.81021
2.2168,0.81025
2.2178,0.81025
2.2187,0.81036
2.2197,0.81071
2.2206,0.81105
2.2216,0.81117
2.2225,0.81116
2.2235,0.81094
2.2245,0.81055
2.2254,0.81048
2.2264,0.81084
2.2273,0.8111
2.2283,0.81111
2.2292,0.81107
2.2302,0.81095
2.2312,0.81074
2.2321,0.81035
2.2331,0.81
2.234,0.80974
2.235,0.80962
2.236,0.80951
2.2369,0.80959
2.2379,0.80983
2.2389,0.80976
2.2398,0.80938
2.2408,0.80915
2.2418,0.80916
2.2427,0.809
2.2437,0.80864
2.2447,0.80833
2.2456,0.80832
2.2466,0.80848
2.2476,0.8086
2.2486,0.80852
2.2495,0.80815
2.2505,0.80781
2.2515,0.80783
2.2525,0.80779
2.2535,0.80729
2.2544,0.80682
2.2554,0.80668
2.2564,0.80656
2.2574,0.80624
2.2584,0.80592
2.2593,0.8058
2.2603,0.80577
2.2613,0.80571
2.2623,0.8056
2.2633,0.80562
2.2643,0.8057
2.2653,0.80564
2.2663,0.80541
2.2672,0.8052
2.2682,0.80502
2.2692,0.80473
2.2702,0.80403
2.2712,0.80329
2.2722,0.80289
2.2732,0.80307
2.2742,0.8036
2.2752,0.80397
2.2762,0.80403
2.2772,0.80392
2.2782,0.80378
2.2792,0.80374
2.2802,0.80362
2.2812,0.80336
2.2822,0.80294
2.2832,0.80265
2.2842,0.80237
2.2852,0.802
2.2862,0.80158
2.2873,0.80144
2.2883,0.80139
2.2893,0.80125
2.2903,0.80108
2.2913,0.80071
2.2923,0.80047
2.2933,0.80032
2.2943,0.80005
2.2954,0.79969
2.2964,0.79942
2.2974,0.79887
2.2984,0.79808
2.2994,0.7977
2.3004,0.79773
2.3015,0.79746
2.3025,0.79704
2.3035,0.79671
2.3045,0.79628
2.3056,0.79594
2.3066,0.7957
2.3076,0.79531
2.3086,0.79475
2.3097,0.7942
2.3107,0.79357
2.3117,0.79251
2.3128,0.79146
2.3138,0.79098
2.3148,0.79134
2.3159,0.79274
2.3169,0.7942
2.3179,0.79518
2.319,0.79571
2.32,0.79647
2.321,0.79733
2.3221,0.79796
2.3231,0.7982
2.3242,0.79833
2.3252,0.79869
2.3262,0.79873
2.3273,0.79884
2.3283,0.79889
2.3294,0.79877
2.3304,0.79868
2.3315,0.79867
2.3325,0.79875
2.3336,0.79882
2.3346,0.79864
2.3357,0.79832
2.3367,0.79808
2.3378,0.79808
2.3388,0.7982
2.3399,0.7985
2.341,0.79862
2.342,0.79835
2.3431,0.79798
2.3441,0.79768
2.3452,0.7972
2.3462,0.79689
2.3473,0.79677
2.3484,0.79636
2.3494,0.79578
2.3505,0.79553
2.3516,0.7956
2.3526,0.7958
2.3537,0.79641
2.3548,0.7973
2.3558,0.79803
2.3569,0.79833
2.358,0.79853
2.3591,0.79902
2.3601,0.7998
2.3612,0.80016
2.3623,0.80044
2.3634,0.80063
2.3644,0.80052
2.3655,0.80018
2.3666,0.79984
2.3677,0.79984
2.3688,0.80014
2.3698,0.80021
2.3709,0.79976
2.372,0.7993
2.3731,0.79912
2.3742,0.79923
2.3753,0.79948
2.3764,0.79968
2.3774,0.79977
2.3785,0.79972
2.3796,0.79922
2.3807,0.79863
2.3818,0.79823
2.3829,0.79798
2.384,0.79785
2.3851,0.79794
2.3862,0.79819
2.3873,0.7983
2.3884,0.7983
2.3895,0.79863
2.3906,0.79938
2.3917,0.79979
2.3928,0.79946
2.3939,0.79892
2.395,0.79864
2.3961,0.79865
2.3972,0.7987
2.3983,0.79885
2.3994,0.79881
2.4006,0.79857
2.4017,0.79836
2.4028,0.79835
2.4039,0.79835
2.405,0.7984
2.4061,0.79834
2.4072,0.79847
2.4084,0.79861
2.4095,0.79849
2.4106,0.79852
2.4117,0.7988
2.4128,0.79903
2.414,0.79907
2.4151,0.79898
2.4162,0.79891
2.4173,0.79891
2.4185,0.79887
2.4196,0.79893
2.4207,0.79907
2.4219,0.79871
2.423,0.79819
2.4241,0.79809
2.4253,0.79837
2.4264,0.79894
2.4275,0.79903
2.4287,0.79859
2.4298,0.79803
2.4309,0.79755
2.4321,0.7972
2.4332,0.79721
2.4344,0.79716
2.4355,0.79726
2.4367,0.79731
2.4378,0.79749
2.4389,0.79776
2.4401,0.79752
2.4412,0.7971
2.4424,0.79697
2.4435,0.79698
2.4447,0.7967
2.4458,0.79667
2.447,0.79632
2.4482,0.79625
2.4493,0.79603
2.4505,0.7955
2.4516,0.79538
2.4528,0.79545
2.454,0.79616
2.4551,0.79655
2.4563,0.79643
2.4574,0.79625
2.4586,0.79593
2.4598,0.79555
2.4609,0.79556
2.4621,0.79588
2.4633,0.79596
2.4645,0.79597
2.4656,0.79556
2.4668,0.79566
2.468,0.79551
2.4691,0.79556
2.4703,0.79606
2.4715,0.79645
2.4727,0.79629
2.4739,0.79662
2.475,0.7964
2.4762,0.79606
2.4774,0.79697
2.4786,0.79754
2.4798,0.79663
2.481,0.79628
2.4821,0.79643
2.4833,0.79728
2.4845,0.7976
2.4857,0.7977
2.4869,0.79777
2.4881,0.79677
2.4893,0.79858
2.4905,0.79797
2.4917,0.79742
2.4929,0.79884
2.4929,0.79956
2.4941,0.80107
2.4953,0.80283
2.4965,0.80354
2.4977,0.80261
2.4989,0.80175
2.5001,0.80276
2.5013,0.80415
2.5025,0.8043
2.5037,0.80406
2.5049,0.80391
2.5061,0.80372
2.5074,0.80439
2.5086,0.80587
2.5098,0.80678
2.511,0.80628
2.5122,0.8042
2.5134,0.8022
2.5146,0.80314
2.5159,0.80638
2.5171,0.80851
2.5183,0.80878
2.5195,0.80881
2.5208,0.80947
2.522,0.81078
2.5232,0.81218
2.5244,0.81269
2.5257,0.81211
2.5269,0.81104
2.5281,0.81035
2.5294,0.81073
2.5306,0.81167
2.5318,0.81214
2.5331,0.81224
2.5343,0.81242
2.5356,0.81259
2.5368,0.81268
2.538,0.81272
2.5393,0.81268
2.5405,0.81256
2.5418,0.8122
2.543,0.812
2.5443,0.81256
2.5455,0.81314
2.5468,0.81279
2.548,0.81239
2.5493,0.81303
2.5505,0.81432
2.5518,0.81573
2.553,0.81699
2.5543,0.81716
2.5555,0.81582
2.5568,0.81432
2.5581,0.81465
2.5593,0.81687
2.5606,0.81872
2.5619,0.8187
2.5631,0.81823
2.5644,0.81888
2.5657,0.81994
2.5669,0.82032
2.5682,0.82035
2.5695,0.82045
2.5708,0.82072
2.572,0.82134
2.5733,0.82191
2.5746,0.82194
2.5759,0.82205
2.5771,0.82284
2.5784,0.82353
2.5797,0.82361
2.581,0.82372
2.5823,0.82412
2.5836,0.8243
2.5848,0.82389
2.5861,0.82312
2.5874,0.82271
2.5887,0.82321
2.59,0.82415
2.5913,0.82479
2.5926,0.82514
2.5939,0.82536
2.5952,0.82553
2.5965,0.82622
2.5978,0.82768
2.5991,0.82895
