KC-OPX-hm_0,
W,R
0.50012,0.31293
0.50031,0.32686
0.5005,0.32233
0.5007,0.30206
0.50089,0.28996
0.50108,0.28761
0.50128,0.28593
0.50147,0.2895
0.50166,0.30082
0.50186,0.31245
0.50205,0.3142
0.50225,0.30707
0.50244,0.29765
0.50264,0.28747
0.50283,0.28291
0.50303,0.28542
0.50322,0.28136
0.50342,0.27712
0.50361,0.28548
0.50381,0.2897
0.50401,0.28881
0.5042,0.29714
0.5044,0.30209
0.50459,0.29778
0.50479,0.29713
0.50499,0.29893
0.50518,0.29681
0.50538,0.29306
0.50558,0.2878
0.50577,0.28304
0.50597,0.2881
0.50617,0.30097
0.50637,0.30514
0.50657,0.30494
0.50676,0.30871
0.50696,0.30626
0.50716,0.30213
0.50736,0.29861
0.50756,0.28944
0.50776,0.28755
0.50795,0.29618
0.50815,0.30117
0.50835,0.29727
0.50855,0.2944
0.50875,0.29367
0.50895,0.28721
0.50915,0.2863
0.50935,0.29571
0.50955,0.30005
0.50975,0.30077
0.50995,0.3053
0.51015,0.30836
0.51035,0.30732
0.51056,0.30401
0.51076,0.30281
0.51096,0.30408
0.51116,0.30093
0.51136,0.30112
0.51156,0.31014
0.51177,0.30888
0.51197,0.29465
0.51217,0.28747
0.51237,0.29374
0.51257,0.30314
0.51278,0.30326
0.51298,0.29791
0.51318,0.29853
0.51339,0.29666
0.51359,0.29346
0.51379,0.29838
0.514,0.29833
0.5142,0.29836
0.51441,0.30515
0.51461,0.30722
0.51481,0.30192
0.51502,0.29308
0.51522,0.29244
0.51543,0.29739
0.51563,0.29934
0.51584,0.29996
0.51604,0.29805
0.51625,0.29408
0.51645,0.28676
0.51666,0.284
0.51687,0.29237
0.51707,0.30429
0.51728,0.30863
0.51749,0.30384
0.51769,0.30339
0.5179,0.30945
0.51811,0.31407
0.51831,0.31016
0.51852,0.30258
0.51873,0.3011
0.51894,0.30435
0.51914,0.31176
0.51935,0.31438
0.51956,0.3113
0.51977,0.30853
0.51998,0.3085
0.52018,0.3131
0.52039,0.31017
0.5206,0.30256
0.52081,0.2989
0.52102,0.29679
0.52123,0.29465
0.52144,0.29375
0.52165,0.29681
0.52186,0.29598
0.52207,0.2977
0.52228,0.30664
0.52249,0.3077
0.5227,0.30348
0.52291,0.30634
0.52312,0.31144
0.52333,0.30748
0.52355,0.30148
0.52376,0.30333
0.52397,0.30859
0.52418,0.3096
0.52439,0.30814
0.52461,0.3128
0.52482,0.31542
0.52503,0.31256
0.52524,0.31312
0.52546,0.30879
0.52567,0.29988
0.52588,0.30031
0.5261,0.30571
0.52631,0.30596
0.52652,0.30566
0.52674,0.30532
0.52695,0.30363
0.52717,0.30699
0.52738,0.30995
0.5276,0.30594
0.52781,0.30094
0.52802,0.29959
0.52824,0.30146
0.52846,0.3041
0.52867,0.30785
0.52889,0.31213
0.5291,0.3103
0.52932,0.30538
0.52953,0.30769
0.52975,0.31431
0.52997,0.31647
0.53018,0.3131
0.5304,0.31187
0.53062,0.31379
0.53084,0.31003
0.53105,0.3066
0.53127,0.30864
0.53149,0.30944
0.53171,0.3074
0.53192,0.30502
0.53214,0.30519
0.53236,0.30733
0.53258,0.31204
0.5328,0.31691
0.53302,0.31601
0.53324,0.3121
0.53346,0.30598
0.53368,0.30481
0.5339,0.30999
0.53412,0.30763
0.53434,0.30595
0.53456,0.3086
0.53478,0.30819
0.535,0.30817
0.53522,0.30428
0.53544,0.29946
0.53566,0.3026
0.53588,0.30915
0.5361,0.30854
0.53633,0.3039
0.53655,0.30441
0.53677,0.30464
0.53699,0.3054
0.53722,0.30821
0.53744,0.30723
0.53766,0.30566
0.53788,0.30571
0.53811,0.30654
0.53833,0.3076
0.53855,0.30791
0.53878,0.30737
0.539,0.30871
0.53923,0.31134
0.53945,0.31202
0.53968,0.31031
0.5399,0.30925
0.54013,0.315
0.54035,0.31908
0.54058,0.3159
0.5408,0.31299
0.54103,0.3132
0.54125,0.31477
0.54148,0.31251
0.54171,0.31277
0.54193,0.31661
0.54216,0.31747
0.54239,0.31859
0.54261,0.31841
0.54284,0.31785
0.54307,0.31556
0.54329,0.30964
0.54352,0.30711
0.54375,0.30898
0.54398,0.30841
0.54421,0.30577
0.54444,0.3063
0.54466,0.30697
0.54489,0.3101
0.54512,0.31246
0.54535,0.30878
0.54558,0.30791
0.54581,0.30929
0.54604,0.30982
0.54627,0.30992
0.5465,0.30959
0.54673,0.30972
0.54696,0.30973
0.54719,0.31071
0.54742,0.30994
0.54766,0.30947
0.54789,0.31032
0.54812,0.30922
0.54835,0.30883
0.54858,0.30989
0.54881,0.31116
0.54905,0.30862
0.54928,0.30593
0.54951,0.31068
0.54975,0.31389
0.54998,0.31084
0.55021,0.30968
0.55045,0.3105
0.55068,0.30918
0.55091,0.30742
0.55115,0.30613
0.55138,0.30705
0.55162,0.30905
0.55185,0.30822
0.55209,0.31004
0.55232,0.31365
0.55256,0.31304
0.55279,0.31143
0.55303,0.31337
0.55327,0.31627
0.5535,0.31239
0.55374,0.3081
0.55397,0.30832
0.55421,0.30854
0.55445,0.31124
0.55469,0.31229
0.55492,0.31171
0.55516,0.31249
0.5554,0.31141
0.55564,0.31144
0.55588,0.31094
0.55611,0.30949
0.55635,0.31159
0.55659,0.31436
0.55683,0.31409
0.55707,0.31284
0.55731,0.31138
0.55755,0.30898
0.55779,0.30814
0.55803,0.30851
0.55827,0.30955
0.55851,0.31094
0.55875,0.31166
0.55899,0.31277
0.55923,0.31336
0.55947,0.31286
0.55972,0.3134
0.55996,0.31656
0.5602,0.31751
0.56044,0.31511
0.56068,0.31506
0.56093,0.31622
0.56117,0.3171
0.56141,0.31837
0.56166,0.31712
0.5619,0.31313
0.56214,0.31159
0.56239,0.31334
0.56263,0.31579
0.56287,0.31666
0.56312,0.3152
0.56336,0.31608
0.56361,0.31795
0.56385,0.31825
0.5641,0.31726
0.56435,0.31573
0.56459,0.31626
0.56484,0.31563
0.56508,0.31443
0.56533,0.31463
0.56558,0.31569
0.56582,0.31662
0.56607,0.31483
0.56632,0.31368
0.56657,0.31326
0.56681,0.31349
0.56706,0.31576
0.56731,0.31605
0.56756,0.31563
0.56781,0.31668
0.56805,0.31687
0.5683,0.31866
0.56855,0.32171
0.5688,0.32018
0.56905,0.317
0.5693,0.31509
0.56955,0.3146
0.5698,0.31645
0.57005,0.31863
0.5703,0.32045
0.57056,0.319
0.57081,0.31543
0.57106,0.31464
0.57131,0.31617
0.57156,0.31679
0.57181,0.31677
0.57207,0.31831
0.57232,0.31817
0.57257,0.31721
0.57282,0.31882
0.57308,0.3224
0.57333,0.32494
0.57358,0.32422
0.57384,0.32263
0.57409,0.31947
0.57435,0.3164
0.5746,0.31601
0.57486,0.31843
0.57511,0.32101
0.57537,0.31822
0.57562,0.31514
0.57588,0.31774
0.57613,0.32064
0.57639,0.3198
0.57665,0.32027
0.5769,0.32165
0.57716,0.32125
0.57742,0.32194
0.57767,0.32194
0.57793,0.32215
0.57819,0.32306
0.57845,0.32273
0.57871,0.32239
0.57896,0.32237
0.57922,0.32348
0.57948,0.32395
0.57974,0.32342
0.58,0.32263
0.58026,0.3225
0.58052,0.32282
0.58078,0.32098
0.58104,0.32011
0.5813,0.32124
0.58156,0.3222
0.58182,0.32351
0.58208,0.32359
0.58235,0.32187
0.58261,0.32209
0.58287,0.32371
0.58313,0.32393
0.58339,0.32492
0.58366,0.325
0.58392,0.32269
0.58418,0.32158
0.58445,0.32195
0.58471,0.32212
0.58497,0.32158
0.58524,0.32091
0.5855,0.32137
0.58577,0.3231
0.58603,0.32412
0.5863,0.32522
0.58656,0.32789
0.58683,0.32933
0.58709,0.32938
0.58736,0.32795
0.58763,0.32538
0.58789,0.32595
0.58816,0.32702
0.58843,0.32472
0.58869,0.32331
0.58896,0.3239
0.58923,0.32339
0.5895,0.32365
0.58976,0.32624
0.59003,0.32776
0.5903,0.32729
0.59057,0.32649
0.59084,0.32588
0.59111,0.32553
0.59138,0.32412
0.59165,0.32329
0.59192,0.32434
0.59219,0.32536
0.59246,0.32605
0.59273,0.32645
0.593,0.32675
0.59327,0.32648
0.59354,0.32599
0.59382,0.32468
0.59409,0.32308
0.59436,0.32369
0.59463,0.32485
0.59491,0.32672
0.59518,0.32816
0.59545,0.32772
0.59573,0.32748
0.596,0.32733
0.59627,0.32679
0.59655,0.32675
0.59682,0.328
0.5971,0.32854
0.59737,0.32971
0.59765,0.33026
0.59792,0.32746
0.5982,0.32659
0.59848,0.32894
0.59875,0.33127
0.59903,0.3311
0.59931,0.32964
0.59958,0.32848
0.59986,0.32819
0.60014,0.32836
0.60042,0.32735
0.6007,0.32832
0.60097,0.32895
0.60125,0.32817
0.60153,0.32812
0.60181,0.32773
0.60209,0.32807
0.60237,0.32928
0.60265,0.33083
0.60293,0.32932
0.60321,0.32756
0.60349,0.32863
0.60377,0.32933
0.60405,0.32965
0.60434,0.32895
0.60462,0.3283
0.6049,0.32922
0.60518,0.33135
0.60547,0.33151
0.60575,0.33082
0.60603,0.33081
0.60631,0.32964
0.6066,0.32993
0.60688,0.32936
0.60717,0.32862
0.60745,0.32898
0.60774,0.32999
0.60802,0.33218
0.60831,0.3325
0.60859,0.33252
0.60888,0.3323
0.60916,0.33235
0.60945,0.3328
0.60974,0.33256
0.61002,0.33169
0.61031,0.33076
0.6106,0.33166
0.61089,0.332
0.61117,0.33204
0.61146,0.33126
0.61175,0.33123
0.61204,0.33303
0.61233,0.3343
0.61262,0.33389
0.61291,0.33111
0.6132,0.33214
0.61349,0.33415
0.61378,0.33433
0.61407,0.33413
0.61436,0.3332
0.61465,0.33435
0.61494,0.33433
0.61524,0.33445
0.61553,0.33445
0.61582,0.33368
0.61611,0.33369
0.61641,0.33371
0.6167,0.33452
0.61699,0.33412
0.61729,0.33444
0.61758,0.33475
0.61787,0.33589
0.61817,0.33729
0.61846,0.33713
0.61876,0.33765
0.61905,0.33649
0.61935,0.33626
0.61965,0.33633
0.61994,0.33604
0.62024,0.33582
0.62054,0.33571
0.62083,0.3363
0.62113,0.33551
0.62143,0.33581
0.62173,0.33433
0.62203,0.3343
0.62232,0.33645
0.62262,0.33687
0.62292,0.33764
0.62322,0.337
0.62352,0.33801
0.62382,0.33858
0.62412,0.33831
0.62442,0.33859
0.62472,0.33806
0.62502,0.33906
0.62533,0.34026
0.62563,0.34167
0.62593,0.34042
0.62623,0.33884
0.62654,0.33851
0.62684,0.33811
0.62714,0.33985
0.62744,0.34071
0.62775,0.34174
0.62805,0.34093
0.62836,0.33842
0.62866,0.33817
0.62897,0.33905
0.62927,0.34034
0.62958,0.33935
0.62988,0.33808
0.63019,0.3383
0.6305,0.33758
0.6308,0.33836
0.63111,0.34028
0.63142,0.34213
0.63173,0.34256
0.63203,0.34203
0.63234,0.33358
0.63265,0.37103
0.63358,0.33404
0.63389,0.34153
0.6342,0.34302
0.63451,0.34171
0.63482,0.34161
0.63513,0.34124
0.63544,0.34194
0.63575,0.34313
0.63607,0.34207
0.63638,0.34246
0.63669,0.34169
0.637,0.34354
0.63732,0.34365
0.63763,0.34377
0.63794,0.3447
0.63826,0.34351
0.63857,0.34358
0.63889,0.34244
0.6392,0.34357
0.63952,0.34392
0.63983,0.34409
0.64015,0.34403
0.64046,0.3429
0.64078,0.3441
0.6411,0.34405
0.64142,0.34547
0.64173,0.34549
0.64205,0.34596
0.64237,0.34706
0.64269,0.3454
0.64301,0.34471
0.64333,0.34476
0.64364,0.34663
0.64396,0.34649
0.64428,0.34709
0.64461,0.34822
0.64493,0.34794
0.64525,0.34866
0.64557,0.34768
0.64589,0.34811
0.64621,0.34759
0.64653,0.34685
0.64686,0.34676
0.64718,0.3472
0.6475,0.34892
0.64783,0.34828
0.64815,0.34888
0.64847,0.34878
0.6488,0.34881
0.64912,0.34873
0.64945,0.34741
0.64978,0.34804
0.6501,0.34881
0.65043,0.35073
0.65075,0.3505
0.65108,0.34923
0.65141,0.34937
0.65173,0.35035
0.65206,0.35154
0.65239,0.35083
0.65272,0.35127
0.65305,0.35138
0.65338,0.35169
0.65371,0.35185
0.65404,0.35138
0.65437,0.35173
0.6547,0.35134
0.65503,0.35238
0.65536,0.35318
0.65569,0.35349
0.65602,0.35349
0.65635,0.35326
0.65669,0.35395
0.65702,0.35361
0.65735,0.35336
0.65769,0.35286
0.65802,0.3531
0.65836,0.35352
0.65869,0.35333
0.65902,0.35347
0.65936,0.35385
0.6597,0.35587
0.66003,0.35683
0.66037,0.35565
0.6607,0.35478
0.66104,0.35556
0.66138,0.35622
0.66172,0.35632
0.66205,0.35692
0.66239,0.35629
0.66273,0.35606
0.66307,0.35622
0.66341,0.35604
0.66375,0.35653
0.66409,0.35708
0.66443,0.35746
0.66477,0.35732
0.66511,0.35697
0.66545,0.35703
0.66579,0.3579
0.66614,0.35793
0.66648,0.35766
0.66682,0.35845
0.66716,0.35907
0.66751,0.35945
0.66785,0.35961
0.6682,0.35986
0.66854,0.35975
0.66889,0.35989
0.66923,0.36027
0.66958,0.36021
0.66992,0.36082
0.67027,0.3612
0.67062,0.36164
0.67096,0.36192
0.67131,0.36224
0.67166,0.36284
0.67201,0.36284
0.67236,0.36311
0.6727,0.36272
0.67305,0.36246
0.6734,0.36279
0.67375,0.36231
0.6741,0.36202
0.67445,0.36272
0.67481,0.36375
0.67516,0.364
0.67551,0.36366
0.67586,0.36307
0.67621,0.36337
0.67657,0.36434
0.67692,0.36445
0.67727,0.36464
0.67763,0.36495
0.67798,0.36524
0.67834,0.36587
0.67869,0.36589
0.67905,0.3655
0.6794,0.36583
0.67976,0.36655
0.68012,0.36684
0.68047,0.36656
0.68083,0.36607
0.68119,0.36578
0.68155,0.36643
0.6819,0.36777
0.68226,0.36787
0.68262,0.36718
0.68298,0.36741
0.68334,0.36792
0.6837,0.36786
0.68406,0.3675
0.68443,0.36749
0.68479,0.36812
0.68515,0.36859
0.68551,0.36847
0.68587,0.36873
0.68624,0.36915
0.6866,0.3694
0.68696,0.36995
0.68733,0.37068
0.68769,0.37126
0.68806,0.37069
0.68842,0.37007
0.68879,0.37062
0.68916,0.371
0.68952,0.37093
0.68989,0.37126
0.69026,0.37196
0.69062,0.37216
0.69099,0.37249
0.69136,0.37265
0.69173,0.37232
0.6921,0.37267
0.69247,0.37341
0.69284,0.37399
0.69321,0.37385
0.69358,0.3736
0.69395,0.37369
0.69432,0.37402
0.6947,0.37507
0.69507,0.37567
0.69544,0.37558
0.69581,0.37548
0.69619,0.37591
0.69656,0.37611
0.69694,0.37589
0.69731,0.3761
0.69769,0.3762
0.69806,0.37667
0.69844,0.37715
0.69881,0.37733
0.69919,0.37774
0.69957,0.37799
0.69995,0.37793
0.70032,0.37771
0.7007,0.37809
0.70108,0.37887
0.70146,0.37911
0.70184,0.37863
0.70222,0.37853
0.7026,0.37897
0.70298,0.37879
0.70336,0.37886
0.70375,0.37937
0.70413,0.37994
0.70451,0.38045
0.70489,0.38065
0.70528,0.38075
0.70566,0.38117
0.70605,0.3815
0.70643,0.38098
0.70682,0.38117
0.7072,0.38231
0.70759,0.38281
0.70797,0.38303
0.70836,0.38342
0.70875,0.38389
0.70914,0.38396
0.70952,0.38357
0.70991,0.38344
0.7103,0.38352
0.71069,0.3835
0.71108,0.38341
0.71147,0.38346
0.71186,0.38395
0.71225,0.38466
0.71265,0.38491
0.71304,0.38537
0.71343,0.3862
0.71382,0.38648
0.71422,0.38619
0.71461,0.38595
0.715,0.38581
0.7154,0.38548
0.71579,0.38586
0.71619,0.38687
0.71658,0.38761
0.71698,0.38818
0.71738,0.38818
0.71777,0.38743
0.71817,0.38686
0.71857,0.3868
0.71897,0.3871
0.71937,0.38836
0.71977,0.38951
0.72017,0.38956
0.72057,0.3895
0.72097,0.38961
0.72137,0.39004
0.72177,0.39052
0.72217,0.39059
0.72258,0.3907
0.72298,0.39088
0.72338,0.391
0.72379,0.39115
0.72419,0.39142
0.7246,0.39155
0.725,0.39158
0.72541,0.39185
0.72581,0.39185
0.72622,0.39141
0.72663,0.39173
0.72703,0.3925
0.72744,0.39277
0.72785,0.39296
0.72826,0.39266
0.72867,0.39242
0.72908,0.39309
0.72949,0.39364
0.7299,0.39385
0.73031,0.39389
0.73072,0.39426
0.73113,0.3947
0.73155,0.39443
0.73196,0.39422
0.73237,0.39462
0.73279,0.39501
0.7332,0.39514
0.73362,0.3951
0.73403,0.39496
0.73445,0.39494
0.73486,0.39526
0.73528,0.39542
0.7357,0.39505
0.73612,0.39525
0.73653,0.39593
0.73695,0.39562
0.73737,0.39553
0.73779,0.39623
0.73821,0.39625
0.73863,0.3959
0.73905,0.3958
0.73948,0.39576
0.7399,0.3956
0.74032,0.39563
0.74074,0.39603
0.74117,0.39643
0.74159,0.39679
0.74202,0.39711
0.74244,0.39725
0.74287,0.3971
0.74329,0.39685
0.74372,0.3967
0.74415,0.39662
0.74457,0.39681
0.745,0.39735
0.74543,0.39782
0.74586,0.39806
0.74629,0.39798
0.74672,0.39802
0.74715,0.39815
0.74758,0.39733
0.74801,0.39685
0.74844,0.39757
0.74887,0.39786
0.74931,0.39816
0.74974,0.3986
0.75017,0.39817
0.75061,0.39749
0.75104,0.39734
0.75148,0.39746
0.75191,0.3976
0.75235,0.39763
0.75279,0.39771
0.75323,0.39806
0.75366,0.39818
0.7541,0.39779
0.75454,0.39736
0.75498,0.39739
0.75542,0.39787
0.75586,0.39782
0.7563,0.39733
0.75674,0.39717
0.75719,0.39704
0.75763,0.39729
0.75807,0.39782
0.75851,0.39779
0.75896,0.39716
0.7594,0.39649
0.75985,0.39636
0.76029,0.39651
0.76074,0.3965
0.76119,0.39635
0.76163,0.39632
0.76208,0.3966
0.76253,0.39624
0.76298,0.39533
0.76343,0.39537
0.76388,0.39612
0.76433,0.39666
0.76478,0.3963
0.76523,0.39546
0.76568,0.39537
0.76614,0.39536
0.76659,0.39495
0.76704,0.39471
0.7675,0.39411
0.76795,0.39334
0.76841,0.39331
0.76886,0.39338
0.76932,0.39313
0.76977,0.39323
0.77023,0.39368
0.77069,0.39374
0.77115,0.39297
0.77161,0.39208
0.77207,0.39153
0.77253,0.39097
0.77299,0.39051
0.77345,0.39036
0.77391,0.39055
0.77437,0.39083
0.77484,0.39044
0.7753,0.38932
0.77576,0.38864
0.77623,0.38876
0.77669,0.38882
0.77716,0.38821
0.77762,0.38734
0.77809,0.38707
0.77856,0.38683
0.77903,0.3865
0.7795,0.38628
0.77996,0.38591
0.78043,0.38589
0.7809,0.38559
0.78138,0.38487
0.78185,0.38423
0.78232,0.38382
0.78279,0.38382
0.78326,0.38341
0.78374,0.38271
0.78421,0.3824
0.78469,0.38205
0.78516,0.38133
0.78564,0.38078
0.78611,0.38052
0.78659,0.37987
0.78707,0.37899
0.78755,0.37817
0.78803,0.37765
0.7885,0.37733
0.78898,0.37683
0.78946,0.37632
0.78995,0.37541
0.79043,0.37444
0.79091,0.37413
0.79139,0.37393
0.79188,0.3734
0.79236,0.37277
0.79284,0.37219
0.79333,0.37153
0.79382,0.37104
0.7943,0.37075
0.79479,0.3704
0.79528,0.36988
0.79576,0.36913
0.79625,0.36845
0.79674,0.36744
0.79723,0.36633
0.79772,0.36584
0.79822,0.36528
0.79871,0.36468
0.7992,0.36433
0.79969,0.36366
0.80019,0.36224
0.80068,0.36078
0.80117,0.36048
0.80167,0.36041
0.80217,0.35955
0.80266,0.35861
0.80316,0.35823
0.80366,0.35793
0.80416,0.35692
0.80466,0.35587
0.80516,0.3553
0.80566,0.35475
0.80616,0.35365
0.80666,0.35244
0.80716,0.35196
0.80766,0.35136
0.80817,0.35062
0.80867,0.35018
0.80918,0.34951
0.80968,0.34864
0.81019,0.34769
0.81069,0.34696
0.8112,0.34611
0.81171,0.34489
0.81222,0.34405
0.81273,0.34344
0.81324,0.34248
0.81375,0.34151
0.81426,0.34106
0.81477,0.34079
0.81528,0.34051
0.8158,0.33993
0.81631,0.33858
0.81682,0.33731
0.81734,0.33648
0.81786,0.33554
0.81837,0.33464
0.81889,0.33395
0.81941,0.33306
0.81992,0.33208
0.82044,0.33143
0.82096,0.33079
0.82148,0.33001
0.822,0.32936
0.82253,0.32848
0.82305,0.32724
0.82357,0.32614
0.82409,0.3254
0.82462,0.32478
0.82514,0.32412
0.82567,0.32336
0.8262,0.3225
0.82672,0.3214
0.82725,0.32038
0.82778,0.31974
0.82831,0.3191
0.82884,0.3183
0.82937,0.31742
0.8299,0.31656
0.83043,0.31582
0.83096,0.31487
0.8315,0.31359
0.83203,0.31249
0.83256,0.31189
0.8331,0.31139
0.83363,0.31049
0.83417,0.30957
0.83471,0.30917
0.83525,0.30869
0.83578,0.30775
0.83632,0.30668
0.83686,0.30556
0.8374,0.30456
0.83794,0.30377
0.83849,0.30311
0.83903,0.30242
0.83957,0.30182
0.84012,0.30135
0.84066,0.30052
0.84121,0.29965
0.84175,0.29905
0.8423,0.29845
0.84285,0.29784
0.8434,0.29699
0.84395,0.29588
0.8445,0.29487
0.84505,0.29422
0.8456,0.29351
0.84615,0.29236
0.8467,0.29138
0.84726,0.29089
0.84781,0.29042
0.84836,0.28957
0.84892,0.28863
0.84948,0.288
0.85003,0.28742
0.85059,0.28652
0.85115,0.28569
0.85171,0.28504
0.85227,0.28427
0.85283,0.28348
0.85339,0.28267
0.85395,0.28186
0.85452,0.2812
0.85508,0.28057
0.85564,0.2801
0.85621,0.27961
0.85678,0.27886
0.85734,0.27823
0.85791,0.27781
0.85848,0.27711
0.85905,0.27602
0.85962,0.27512
0.86019,0.27469
0.86076,0.2742
0.86133,0.27363
0.8619,0.27332
0.86248,0.2728
0.86305,0.27206
0.86362,0.27148
0.8642,0.27104
0.86478,0.27054
0.86535,0.26991
0.86593,0.26915
0.86651,0.26854
0.86709,0.26814
0.86767,0.26747
0.86825,0.26663
0.86883,0.26618
0.86942,0.26575
0.87,0.26511
0.87058,0.26447
0.87117,0.26375
0.87176,0.26313
0.87234,0.26261
0.87293,0.2619
0.87352,0.26131
0.87411,0.261
0.8747,0.26044
0.87529,0.25974
0.87588,0.25929
0.87647,0.25896
0.87706,0.25848
0.87766,0.25772
0.87825,0.25721
0.87885,0.25697
0.87944,0.25649
0.88004,0.256
0.88064,0.25563
0.88124,0.25523
0.88184,0.2547
0.88244,0.25421
0.88304,0.25386
0.88364,0.25349
0.88424,0.25315
0.88485,0.25277
0.88545,0.25235
0.88606,0.2519
0.88666,0.25148
0.88727,0.25127
0.88788,0.25097
0.88849,0.25055
0.8891,0.2502
0.88971,0.24976
0.89032,0.24942
0.89093,0.24932
0.89154,0.24899
0.89215,0.2485
0.89277,0.24815
0.89338,0.24769
0.894,0.24728
0.89462,0.24706
0.89524,0.24677
0.89585,0.24648
0.89647,0.24618
0.89709,0.24598
0.89772,0.24595
0.89834,0.24575
0.89896,0.24539
0.89958,0.24524
0.90021,0.24517
0.90083,0.24492
0.90146,0.24469
0.90209,0.24448
0.90272,0.24417
0.90335,0.24384
0.90398,0.24361
0.90461,0.24346
0.90524,0.24334
0.90587,0.24334
0.9065,0.24331
0.90714,0.24315
0.90777,0.24295
0.90841,0.24277
0.90905,0.24272
0.90968,0.24265
0.91032,0.24245
0.91096,0.2422
0.9116,0.24207
0.91225,0.24207
0.91289,0.24195
0.91353,0.24186
0.91418,0.24189
0.91482,0.24188
0.91547,0.2418
0.91611,0.24176
0.91676,0.24177
0.91741,0.24171
0.91806,0.24168
0.91871,0.2417
0.91936,0.24169
0.92001,0.24174
0.92067,0.2418
0.92132,0.24184
0.92198,0.24188
0.92263,0.24195
0.92329,0.24211
0.92395,0.24221
0.92461,0.24224
0.92527,0.24238
0.92593,0.24255
0.92659,0.24265
0.92725,0.24272
0.92792,0.24291
0.92858,0.24319
0.92925,0.24338
0.92991,0.24351
0.93058,0.24368
0.93125,0.24382
0.93192,0.24398
0.93259,0.24419
0.93326,0.24447
0.93393,0.24477
0.93461,0.24501
0.93528,0.24522
0.93596,0.24542
0.93663,0.24568
0.93731,0.24602
0.93799,0.24632
0.93867,0.24661
0.93935,0.24693
0.94003,0.24724
0.94071,0.24753
0.9414,0.24784
0.94208,0.24819
0.94276,0.24861
0.94345,0.24897
0.94414,0.2493
0.94483,0.24967
0.94551,0.25004
0.94621,0.25041
0.9469,0.25086
0.94759,0.25134
0.94828,0.25178
0.94898,0.2522
0.94967,0.25266
0.95037,0.25314
0.95106,0.25364
0.95176,0.25419
0.95246,0.25473
0.95316,0.25529
0.95386,0.2558
0.95457,0.25625
0.95527,0.25677
0.95597,0.2573
0.95668,0.25792
0.95739,0.25866
0.95809,0.25924
0.9588,0.25976
0.95951,0.26043
0.96022,0.26118
0.96094,0.26194
0.96165,0.26261
0.96236,0.26321
0.96308,0.26385
0.96379,0.26448
0.96451,0.26516
0.96523,0.26597
0.96595,0.26674
0.96667,0.26743
0.96739,0.26818
0.96811,0.26896
0.96883,0.26972
0.96956,0.27049
0.97029,0.27128
0.97101,0.27209
0.97174,0.2729
0.97247,0.2737
0.9732,0.27449
0.97393,0.27534
0.97466,0.27622
0.9754,0.27711
0.97613,0.27804
0.97687,0.27887
0.9776,0.27968
0.97834,0.28049
0.97908,0.28137
0.97982,0.28233
0.98056,0.28328
0.9813,0.28417
0.98205,0.28503
0.98279,0.28597
0.98354,0.28696
0.98428,0.28799
0.98503,0.28903
0.98578,0.28999
0.98653,0.29093
0.98728,0.29193
0.98803,0.29293
0.98879,0.29387
0.98954,0.29481
0.9903,0.2958
0.99106,0.29683
0.99181,0.29786
0.99257,0.29892
0.99333,0.3
0.9941,0.30105
0.99486,0.30212
0.99562,0.30323
0.99639,0.30428
0.99715,0.30534
0.99792,0.30655
0.99869,0.3078
0.99946,0.30902
1.0002,0.31023
1.001,0.31144
1.0018,0.31261
1.0026,0.31372
1.0033,0.31481
1.0041,0.31599
1.0047,0.31962
1.0049,0.31955
1.0051,0.31813
1.0053,0.31712
1.0055,0.31641
1.0057,0.3155
1.0059,0.31578
1.0061,0.31776
1.0062,0.31973
1.0064,0.32093
1.0066,0.3221
1.0068,0.32313
1.007,0.32345
1.0072,0.32299
1.0074,0.32173
1.0076,0.3203
1.0078,0.32002
1.008,0.32092
1.0082,0.32219
1.0084,0.32393
1.0086,0.3258
1.0088,0.32617
1.009,0.32479
1.0092,0.32362
1.0094,0.32374
1.0096,0.3242
1.0098,0.32428
1.01,0.32401
1.0102,0.32394
1.0104,0.32474
1.0106,0.32588
1.0108,0.32645
1.011,0.32717
1.0112,0.32837
1.0114,0.32828
1.0115,0.32696
1.0117,0.3271
1.0119,0.32906
1.0121,0.33059
1.0123,0.33066
1.0125,0.3301
1.0127,0.32974
1.0129,0.32942
1.0131,0.32884
1.0133,0.32867
1.0135,0.32932
1.0137,0.32995
1.0139,0.33055
1.0141,0.33187
1.0143,0.33314
1.0145,0.33326
1.0147,0.33284
1.0149,0.33268
1.0151,0.33321
1.0153,0.33466
1.0155,0.33552
1.0157,0.33422
1.0159,0.33258
1.0161,0.33323
1.0163,0.33518
1.0165,0.33606
1.0167,0.33563
1.0169,0.33473
1.0171,0.33388
1.0173,0.33368
1.0175,0.33394
1.0177,0.33382
1.0179,0.33412
1.0181,0.33595
1.0183,0.33733
1.0185,0.33643
1.0187,0.3357
1.0189,0.33771
1.0191,0.34063
1.0193,0.34199
1.0195,0.34226
1.0197,0.34245
1.0199,0.34253
1.0201,0.34264
1.0203,0.34283
1.0205,0.34254
1.0207,0.34177
1.0209,0.34174
1.0211,0.34303
1.0213,0.34448
1.0215,0.345
1.0217,0.34541
1.0219,0.34621
1.0221,0.34597
1.0223,0.34461
1.0225,0.3443
1.0227,0.34531
1.0229,0.34606
1.0231,0.34659
1.0233,0.34764
1.0235,0.34867
1.0237,0.34926
1.0239,0.34975
1.0241,0.3504
1.0243,0.35067
1.0245,0.34944
1.0247,0.34709
1.0249,0.34587
1.0251,0.3467
1.0254,0.34869
1.0256,0.35089
1.0258,0.35208
1.026,0.35181
1.0262,0.35135
1.0264,0.35091
1.0266,0.35031
1.0268,0.35137
1.027,0.35408
1.0272,0.35562
1.0274,0.35584
1.0276,0.35661
1.0278,0.35729
1.028,0.35638
1.0282,0.35439
1.0284,0.35289
1.0286,0.35294
1.0288,0.35415
1.029,0.35527
1.0292,0.35611
1.0294,0.3571
1.0296,0.3584
1.0298,0.36002
1.03,0.36123
1.0302,0.36118
1.0304,0.36018
1.0307,0.35894
1.0309,0.35862
1.0311,0.36016
1.0313,0.36186
1.0315,0.36176
1.0317,0.36146
1.0319,0.36248
1.0321,0.36339
1.0323,0.3636
1.0325,0.36406
1.0327,0.36438
1.0329,0.36371
1.0331,0.36275
1.0333,0.36284
1.0335,0.36443
1.0337,0.36631
1.0339,0.36712
1.0341,0.36716
1.0344,0.36701
1.0346,0.36622
1.0348,0.36495
1.035,0.36434
1.0352,0.36493
1.0354,0.36629
1.0356,0.36791
1.0358,0.36978
1.036,0.37122
1.0362,0.37069
1.0364,0.36884
1.0366,0.36851
1.0368,0.36974
1.037,0.37006
1.0372,0.36969
1.0375,0.37051
1.0377,0.37251
1.0379,0.37452
1.0381,0.37543
1.0383,0.3751
1.0385,0.37495
1.0387,0.37533
1.0389,0.37518
1.0391,0.37502
1.0393,0.3756
1.0395,0.37539
1.0397,0.37383
1.04,0.37223
1.0402,0.37143
1.0404,0.37226
1.0406,0.37455
1.0408,0.37567
1.041,0.37512
1.0412,0.37592
1.0414,0.37846
1.0416,0.38023
1.0418,0.38051
1.042,0.3798
1.0423,0.37874
1.0425,0.3786
1.0427,0.37917
1.0429,0.3792
1.0431,0.37924
1.0433,0.37994
1.0435,0.38025
1.0437,0.38012
1.0439,0.38073
1.0441,0.38228
1.0444,0.38401
1.0446,0.38547
1.0448,0.38637
1.045,0.38622
1.0452,0.38509
1.0454,0.38451
1.0456,0.38543
1.0458,0.38613
1.046,0.38556
1.0462,0.38553
1.0465,0.38649
1.0467,0.3866
1.0469,0.38607
1.0471,0.38674
1.0473,0.3883
1.0475,0.3892
1.0477,0.38922
1.0479,0.38948
1.0482,0.39073
1.0484,0.39185
1.0486,0.39118
1.0488,0.38983
1.049,0.38984
1.0492,0.39019
1.0494,0.3891
1.0496,0.38796
1.0498,0.38853
1.0501,0.38988
1.0503,0.39105
1.0505,0.39219
1.0507,0.39286
1.0509,0.39297
1.0511,0.39333
1.0513,0.39379
1.0516,0.39372
1.0518,0.3939
1.052,0.39533
1.0522,0.39734
1.0524,0.39797
1.0526,0.39645
1.0528,0.39478
1.053,0.39483
1.0533,0.3955
1.0535,0.39567
1.0537,0.3962
1.0539,0.39707
1.0541,0.3975
1.0543,0.39787
1.0545,0.39832
1.0548,0.39865
1.055,0.39943
1.0552,0.40036
1.0554,0.4006
1.0556,0.40095
1.0558,0.40159
1.056,0.40108
1.0563,0.39956
1.0565,0.39857
1.0567,0.39898
1.0569,0.40104
1.0571,0.40327
1.0573,0.4033
1.0576,0.40201
1.0578,0.40222
1.058,0.40362
1.0582,0.40446
1.0584,0.40517
1.0586,0.40608
1.0589,0.40596
1.0591,0.40477
1.0593,0.40437
1.0595,0.40558
1.0597,0.40725
1.0599,0.4084
1.0602,0.40909
1.0604,0.40911
1.0606,0.40852
1.0608,0.4085
1.061,0.40923
1.0612,0.40936
1.0615,0.40911
1.0617,0.40962
1.0619,0.40995
1.0621,0.40954
1.0623,0.41004
1.0625,0.41171
1.0628,0.4126
1.063,0.41211
1.0632,0.41152
1.0634,0.41199
1.0636,0.41344
1.0639,0.41449
1.0641,0.4144
1.0643,0.41423
1.0645,0.41478
1.0647,0.4152
1.0649,0.41486
1.0652,0.4144
1.0654,0.41456
1.0656,0.41504
1.0658,0.41515
1.066,0.41538
1.0663,0.41622
1.0665,0.41672
1.0667,0.4164
1.0669,0.41621
1.0671,0.41652
1.0674,0.41708
1.0676,0.4179
1.0678,0.41842
1.068,0.41823
1.0682,0.41813
1.0685,0.41858
1.0687,0.41912
1.0689,0.41956
1.0691,0.41983
1.0693,0.41989
1.0696,0.42016
1.0698,0.42075
1.07,0.42132
1.0702,0.42188
1.0704,0.42249
1.0707,0.42294
1.0709,0.42319
1.0711,0.42324
1.0713,0.4233
1.0715,0.42368
1.0718,0.42441
1.072,0.4253
1.0722,0.42593
1.0724,0.42555
1.0727,0.42437
1.0729,0.42383
1.0731,0.42479
1.0733,0.42666
1.0735,0.42809
1.0738,0.42823
1.074,0.42765
1.0742,0.42741
1.0744,0.42764
1.0747,0.42822
1.0749,0.4293
1.0751,0.43016
1.0753,0.42978
1.0755,0.42897
1.0758,0.42939
1.076,0.43038
1.0762,0.42989
1.0764,0.42882
1.0767,0.42976
1.0769,0.43174
1.0771,0.4321
1.0773,0.43154
1.0776,0.432
1.0778,0.4332
1.078,0.43435
1.0782,0.43492
1.0785,0.43409
1.0787,0.43284
1.0789,0.43318
1.0791,0.43467
1.0794,0.43541
1.0796,0.43511
1.0798,0.43455
1.08,0.43427
1.0803,0.43458
1.0805,0.43542
1.0807,0.43622
1.0809,0.43648
1.0812,0.43626
1.0814,0.43631
1.0816,0.43692
1.0818,0.43735
1.0821,0.43739
1.0823,0.43762
1.0825,0.43789
1.0827,0.43793
1.083,0.43819
1.0832,0.43855
1.0834,0.43853
1.0836,0.43864
1.0839,0.4393
1.0841,0.43986
1.0843,0.44019
1.0845,0.44076
1.0848,0.44131
1.085,0.44129
1.0852,0.44089
1.0855,0.4406
1.0857,0.44058
1.0859,0.44064
1.0861,0.44086
1.0864,0.4418
1.0866,0.44337
1.0868,0.44459
1.087,0.44511
1.0873,0.44534
1.0875,0.44506
1.0877,0.44418
1.088,0.44378
1.0882,0.44453
1.0884,0.44561
1.0886,0.44628
1.0889,0.44665
1.0891,0.44697
1.0893,0.44731
1.0896,0.44762
1.0898,0.4477
1.09,0.44756
1.0902,0.4474
1.0905,0.44741
1.0907,0.4479
1.0909,0.44891
1.0912,0.44982
1.0914,0.45002
1.0916,0.44971
1.0919,0.44932
1.0921,0.44904
1.0923,0.44898
1.0925,0.44918
1.0928,0.44948
1.093,0.45002
1.0932,0.45103
1.0935,0.45208
1.0937,0.4526
1.0939,0.45279
1.0942,0.45303
1.0944,0.45316
1.0946,0.45332
1.0948,0.45394
1.0951,0.45471
1.0953,0.45487
1.0955,0.45433
1.0958,0.4539
1.096,0.45445
1.0962,0.4555
1.0965,0.45593
1.0967,0.45618
1.0969,0.45693
1.0972,0.45709
1.0974,0.45609
1.0976,0.45507
1.0979,0.45473
1.0981,0.45508
1.0983,0.45576
1.0986,0.45595
1.0988,0.45602
1.099,0.45685
1.0993,0.45742
1.0995,0.45696
1.0997,0.45679
1.1,0.45749
1.1002,0.45823
1.1004,0.45868
1.1007,0.45872
1.1009,0.45855
1.1011,0.45897
1.1014,0.45974
1.1016,0.46022
1.1018,0.46071
1.1021,0.46101
1.1023,0.46089
1.1025,0.4615
1.1028,0.46282
1.103,0.46301
1.1032,0.46205
1.1035,0.46172
1.1037,0.46243
1.1039,0.46339
1.1042,0.46381
1.1044,0.46306
1.1046,0.46177
1.1049,0.46153
1.1051,0.46263
1.1054,0.4641
1.1056,0.46542
1.1058,0.4658
1.1061,0.46444
1.1063,0.46276
1.1065,0.4625
1.1068,0.46288
1.107,0.46296
1.1072,0.46372
1.1075,0.4654
1.1077,0.46681
1.1079,0.46741
1.1082,0.46714
1.1084,0.46642
1.1087,0.46669
1.1089,0.46796
1.1091,0.46828
1.1094,0.46739
1.1096,0.46707
1.1098,0.4676
1.1101,0.46805
1.1103,0.46852
1.1106,0.46911
1.1108,0.46884
1.111,0.46763
1.1113,0.46695
1.1115,0.46765
1.1118,0.4691
1.112,0.47018
1.1122,0.47023
1.1125,0.46949
1.1127,0.46867
1.1129,0.46832
1.1132,0.46877
1.1134,0.46978
1.1137,0.47045
1.1139,0.4704
1.1141,0.47039
1.1144,0.47078
1.1146,0.47116
1.1149,0.47129
1.1151,0.47133
1.1153,0.47159
1.1156,0.47227
1.1158,0.47302
1.1161,0.47335
1.1163,0.47327
1.1165,0.47306
1.1168,0.47308
1.117,0.47352
1.1173,0.474
1.1175,0.47408
1.1177,0.4741
1.118,0.47452
1.1182,0.47488
1.1185,0.4745
1.1187,0.47397
1.1189,0.47441
1.1192,0.47536
1.1194,0.47574
1.1197,0.4758
1.1199,0.47608
1.1202,0.47608
1.1204,0.47574
1.1206,0.47574
1.1209,0.47618
1.1211,0.47656
1.1214,0.47664
1.1216,0.47678
1.1219,0.47718
1.1221,0.47723
1.1223,0.4766
1.1226,0.47609
1.1228,0.47617
1.1231,0.47649
1.1233,0.47726
1.1236,0.47855
1.1238,0.47921
1.124,0.47869
1.1243,0.47813
1.1245,0.47847
1.1248,0.47907
1.125,0.47909
1.1253,0.4789
1.1255,0.47914
1.1257,0.47951
1.126,0.47966
1.1262,0.47995
1.1265,0.48032
1.1267,0.48032
1.127,0.4801
1.1272,0.4801
1.1275,0.48036
1.1277,0.48081
1.128,0.48141
1.1282,0.48198
1.1284,0.48231
1.1287,0.48256
1.1289,0.48302
1.1292,0.48327
1.1294,0.48299
1.1297,0.4827
1.1299,0.48251
1.1302,0.48207
1.1304,0.48173
1.1307,0.48191
1.1309,0.48233
1.1312,0.48289
1.1314,0.48344
1.1316,0.48379
1.1319,0.48444
1.1321,0.4854
1.1324,0.4857
1.1326,0.48542
1.1329,0.48532
1.1331,0.4853
1.1334,0.48534
1.1336,0.4857
1.1339,0.48598
1.1341,0.48596
1.1344,0.48585
1.1346,0.48543
1.1349,0.48476
1.1351,0.48481
1.1354,0.48601
1.1356,0.48738
1.1359,0.48774
1.1361,0.48725
1.1364,0.4871
1.1366,0.48765
1.1369,0.48819
1.1371,0.48841
1.1374,0.48855
1.1376,0.48878
1.1379,0.4891
1.1381,0.48911
1.1384,0.48858
1.1386,0.48805
1.1389,0.48808
1.1391,0.48851
1.1394,0.48908
1.1396,0.4896
1.1399,0.48989
1.1401,0.49003
1.1404,0.4902
1.1406,0.49039
1.1409,0.4904
1.1411,0.49019
1.1414,0.49017
1.1416,0.49076
1.1419,0.49151
1.1421,0.49173
1.1424,0.4914
1.1426,0.49071
1.1429,0.49
1.1431,0.48988
1.1434,0.49048
1.1436,0.49124
1.1439,0.49151
1.1441,0.4913
1.1444,0.49131
1.1446,0.49183
1.1449,0.49199
1.1451,0.49151
1.1454,0.4912
1.1456,0.49138
1.1459,0.49198
1.1462,0.493
1.1464,0.49373
1.1467,0.49373
1.1469,0.49374
1.1472,0.49412
1.1474,0.49438
1.1477,0.49443
1.1479,0.4943
1.1482,0.49412
1.1484,0.49435
1.1487,0.49479
1.1489,0.49493
1.1492,0.49502
1.1495,0.4951
1.1497,0.49494
1.15,0.49514
1.1502,0.49593
1.1505,0.49646
1.1507,0.49631
1.151,0.49583
1.1512,0.49544
1.1515,0.49548
1.1518,0.49568
1.152,0.49551
1.1523,0.49525
1.1525,0.49543
1.1528,0.49593
1.153,0.49666
1.1533,0.49729
1.1535,0.49732
1.1538,0.4971
1.1541,0.49726
1.1543,0.49746
1.1546,0.49744
1.1548,0.4976
1.1551,0.49784
1.1553,0.49763
1.1556,0.49708
1.1559,0.49684
1.1561,0.49715
1.1564,0.49772
1.1566,0.49817
1.1569,0.49849
1.1572,0.49874
1.1574,0.49889
1.1577,0.49895
1.1579,0.49891
1.1582,0.49867
1.1584,0.49854
1.1587,0.49891
1.159,0.49944
1.1592,0.49972
1.1595,0.49985
1.1597,0.49978
1.16,0.49945
1.1603,0.49926
1.1605,0.49927
1.1608,0.49935
1.161,0.49967
1.1613,0.50016
1.1616,0.50048
1.1618,0.50077
1.1621,0.50121
1.1623,0.50161
1.1626,0.50184
1.1629,0.50181
1.1631,0.5016
1.1634,0.50161
1.1636,0.50164
1.1639,0.50132
1.1642,0.50117
1.1644,0.50153
1.1647,0.50199
1.165,0.50244
1.1652,0.50277
1.1655,0.50254
1.1657,0.50216
1.166,0.50229
1.1663,0.50263
1.1665,0.50284
1.1668,0.50308
1.1671,0.50339
1.1673,0.5036
1.1676,0.50352
1.1678,0.50325
1.1681,0.50332
1.1684,0.50375
1.1686,0.50399
1.1689,0.50409
1.1692,0.50432
1.1694,0.50438
1.1697,0.50426
1.1699,0.50428
1.1702,0.5044
1.1705,0.50452
1.1707,0.50472
1.171,0.50509
1.1713,0.50527
1.1715,0.50487
1.1718,0.50435
1.1721,0.50463
1.1723,0.50539
1.1726,0.50565
1.1729,0.50539
1.1731,0.50517
1.1734,0.50515
1.1737,0.5052
1.1739,0.50526
1.1742,0.50542
1.1745,0.50558
1.1747,0.50573
1.175,0.50627
1.1752,0.50703
1.1755,0.50718
1.1758,0.50684
1.176,0.50667
1.1763,0.50655
1.1766,0.50647
1.1769,0.50658
1.1771,0.50639
1.1774,0.50615
1.1777,0.50678
1.1779,0.50785
1.1782,0.50833
1.1785,0.50825
1.1787,0.50809
1.179,0.5079
1.1793,0.50754
1.1795,0.50697
1.1798,0.5065
1.1801,0.50674
1.1803,0.50779
1.1806,0.5088
1.1809,0.50876
1.1811,0.50785
1.1814,0.50719
1.1817,0.5072
1.1819,0.50744
1.1822,0.50768
1.1825,0.50785
1.1828,0.50795
1.183,0.5083
1.1833,0.50882
1.1836,0.50912
1.1838,0.50907
1.1841,0.50872
1.1844,0.50855
1.1846,0.50905
1.1849,0.5095
1.1852,0.50924
1.1855,0.50914
1.1857,0.50987
1.186,0.51062
1.1863,0.51075
1.1865,0.51052
1.1868,0.51031
1.1871,0.51022
1.1874,0.51028
1.1876,0.51062
1.1879,0.51086
1.1882,0.51059
1.1884,0.51038
1.1887,0.51069
1.189,0.51093
1.1893,0.51108
1.1895,0.51146
1.1898,0.51155
1.1901,0.51135
1.1904,0.51154
1.1906,0.51181
1.1909,0.51183
1.1912,0.5119
1.1915,0.51175
1.1917,0.51139
1.192,0.51134
1.1923,0.5111
1.1925,0.51045
1.1928,0.51053
1.1931,0.51126
1.1934,0.5114
1.1936,0.51125
1.1939,0.51186
1.1942,0.51272
1.1945,0.51286
1.1947,0.51255
1.195,0.51267
1.1953,0.51325
1.1956,0.51368
1.1958,0.51358
1.1961,0.51303
1.1964,0.51264
1.1967,0.51302
1.197,0.5137
1.1972,0.51375
1.1975,0.51338
1.1978,0.51335
1.1981,0.51353
1.1983,0.51357
1.1986,0.51346
1.1989,0.51343
1.1992,0.51373
1.1994,0.51409
1.1997,0.51398
1.2,0.51342
1.2003,0.51297
1.2006,0.513
1.2008,0.51356
1.2011,0.51411
1.2014,0.51402
1.2017,0.51355
1.2019,0.51365
1.2022,0.51464
1.2025,0.51576
1.2028,0.51604
1.2031,0.51547
1.2033,0.5149
1.2036,0.51493
1.2039,0.51529
1.2042,0.5154
1.2045,0.5153
1.2047,0.51543
1.205,0.51573
1.2053,0.51578
1.2056,0.51555
1.2059,0.51529
1.2061,0.51523
1.2064,0.51557
1.2067,0.51603
1.207,0.51609
1.2073,0.5161
1.2075,0.51658
1.2078,0.51712
1.2081,0.51712
1.2084,0.51671
1.2087,0.51614
1.209,0.51569
1.2092,0.51584
1.2095,0.51645
1.2098,0.51673
1.2101,0.51631
1.2104,0.51561
1.2106,0.51523
1.2109,0.51553
1.2112,0.51651
1.2115,0.51761
1.2118,0.5181
1.2121,0.51789
1.2123,0.51762
1.2126,0.51756
1.2129,0.51741
1.2132,0.51728
1.2135,0.51757
1.2138,0.51805
1.214,0.51835
1.2143,0.51864
1.2146,0.51869
1.2149,0.51808
1.2152,0.51738
1.2155,0.51729
1.2158,0.51741
1.216,0.51737
1.2163,0.51757
1.2166,0.51797
1.2169,0.51827
1.2172,0.51843
1.2175,0.51844
1.2178,0.51833
1.218,0.51818
1.2183,0.51786
1.2186,0.51762
1.2189,0.51789
1.2192,0.51825
1.2195,0.51835
1.2198,0.5186
1.22,0.51909
1.2203,0.51948
1.2206,0.51977
1.2209,0.51991
1.2212,0.51968
1.2215,0.51925
1.2218,0.51895
1.2221,0.51897
1.2223,0.51932
1.2226,0.51963
1.2229,0.51959
1.2232,0.51944
1.2235,0.51943
1.2238,0.51965
1.2241,0.52004
1.2244,0.52024
1.2247,0.52006
1.2249,0.51974
1.2252,0.51958
1.2255,0.51972
1.2258,0.52013
1.2261,0.52053
1.2264,0.52081
1.2267,0.5209
1.227,0.52046
1.2273,0.51965
1.2276,0.5193
1.2278,0.51965
1.2281,0.52028
1.2284,0.52078
1.2287,0.5208
1.229,0.5203
1.2293,0.51986
1.2296,0.51999
1.2299,0.52052
1.2302,0.52095
1.2305,0.52093
1.2308,0.52073
1.2311,0.52082
1.2313,0.52106
1.2316,0.52118
1.2319,0.52132
1.2322,0.52137
1.2325,0.52101
1.2328,0.52073
1.2331,0.52104
1.2334,0.52128
1.2337,0.5209
1.234,0.5206
1.2343,0.52098
1.2346,0.52144
1.2349,0.52151
1.2352,0.52156
1.2355,0.52176
1.2357,0.52178
1.236,0.52151
1.2363,0.52117
1.2366,0.52096
1.2369,0.52101
1.2372,0.52106
1.2375,0.52093
1.2378,0.52106
1.2381,0.52165
1.2384,0.52206
1.2387,0.52204
1.239,0.52209
1.2393,0.52225
1.2396,0.52224
1.2399,0.52217
1.2402,0.52223
1.2405,0.52232
1.2408,0.52247
1.2411,0.52277
1.2414,0.52312
1.2417,0.52338
1.242,0.52349
1.2423,0.52352
1.2426,0.52363
1.2429,0.52359
1.2432,0.52306
1.2435,0.52251
1.2438,0.52247
1.2441,0.52256
1.2443,0.52237
1.2446,0.5222
1.2449,0.52229
1.2452,0.52263
1.2455,0.52316
1.2458,0.52363
1.2461,0.52378
1.2464,0.52364
1.2467,0.5233
1.247,0.52287
1.2473,0.52264
1.2476,0.52275
1.2479,0.52311
1.2482,0.52364
1.2485,0.52417
1.2488,0.5245
1.2491,0.52443
1.2494,0.52401
1.2497,0.5238
1.25,0.52415
1.2504,0.52462
1.2507,0.52477
1.251,0.52474
1.2513,0.52471
1.2516,0.52487
1.2519,0.52523
1.2522,0.52537
1.2525,0.52521
1.2528,0.5251
1.2531,0.52523
1.2534,0.52569
1.2537,0.52608
1.254,0.52562
1.2543,0.52471
1.2546,0.5245
1.2549,0.52479
1.2552,0.52472
1.2555,0.52445
1.2558,0.52434
1.2561,0.52433
1.2564,0.52445
1.2567,0.52456
1.257,0.52455
1.2573,0.52462
1.2576,0.52479
1.2579,0.52478
1.2582,0.52463
1.2585,0.52455
1.2588,0.52459
1.2592,0.52462
1.2595,0.52484
1.2598,0.52535
1.2601,0.52555
1.2604,0.52524
1.2607,0.52527
1.261,0.52574
1.2613,0.52571
1.2616,0.52542
1.2619,0.52575
1.2622,0.52637
1.2625,0.52664
1.2628,0.52645
1.2631,0.52588
1.2635,0.5254
1.2638,0.52558
1.2641,0.52616
1.2644,0.52659
1.2647,0.52667
1.265,0.52639
1.2653,0.52608
1.2656,0.52599
1.2659,0.52607
1.2662,0.52641
1.2665,0.52691
1.2668,0.52704
1.2672,0.52664
1.2675,0.52628
1.2678,0.52649
1.2681,0.52709
1.2684,0.52741
1.2687,0.52721
1.269,0.52699
1.2693,0.52711
1.2696,0.52723
1.2699,0.52704
1.2703,0.52668
1.2706,0.52644
1.2709,0.52637
1.2712,0.52637
1.2715,0.52651
1.2718,0.52672
1.2721,0.52672
1.2724,0.52663
1.2728,0.52682
1.2731,0.52706
1.2734,0.52702
1.2737,0.5269
1.274,0.52679
1.2743,0.5266
1.2746,0.52642
1.2749,0.5264
1.2753,0.5265
1.2756,0.5266
1.2759,0.52665
1.2762,0.5268
1.2765,0.52704
1.2768,0.52683
1.2771,0.52621
1.2775,0.52607
1.2778,0.52655
1.2781,0.52693
1.2784,0.52679
1.2787,0.52634
1.279,0.52612
1.2793,0.52648
1.2797,0.52683
1.28,0.52672
1.2803,0.52682
1.2806,0.52749
1.2809,0.5279
1.2812,0.52759
1.2816,0.52706
1.2819,0.5267
1.2822,0.5266
1.2825,0.52682
1.2828,0.52712
1.2831,0.52723
1.2835,0.52742
1.2838,0.52774
1.2841,0.52784
1.2844,0.52773
1.2847,0.52759
1.2851,0.52721
1.2854,0.52668
1.2857,0.52651
1.286,0.52666
1.2863,0.5268
1.2867,0.52717
1.287,0.5277
1.2873,0.52787
1.2876,0.5278
1.2879,0.52785
1.2882,0.52786
1.2886,0.52765
1.2889,0.52734
1.2892,0.52715
1.2895,0.52722
1.2899,0.52737
1.2902,0.52728
1.2905,0.52709
1.2908,0.52704
1.2911,0.52703
1.2915,0.52702
1.2918,0.52703
1.2921,0.527
1.2924,0.52706
1.2927,0.52731
1.2931,0.5275
1.2934,0.52731
1.2937,0.52687
1.294,0.5266
1.2944,0.52672
1.2947,0.52698
1.295,0.5272
1.2953,0.52736
1.2957,0.52734
1.296,0.5271
1.2963,0.52705
1.2966,0.52738
1.2969,0.52762
1.2973,0.52732
1.2976,0.5268
1.2979,0.52658
1.2982,0.52663
1.2986,0.52666
1.2989,0.52655
1.2992,0.52635
1.2996,0.52622
1.2999,0.52627
1.3002,0.52637
1.3005,0.52637
1.3009,0.52618
1.3012,0.52581
1.3015,0.52575
1.3018,0.52636
1.3022,0.52694
1.3025,0.52663
1.3028,0.52594
1.3031,0.5259
1.3035,0.52636
1.3038,0.5265
1.3041,0.52617
1.3045,0.52605
1.3048,0.52653
1.3051,0.52711
1.3054,0.5271
1.3058,0.52647
1.3061,0.52578
1.3064,0.52554
1.3068,0.52558
1.3071,0.5254
1.3074,0.52508
1.3077,0.5251
1.3081,0.52543
1.3084,0.5257
1.3087,0.52574
1.3091,0.52566
1.3094,0.52571
1.3097,0.52595
1.3101,0.5262
1.3104,0.52624
1.3107,0.52605
1.3111,0.52572
1.3114,0.5254
1.3117,0.52524
1.312,0.52528
1.3124,0.52544
1.3127,0.52552
1.313,0.52541
1.3134,0.52535
1.3137,0.52543
1.314,0.52554
1.3144,0.52581
1.3147,0.52609
1.315,0.52611
1.3154,0.52604
1.3157,0.52606
1.316,0.52581
1.3164,0.52526
1.3167,0.52483
1.317,0.52468
1.3174,0.52462
1.3177,0.52471
1.318,0.52506
1.3184,0.52539
1.3187,0.52523
1.3191,0.52466
1.3194,0.52436
1.3197,0.52472
1.3201,0.52521
1.3204,0.52526
1.3207,0.52513
1.3211,0.52536
1.3214,0.52576
1.3217,0.52563
1.3221,0.52502
1.3224,0.52461
1.3228,0.52465
1.3231,0.52486
1.3234,0.52489
1.3238,0.52468
1.3241,0.52448
1.3244,0.5244
1.3248,0.52422
1.3251,0.52382
1.3255,0.52344
1.3258,0.52334
1.3261,0.52365
1.3265,0.52421
1.3268,0.52441
1.3272,0.52397
1.3275,0.52328
1.3278,0.52284
1.3282,0.52289
1.3285,0.52339
1.3289,0.52384
1.3292,0.5238
1.3295,0.52351
1.3299,0.52329
1.3302,0.52311
1.3306,0.52284
1.3309,0.52254
1.3312,0.52227
1.3316,0.52202
1.3319,0.52189
1.3323,0.52203
1.3326,0.52235
1.333,0.52233
1.3333,0.52181
1.3336,0.52132
1.334,0.52132
1.3343,0.52157
1.3347,0.5216
1.335,0.52142
1.3354,0.52127
1.3357,0.52111
1.336,0.52082
1.3364,0.52071
1.3367,0.52093
1.3371,0.52089
1.3374,0.52015
1.3378,0.51934
1.3381,0.51926
1.3385,0.51982
1.3388,0.52039
1.3392,0.52069
1.3395,0.52078
1.3398,0.52062
1.3402,0.52029
1.3405,0.5201
1.3409,0.52012
1.3412,0.52006
1.3416,0.51977
1.3419,0.51936
1.3423,0.51896
1.3426,0.51865
1.343,0.51832
1.3433,0.51797
1.3437,0.51782
1.344,0.51782
1.3444,0.51768
1.3447,0.51763
1.3451,0.51792
1.3454,0.51812
1.3458,0.51779
1.3461,0.51728
1.3465,0.51703
1.3468,0.51709
1.3472,0.51727
1.3475,0.51733
1.3479,0.51713
1.3482,0.51697
1.3486,0.51691
1.3489,0.51657
1.3493,0.51613
1.3496,0.51612
1.35,0.51645
1.3503,0.51665
1.3507,0.51656
1.351,0.516
1.3514,0.51512
1.3517,0.51461
1.3521,0.51475
1.3524,0.51511
1.3528,0.51533
1.3531,0.51539
1.3535,0.51526
1.3538,0.51509
1.3542,0.51504
1.3545,0.51504
1.3549,0.51511
1.3553,0.51533
1.3556,0.51549
1.356,0.51534
1.3563,0.51503
1.3567,0.51479
1.357,0.51457
1.3574,0.51446
1.3577,0.51447
1.3581,0.51433
1.3585,0.514
1.3588,0.51388
1.3592,0.51401
1.3595,0.51381
1.3599,0.51328
1.3602,0.51304
1.3606,0.51321
1.3609,0.51326
1.3613,0.51321
1.3617,0.51359
1.362,0.51422
1.3624,0.51428
1.3627,0.51352
1.3631,0.51252
1.3635,0.51201
1.3638,0.51234
1.3642,0.51303
1.3645,0.51316
1.3649,0.51267
1.3652,0.51236
1.3656,0.51238
1.366,0.51225
1.3663,0.51184
1.3667,0.51149
1.367,0.51131
1.3674,0.51117
1.3678,0.51123
1.3681,0.51155
1.3685,0.51163
1.3689,0.51109
1.3692,0.51036
1.3696,0.5099
1.3699,0.50975
1.3703,0.50989
1.3707,0.51021
1.371,0.51036
1.3714,0.51023
1.3717,0.5099
1.3721,0.5095
1.3725,0.50921
1.3728,0.5091
1.3732,0.50884
1.3736,0.50818
1.3739,0.50742
1.3743,0.50703
1.3747,0.50702
1.375,0.50706
1.3754,0.50696
1.3758,0.50681
1.3761,0.50677
1.3765,0.50696
1.3768,0.50718
1.3772,0.50704
1.3776,0.50671
1.3779,0.50647
1.3783,0.50615
1.3787,0.50557
1.379,0.50489
1.3794,0.50438
1.3798,0.50433
1.3801,0.50467
1.3805,0.50485
1.3809,0.50458
1.3812,0.50402
1.3816,0.50346
1.382,0.50356
1.3824,0.50429
1.3827,0.50438
1.3831,0.50334
1.3835,0.50235
1.3838,0.50209
1.3842,0.5022
1.3846,0.50248
1.3849,0.50269
1.3853,0.50239
1.3857,0.50171
1.386,0.50101
1.3864,0.5003
1.3868,0.49961
1.3872,0.49917
1.3875,0.49901
1.3879,0.49911
1.3883,0.49916
1.3886,0.49851
1.389,0.49741
1.3894,0.49686
1.3898,0.49697
1.3901,0.49678
1.3905,0.49595
1.3909,0.49493
1.3913,0.49412
1.3916,0.49385
1.392,0.49405
1.3924,0.49413
1.3927,0.49406
1.3931,0.49448
1.3935,0.49512
1.3939,0.49517
1.3942,0.49479
1.3946,0.49447
1.395,0.49417
1.3954,0.49389
1.3957,0.49382
1.3961,0.49346
1.3965,0.49241
1.3969,0.49122
1.3973,0.49044
1.3976,0.48999
1.398,0.48982
1.3984,0.49037
1.3988,0.49151
1.3991,0.49227
1.3995,0.49224
1.3999,0.49224
1.4003,0.49274
1.4006,0.49292
1.401,0.49232
1.4014,0.4917
1.4018,0.49145
1.4022,0.49116
1.4025,0.49081
1.4029,0.49061
1.4033,0.49034
1.4037,0.48981
1.4041,0.48931
1.4044,0.48911
1.4048,0.48913
1.4052,0.48928
1.4056,0.48943
1.406,0.48938
1.4063,0.48925
1.4067,0.4894
1.4071,0.48966
1.4075,0.48953
1.4079,0.48908
1.4083,0.48885
1.4086,0.48886
1.409,0.4888
1.4094,0.48864
1.4098,0.48846
1.4102,0.48833
1.4106,0.48825
1.4109,0.48813
1.4113,0.48787
1.4117,0.48753
1.4121,0.48727
1.4125,0.48726
1.4129,0.48747
1.4132,0.48766
1.4136,0.48763
1.414,0.48737
1.4144,0.48693
1.4148,0.48642
1.4152,0.48617
1.4156,0.48624
1.4159,0.48607
1.4163,0.48537
1.4167,0.48479
1.4171,0.48489
1.4175,0.48524
1.4179,0.48529
1.4183,0.4851
1.4187,0.48492
1.419,0.48467
1.4194,0.48411
1.4198,0.48332
1.4202,0.48293
1.4206,0.48313
1.421,0.48338
1.4214,0.48336
1.4218,0.48335
1.4222,0.48324
1.4226,0.48277
1.4229,0.48222
1.4233,0.482
1.4237,0.48187
1.4241,0.48156
1.4245,0.48132
1.4249,0.48133
1.4253,0.48122
1.4257,0.48076
1.4261,0.48026
1.4265,0.48004
1.4269,0.48021
1.4273,0.48042
1.4276,0.48019
1.428,0.47977
1.4284,0.47965
1.4288,0.47947
1.4292,0.47897
1.4296,0.47875
1.43,0.47901
1.4304,0.47911
1.4308,0.47875
1.4312,0.47797
1.4316,0.47709
1.432,0.4766
1.4324,0.47653
1.4328,0.47656
1.4332,0.47655
1.4336,0.47644
1.434,0.47627
1.4344,0.47621
1.4348,0.47618
1.4352,0.47597
1.4356,0.47563
1.4359,0.47515
1.4363,0.47459
1.4367,0.47422
1.4371,0.47405
1.4375,0.47386
1.4379,0.47376
1.4383,0.47396
1.4387,0.47421
1.4391,0.47401
1.4395,0.47345
1.4399,0.47301
1.4403,0.47271
1.4407,0.47237
1.4411,0.47221
1.4415,0.47228
1.4419,0.47216
1.4423,0.47188
1.4427,0.47155
1.4431,0.47093
1.4435,0.47031
1.4439,0.47032
1.4443,0.47079
1.4447,0.47091
1.4452,0.47036
1.4456,0.46937
1.446,0.46848
1.4464,0.46814
1.4468,0.46835
1.4472,0.46868
1.4476,0.46873
1.448,0.46835
1.4484,0.4677
1.4488,0.46713
1.4492,0.46689
1.4496,0.4669
1.45,0.46688
1.4504,0.46665
1.4508,0.46631
1.4512,0.46613
1.4516,0.46617
1.452,0.46606
1.4524,0.46566
1.4528,0.46538
1.4533,0.46527
1.4537,0.46497
1.4541,0.46448
1.4545,0.46406
1.4549,0.4637
1.4553,0.46345
1.4557,0.4634
1.4561,0.46339
1.4565,0.46328
1.4569,0.4631
1.4573,0.46283
1.4577,0.46251
1.4582,0.46216
1.4586,0.46173
1.459,0.46136
1.4594,0.46093
1.4598,0.4604
1.4602,0.46019
1.4606,0.46029
1.461,0.46002
1.4614,0.45939
1.4619,0.45892
1.4623,0.45864
1.4627,0.45851
1.4631,0.45852
1.4635,0.45832
1.4639,0.4579
1.4643,0.45759
1.4647,0.45736
1.4652,0.457
1.4656,0.45644
1.466,0.45575
1.4664,0.45515
1.4668,0.45477
1.4672,0.45456
1.4676,0.45458
1.4681,0.45463
1.4685,0.45435
1.4689,0.45381
1.4693,0.45339
1.4697,0.45323
1.4701,0.45326
1.4706,0.45323
1.471,0.45294
1.4714,0.45255
1.4718,0.45234
1.4722,0.45221
1.4726,0.45203
1.4731,0.45181
1.4735,0.4514
1.4739,0.45079
1.4743,0.45038
1.4747,0.45045
1.4752,0.45068
1.4756,0.45044
1.476,0.44961
1.4764,0.44872
1.4768,0.44833
1.4773,0.44843
1.4777,0.44854
1.4781,0.4484
1.4785,0.44824
1.479,0.44821
1.4794,0.44816
1.4798,0.44796
1.4802,0.44754
1.4806,0.44702
1.4811,0.44665
1.4815,0.44639
1.4819,0.44597
1.4823,0.44556
1.4828,0.44547
1.4832,0.44562
1.4836,0.44571
1.484,0.44561
1.4845,0.44535
1.4849,0.44499
1.4853,0.4445
1.4857,0.44388
1.4862,0.44343
1.4866,0.44335
1.487,0.44336
1.4874,0.44301
1.4879,0.44245
1.4883,0.44218
1.4887,0.4423
1.4891,0.44241
1.4896,0.44222
1.49,0.44159
1.4904,0.44078
1.4909,0.44042
1.4913,0.44046
1.4917,0.44025
1.4921,0.43967
1.4926,0.43903
1.493,0.43847
1.4934,0.43821
1.4939,0.43841
1.4943,0.43854
1.4947,0.43821
1.4952,0.43769
1.4956,0.43728
1.496,0.43682
1.4965,0.43629
1.4969,0.43591
1.4973,0.4357
1.4977,0.43538
1.4982,0.43494
1.4986,0.43462
1.499,0.4344
1.4995,0.4342
1.4999,0.43402
1.5003,0.43367
1.5008,0.43325
1.5012,0.43306
1.5017,0.43296
1.5021,0.43273
1.5025,0.43258
1.503,0.43245
1.5034,0.43219
1.5038,0.43192
1.5043,0.43159
1.5047,0.43103
1.5051,0.4305
1.5056,0.43041
1.506,0.43059
1.5065,0.43055
1.5069,0.43007
1.5073,0.42941
1.5078,0.42904
1.5082,0.42896
1.5086,0.42883
1.5091,0.42844
1.5095,0.42787
1.51,0.42736
1.5104,0.4271
1.5108,0.42703
1.5113,0.4269
1.5117,0.42664
1.5122,0.42639
1.5126,0.4261
1.513,0.42573
1.5135,0.42551
1.5139,0.42547
1.5144,0.42519
1.5148,0.42471
1.5153,0.42445
1.5157,0.42424
1.5161,0.42383
1.5166,0.42335
1.517,0.4229
1.5175,0.42256
1.5179,0.42242
1.5184,0.42208
1.5188,0.4213
1.5193,0.42064
1.5197,0.42063
1.5201,0.42104
1.5206,0.42131
1.521,0.42107
1.5215,0.42061
1.5219,0.42021
1.5224,0.41972
1.5228,0.41936
1.5233,0.41932
1.5237,0.41916
1.5242,0.41887
1.5246,0.41889
1.5251,0.41887
1.5255,0.41843
1.526,0.41791
1.5264,0.41739
1.5269,0.41685
1.5273,0.41653
1.5278,0.41634
1.5282,0.41615
1.5287,0.41599
1.5291,0.41567
1.5296,0.41526
1.53,0.415
1.5305,0.41463
1.5309,0.41404
1.5314,0.41363
1.5318,0.41343
1.5323,0.41335
1.5327,0.4134
1.5332,0.41332
1.5336,0.41294
1.5341,0.41247
1.5345,0.41201
1.535,0.41169
1.5354,0.41161
1.5359,0.41163
1.5364,0.41163
1.5368,0.41144
1.5373,0.4109
1.5377,0.41028
1.5382,0.4099
1.5386,0.40961
1.5391,0.40927
1.5396,0.40886
1.54,0.40834
1.5405,0.40802
1.5409,0.40804
1.5414,0.40794
1.5418,0.40762
1.5423,0.40736
1.5428,0.40714
1.5432,0.40684
1.5437,0.40648
1.5441,0.40619
1.5446,0.40615
1.5451,0.40625
1.5455,0.40605
1.546,0.4056
1.5464,0.40512
1.5469,0.40465
1.5474,0.40434
1.5478,0.40431
1.5483,0.40417
1.5487,0.40383
1.5492,0.40357
1.5497,0.40338
1.5501,0.40306
1.5506,0.40278
1.5511,0.40279
1.5515,0.40294
1.552,0.40287
1.5525,0.40252
1.5529,0.40211
1.5534,0.40175
1.5539,0.40145
1.5543,0.40119
1.5548,0.40081
1.5553,0.40025
1.5557,0.39969
1.5562,0.39921
1.5567,0.39881
1.5571,0.39859
1.5576,0.39846
1.5581,0.39812
1.5585,0.39757
1.559,0.39695
1.5595,0.39634
1.5599,0.39587
1.5604,0.39564
1.5609,0.39541
1.5613,0.39504
1.5618,0.39478
1.5623,0.39476
1.5627,0.39462
1.5632,0.39412
1.5637,0.39363
1.5642,0.39349
1.5646,0.39352
1.5651,0.39334
1.5656,0.3929
1.5661,0.39239
1.5665,0.39192
1.567,0.39154
1.5675,0.39126
1.5679,0.39103
1.5684,0.39075
1.5689,0.39037
1.5694,0.3901
1.5698,0.39001
1.5703,0.38992
1.5708,0.38967
1.5713,0.38937
1.5718,0.38918
1.5722,0.38905
1.5727,0.38869
1.5732,0.3881
1.5737,0.38765
1.5741,0.38746
1.5746,0.38733
1.5751,0.3871
1.5756,0.38673
1.576,0.38632
1.5765,0.38605
1.577,0.38588
1.5775,0.38549
1.578,0.38499
1.5784,0.3847
1.5789,0.38465
1.5794,0.3847
1.5799,0.38474
1.5804,0.38463
1.5809,0.38439
1.5813,0.3841
1.5818,0.38375
1.5823,0.38338
1.5828,0.38296
1.5833,0.38246
1.5838,0.38202
1.5842,0.38169
1.5847,0.3814
1.5852,0.38112
1.5857,0.38086
1.5862,0.38063
1.5867,0.38044
1.5871,0.38023
1.5876,0.38
1.5881,0.37989
1.5886,0.3797
1.5891,0.37923
1.5896,0.37872
1.5901,0.37839
1.5906,0.37815
1.591,0.378
1.5915,0.37796
1.592,0.37796
1.5925,0.37788
1.593,0.3776
1.5935,0.37731
1.594,0.37725
1.5945,0.377
1.595,0.37629
1.5954,0.37578
1.5959,0.37584
1.5964,0.37594
1.5969,0.37585
1.5974,0.37575
1.5979,0.37555
1.5984,0.37503
1.5989,0.37442
1.5994,0.37427
1.5999,0.37461
1.6004,0.37472
1.6009,0.37419
1.6014,0.3736
1.6019,0.37346
1.6024,0.37338
1.6028,0.37298
1.6033,0.3725
1.6038,0.37218
1.6043,0.37176
1.6048,0.3711
1.6053,0.37057
1.6058,0.37045
1.6063,0.37047
1.6068,0.37026
1.6073,0.36978
1.6078,0.36937
1.6083,0.36929
1.6088,0.36942
1.6093,0.36947
1.6098,0.36935
1.6103,0.36905
1.6108,0.36871
1.6113,0.36848
1.6118,0.3682
1.6123,0.36773
1.6128,0.36721
1.6133,0.36668
1.6138,0.36619
1.6143,0.36608
1.6148,0.3661
1.6153,0.36581
1.6158,0.36552
1.6163,0.36546
1.6168,0.36538
1.6173,0.36538
1.6178,0.36553
1.6184,0.36525
1.6189,0.36445
1.6194,0.36376
1.6199,0.36346
1.6204,0.36338
1.6209,0.3633
1.6214,0.36316
1.6219,0.36297
1.6224,0.36265
1.6229,0.36224
1.6234,0.36193
1.6239,0.36171
1.6244,0.36142
1.6249,0.36117
1.6255,0.36111
1.626,0.36108
1.6265,0.36093
1.627,0.36067
1.6275,0.36033
1.628,0.36004
1.6285,0.35981
1.629,0.35949
1.6295,0.35907
1.6301,0.35871
1.6306,0.35853
1.6311,0.35831
1.6316,0.35783
1.6321,0.35727
1.6326,0.35706
1.6331,0.35705
1.6337,0.35678
1.6342,0.3564
1.6347,0.35636
1.6352,0.35651
1.6357,0.35647
1.6362,0.35625
1.6367,0.35601
1.6373,0.35575
1.6378,0.35555
1.6383,0.35543
1.6388,0.35523
1.6393,0.355
1.6398,0.35485
1.6404,0.35457
1.6409,0.3542
1.6414,0.35394
1.6419,0.35374
1.6424,0.35353
1.643,0.35344
1.6435,0.35339
1.644,0.35323
1.6445,0.35299
1.6451,0.35264
1.6456,0.35222
1.6461,0.35188
1.6466,0.35155
1.6471,0.35114
1.6477,0.35084
1.6482,0.35067
1.6487,0.35051
1.6492,0.35039
1.6498,0.35039
1.6503,0.35034
1.6508,0.35013
1.6513,0.34989
1.6519,0.34984
1.6524,0.34981
1.6529,0.34947
1.6534,0.34899
1.654,0.34875
1.6545,0.34859
1.655,0.34819
1.6556,0.34776
1.6561,0.34761
1.6566,0.3475
1.6571,0.34713
1.6577,0.34662
1.6582,0.34622
1.6587,0.34598
1.6593,0.34592
1.6598,0.34598
1.6603,0.34592
1.6609,0.34558
1.6614,0.34516
1.6619,0.34494
1.6625,0.34488
1.663,0.34482
1.6635,0.3447
1.6641,0.34448
1.6646,0.34414
1.6651,0.34394
1.6657,0.34397
1.6662,0.34385
1.6667,0.34345
1.6673,0.34307
1.6678,0.34282
1.6683,0.34256
1.6689,0.34233
1.6694,0.3421
1.67,0.3418
1.6705,0.34154
1.671,0.34135
1.6716,0.34103
1.6721,0.3407
1.6726,0.34063
1.6732,0.34062
1.6737,0.34034
1.6743,0.33994
1.6748,0.33979
1.6753,0.33976
1.6759,0.33948
1.6764,0.33905
1.677,0.33895
1.6775,0.3391
1.6781,0.33901
1.6786,0.33861
1.6791,0.33816
1.6797,0.3378
1.6802,0.33751
1.6808,0.33734
1.6813,0.33725
1.6819,0.33708
1.6824,0.33691
1.683,0.33674
1.6835,0.33651
1.6841,0.33634
1.6846,0.33635
1.6851,0.33628
1.6857,0.33599
1.6862,0.33571
1.6868,0.33545
1.6873,0.33498
1.6879,0.3345
1.6884,0.33442
1.689,0.3347
1.6895,0.33487
1.6901,0.33478
1.6906,0.33462
1.6912,0.33429
1.6917,0.33379
1.6923,0.33343
1.6929,0.33329
1.6934,0.33319
1.694,0.33322
1.6945,0.33329
1.6951,0.33311
1.6956,0.3328
1.6962,0.33261
1.6967,0.3325
1.6973,0.33238
1.6978,0.3322
1.6984,0.3319
1.699,0.33168
1.6995,0.3316
1.7001,0.33144
1.7006,0.33128
1.7012,0.33132
1.7017,0.33127
1.7023,0.33104
1.7029,0.33093
1.7034,0.33094
1.704,0.3308
1.7045,0.33053
1.7051,0.3304
1.7057,0.3304
1.7062,0.33027
1.7068,0.32989
1.7073,0.32943
1.7079,0.32923
1.7085,0.32931
1.709,0.32936
1.7096,0.32914
1.7102,0.32879
1.7107,0.32857
1.7113,0.32851
1.7119,0.32849
1.7124,0.32832
1.713,0.32795
1.7135,0.32761
1.7141,0.32756
1.7147,0.32765
1.7153,0.32756
1.7158,0.32728
1.7164,0.32701
1.717,0.32686
1.7175,0.32678
1.7181,0.32663
1.7187,0.32645
1.7192,0.32636
1.7198,0.32621
1.7204,0.32585
1.7209,0.32556
1.7215,0.32558
1.7221,0.32559
1.7227,0.32536
1.7232,0.32508
1.7238,0.32487
1.7244,0.32471
1.725,0.32462
1.7255,0.32457
1.7261,0.32457
1.7267,0.32473
1.7272,0.32488
1.7278,0.32468
1.7284,0.32421
1.729,0.32377
1.7296,0.32343
1.7301,0.32317
1.7307,0.32305
1.7313,0.32308
1.7319,0.32298
1.7324,0.32268
1.733,0.32254
1.7336,0.32275
1.7342,0.32295
1.7348,0.32291
1.7353,0.32271
1.7359,0.32238
1.7365,0.32213
1.7371,0.32202
1.7377,0.32185
1.7383,0.32167
1.7388,0.32169
1.7394,0.32164
1.74,0.32131
1.7406,0.32096
1.7412,0.32075
1.7418,0.32063
1.7423,0.32049
1.7429,0.32033
1.7435,0.32027
1.7441,0.32033
1.7447,0.32021
1.7453,0.31978
1.7459,0.31943
1.7464,0.3193
1.747,0.31918
1.7476,0.31908
1.7482,0.31896
1.7488,0.31874
1.7494,0.31866
1.75,0.31885
1.7506,0.319
1.7512,0.31882
1.7518,0.31846
1.7524,0.31827
1.7529,0.31834
1.7535,0.31845
1.7541,0.31833
1.7547,0.31795
1.7553,0.31759
1.7559,0.31742
1.7565,0.31747
1.7571,0.3177
1.7577,0.31784
1.7583,0.31757
1.7589,0.31717
1.7595,0.3171
1.7601,0.31724
1.7607,0.31732
1.7613,0.3173
1.7619,0.31719
1.7625,0.31703
1.7631,0.31691
1.7637,0.31683
1.7643,0.31681
1.7649,0.31687
1.7655,0.3168
1.7661,0.31659
1.7667,0.31648
1.7673,0.31651
1.7679,0.31656
1.7685,0.3165
1.7691,0.31623
1.7697,0.31596
1.7703,0.31588
1.7709,0.31581
1.7715,0.31562
1.7721,0.3155
1.7727,0.31549
1.7733,0.31544
1.7739,0.31523
1.7745,0.3149
1.7751,0.31468
1.7758,0.31473
1.7764,0.31489
1.777,0.315
1.7776,0.31492
1.7782,0.31472
1.7788,0.31462
1.7794,0.31473
1.78,0.31483
1.7806,0.31476
1.7812,0.31477
1.7819,0.31488
1.7825,0.31479
1.7831,0.31448
1.7837,0.3142
1.7843,0.31398
1.7849,0.31378
1.7855,0.31371
1.7862,0.31376
1.7868,0.31381
1.7874,0.31377
1.788,0.31356
1.7886,0.31329
1.7892,0.31321
1.7899,0.31325
1.7905,0.3132
1.7911,0.31319
1.7917,0.31323
1.7923,0.31301
1.7929,0.31272
1.7936,0.31274
1.7942,0.3129
1.7948,0.31293
1.7954,0.31291
1.7961,0.31292
1.7967,0.31292
1.7973,0.31287
1.7979,0.31264
1.7985,0.31229
1.7992,0.31219
1.7998,0.3124
1.8004,0.31253
1.801,0.31249
1.8017,0.31257
1.8023,0.3127
1.8029,0.31262
1.8036,0.31252
1.8042,0.31257
1.8048,0.31242
1.8054,0.31199
1.8061,0.31182
1.8067,0.31202
1.8073,0.3122
1.808,0.31218
1.8086,0.31199
1.8092,0.31172
1.8098,0.31158
1.8105,0.31165
1.8111,0.31177
1.8117,0.31178
1.8124,0.31167
1.813,0.31163
1.8136,0.31181
1.8143,0.31208
1.8149,0.31216
1.8155,0.31202
1.8162,0.3118
1.8168,0.31168
1.8175,0.31168
1.8181,0.31174
1.8187,0.31176
1.8194,0.3119
1.82,0.31222
1.8206,0.31232
1.8213,0.31216
1.8219,0.3121
1.8226,0.31209
1.8232,0.31182
1.8238,0.31149
1.8245,0.31142
1.8251,0.31161
1.8258,0.31185
1.8264,0.3119
1.8271,0.3117
1.8277,0.31151
1.8284,0.31141
1.829,0.31125
1.8296,0.31108
1.8303,0.31104
1.8309,0.31105
1.8316,0.3109
1.8322,0.31054
1.8329,0.31026
1.8335,0.31036
1.8342,0.31063
1.8348,0.31068
1.8355,0.3106
1.8361,0.31067
1.8368,0.31081
1.8374,0.31084
1.8381,0.3107
1.8387,0.3106
1.8394,0.3107
1.84,0.31085
1.8407,0.3109
1.8413,0.311
1.842,0.31099
1.8426,0.3106
1.8433,0.31016
1.844,0.31
1.8446,0.30998
1.8453,0.31004
1.8459,0.31033
1.8466,0.31071
1.8472,0.31101
1.8479,0.31115
1.8486,0.31094
1.8492,0.3105
1.8499,0.31023
1.8505,0.31024
1.8512,0.31041
1.8519,0.31066
1.8525,0.31092
1.8532,0.31102
1.8538,0.31097
1.8545,0.31087
1.8552,0.31077
1.8558,0.3107
1.8565,0.31078
1.8572,0.31082
1.8578,0.31075
1.8585,0.31081
1.8592,0.31109
1.8598,0.31132
1.8605,0.31148
1.8612,0.31163
1.8618,0.3117
1.8625,0.31167
1.8632,0.31163
1.8638,0.31159
1.8645,0.31174
1.8652,0.31206
1.8659,0.31234
1.8665,0.31262
1.8672,0.31299
1.8679,0.31319
1.8685,0.31305
1.8692,0.31286
1.8699,0.31295
1.8706,0.31335
1.8712,0.31374
1.8719,0.31382
1.8726,0.3138
1.8733,0.31372
1.8739,0.31334
1.8746,0.31301
1.8753,0.31319
1.876,0.31363
1.8767,0.31396
1.8773,0.31407
1.878,0.31381
1.8787,0.31341
1.8794,0.31342
1.8801,0.31382
1.8807,0.31421
1.8814,0.31432
1.8821,0.31416
1.8828,0.31417
1.8835,0.31457
1.8842,0.31493
1.8848,0.3149
1.8855,0.31468
1.8862,0.31456
1.8869,0.31466
1.8876,0.31484
1.8883,0.31489
1.889,0.31493
1.8897,0.31505
1.8903,0.31506
1.891,0.31497
1.8917,0.31503
1.8924,0.31512
1.8931,0.31511
1.8938,0.3152
1.8945,0.31538
1.8952,0.31539
1.8959,0.31538
1.8966,0.31556
1.8973,0.31574
1.898,0.31577
1.8986,0.31593
1.8993,0.31643
1.9,0.31694
1.9007,0.31702
1.9014,0.31689
1.9021,0.31698
1.9028,0.31715
1.9035,0.31714
1.9042,0.31721
1.9049,0.31757
1.9056,0.31796
1.9063,0.31819
1.907,0.31819
1.9077,0.31808
1.9084,0.31797
1.9091,0.31803
1.9098,0.31829
1.9105,0.31864
1.9112,0.31886
1.9119,0.31896
1.9127,0.31917
1.9134,0.31957
1.9141,0.31989
1.9148,0.32
1.9155,0.31987
1.9162,0.31967
1.9169,0.31965
1.9176,0.31989
1.9183,0.32019
1.919,0.32048
1.9197,0.32084
1.9204,0.32124
1.9212,0.32153
1.9219,0.32158
1.9226,0.32147
1.9233,0.32142
1.924,0.3214
1.9247,0.32146
1.9254,0.32162
1.9262,0.32175
1.9269,0.32184
1.9276,0.32205
1.9283,0.32233
1.929,0.32256
1.9297,0.32273
1.9305,0.32286
1.9312,0.32305
1.9319,0.32326
1.9326,0.32328
1.9333,0.32338
1.9341,0.32374
1.9348,0.32398
1.9355,0.32397
1.9362,0.32419
1.9369,0.32465
1.9377,0.32503
1.9384,0.32524
1.9391,0.32531
1.9398,0.32537
1.9406,0.32565
1.9413,0.32602
1.942,0.32621
1.9428,0.32633
1.9435,0.32664
1.9442,0.32697
1.9449,0.32717
1.9457,0.32725
1.9464,0.32727
1.9471,0.3273
1.9479,0.32747
1.9486,0.32788
1.9493,0.32838
1.9501,0.32872
1.9508,0.32893
1.9515,0.32933
1.9523,0.3298
1.953,0.32997
1.9537,0.32995
1.9545,0.33007
1.9552,0.33031
1.9559,0.33043
1.9567,0.33041
1.9574,0.33052
1.9582,0.33085
1.9589,0.33121
1.9596,0.33154
1.9604,0.33187
1.9611,0.3322
1.9619,0.33247
1.9626,0.33262
1.9633,0.33276
1.9641,0.33299
1.9648,0.33339
1.9656,0.33383
1.9663,0.33417
1.9671,0.3345
1.9678,0.3349
1.9686,0.33517
1.9693,0.33528
1.9701,0.33549
1.9708,0.33579
1.9716,0.33605
1.9723,0.33625
1.9731,0.33642
1.9738,0.3366
1.9746,0.33681
1.9753,0.3371
1.9761,0.33741
1.9768,0.33773
1.9776,0.33804
1.9783,0.33839
1.9791,0.33877
1.9798,0.33899
1.9806,0.33909
1.9814,0.33933
1.9821,0.33966
1.9829,0.33988
1.9836,0.34007
1.9844,0.34042
1.9851,0.34088
1.9859,0.34132
1.9867,0.34165
1.9874,0.34183
1.9882,0.34196
1.989,0.3422
1.9897,0.34264
1.9905,0.34321
1.9912,0.34365
1.992,0.34383
1.9928,0.3439
1.9935,0.34412
1.9943,0.34446
1.9951,0.34472
1.9958,0.34485
1.9966,0.34508
1.9974,0.34536
1.9982,0.34561
1.9989,0.34592
1.9997,0.34631
2.0005,0.34672
2.0012,0.34718
2.002,0.34776
2.0028,0.34832
2.0036,0.34876
2.0043,0.3491
2.0051,0.34942
2.0059,0.34975
2.0067,0.35004
2.0074,0.35029
2.0082,0.35051
2.009,0.35076
2.0098,0.35116
2.0105,0.35173
2.0113,0.35225
2.0121,0.35259
2.0129,0.3529
2.0137,0.3533
2.0145,0.35377
2.0152,0.35423
2.016,0.35464
2.0168,0.35511
2.0176,0.35561
2.0184,0.35602
2.0192,0.35628
2.0199,0.35641
2.0207,0.35656
2.0215,0.35687
2.0223,0.35728
2.0231,0.35771
2.0239,0.35825
2.0247,0.35887
2.0255,0.35928
2.0263,0.35954
2.0271,0.35984
2.0278,0.36015
2.0286,0.36061
2.0294,0.36124
2.0302,0.36172
2.031,0.36205
2.0318,0.36246
2.0326,0.36299
2.0334,0.36347
2.0342,0.36388
2.035,0.36424
2.0358,0.36469
2.0366,0.36528
2.0374,0.36584
2.0382,0.36623
2.039,0.36657
2.0398,0.36686
2.0406,0.36708
2.0414,0.36742
2.0422,0.36797
2.043,0.36856
2.0438,0.36904
2.0446,0.36941
2.0454,0.3698
2.0463,0.37029
2.0471,0.37084
2.0479,0.37134
2.0487,0.3717
2.0495,0.37205
2.0503,0.37248
2.0511,0.37298
2.0519,0.37356
2.0527,0.37428
2.0535,0.37489
2.0544,0.37517
2.0552,0.37531
2.056,0.37573
2.0568,0.37638
2.0576,0.37704
2.0584,0.37763
2.0593,0.37817
2.0601,0.37853
2.0609,0.37877
2.0617,0.37898
2.0625,0.37932
2.0634,0.37975
2.0642,0.38006
2.065,0.38023
2.0658,0.38058
2.0666,0.38138
2.0675,0.38215
2.0683,0.38264
2.0691,0.38312
2.0699,0.38349
2.0708,0.38369
2.0716,0.38406
2.0724,0.38485
2.0733,0.38566
2.0741,0.38616
2.0749,0.38641
2.0757,0.38661
2.0766,0.3871
2.0774,0.38779
2.0782,0.38832
2.0791,0.38865
2.0799,0.38914
2.0807,0.38989
2.0816,0.39061
2.0824,0.39112
2.0832,0.39151
2.0841,0.39202
2.0849,0.39261
2.0858,0.39307
2.0866,0.39348
2.0874,0.39396
2.0883,0.39443
2.0891,0.39488
2.09,0.39545
2.0908,0.39599
2.0917,0.39656
2.0925,0.39726
2.0933,0.39797
2.0942,0.39853
2.095,0.39916
2.0959,0.39981
2.0967,0.40024
2.0976,0.40075
2.0984,0.40146
2.0993,0.40204
2.1001,0.40241
2.101,0.40291
2.1018,0.40347
2.1027,0.40396
2.1035,0.40437
2.1044,0.40489
2.1052,0.40541
2.1061,0.40571
2.1069,0.40599
2.1078,0.40646
2.1087,0.40719
2.1095,0.40808
2.1104,0.40892
2.1112,0.40957
2.1121,0.41025
2.113,0.41105
2.1138,0.41177
2.1147,0.41225
2.1155,0.4127
2.1164,0.41335
2.1173,0.41411
2.1181,0.4149
2.119,0.41578
2.1199,0.4165
2.1207,0.41697
2.1216,0.41726
2.1225,0.41764
2.1233,0.41817
2.1242,0.41876
2.1251,0.41937
2.126,0.41978
2.1268,0.42017
2.1277,0.42066
2.1286,0.42137
2.1294,0.42199
2.1303,0.42248
2.1312,0.42322
2.1321,0.42414
2.133,0.42494
2.1338,0.42544
2.1347,0.42586
2.1356,0.42637
2.1365,0.42709
2.1373,0.42799
2.1382,0.42887
2.1391,0.42952
2.14,0.43008
2.1409,0.43066
2.1418,0.43137
2.1426,0.43217
2.1435,0.43294
2.1444,0.43374
2.1453,0.43456
2.1462,0.43519
2.1471,0.43557
2.148,0.43597
2.1489,0.43635
2.1498,0.43694
2.1506,0.43778
2.1515,0.43862
2.1524,0.43915
2.1533,0.43955
2.1542,0.44014
2.1551,0.44084
2.156,0.44136
2.1569,0.44175
2.1578,0.44211
2.1587,0.44262
2.1596,0.44336
2.1605,0.44412
2.1614,0.44477
2.1623,0.44524
2.1632,0.44545
2.1641,0.44573
2.165,0.4464
2.1659,0.44745
2.1668,0.44827
2.1677,0.44889
2.1686,0.44948
2.1695,0.45001
2.1704,0.45043
2.1714,0.45088
2.1723,0.4516
2.1732,0.45256
2.1741,0.45327
2.175,0.45354
2.1759,0.45393
2.1768,0.45467
2.1777,0.45544
2.1787,0.45613
2.1796,0.45679
2.1805,0.45732
2.1814,0.45781
2.1823,0.4585
2.1832,0.45934
2.1842,0.46016
2.1851,0.4608
2.186,0.46108
2.1869,0.46148
2.1878,0.46216
2.1888,0.46292
2.1897,0.46346
2.1906,0.46392
2.1916,0.46441
2.1925,0.46487
2.1934,0.46525
2.1943,0.46569
2.1953,0.46634
2.1962,0.46703
2.1971,0.46763
2.1981,0.46836
2.199,0.46927
2.1999,0.47013
2.2008,0.47072
2.2018,0.47115
2.2027,0.47144
2.2037,0.4716
2.2046,0.47194
2.2055,0.47248
2.2065,0.47308
2.2074,0.47378
2.2083,0.47457
2.2093,0.47528
2.2102,0.47584
2.2112,0.47627
2.2121,0.47674
2.2131,0.47749
2.214,0.47845
2.215,0.47944
2.2159,0.48026
2.2168,0.48086
2.2178,0.48121
2.2187,0.48189
2.2197,0.48288
2.2206,0.4836
2.2216,0.48394
2.2225,0.48426
2.2235,0.48469
2.2245,0.48521
2.2254,0.48573
2.2264,0.48621
2.2273,0.4868
2.2283,0.48746
2.2292,0.48791
2.2302,0.48818
2.2312,0.48855
2.2321,0.48905
2.2331,0.48975
2.234,0.49043
2.235,0.49096
2.236,0.49133
2.2369,0.49151
2.2379,0.49153
2.2389,0.49176
2.2398,0.49225
2.2408,0.4926
2.2418,0.49277
2.2427,0.49297
2.2437,0.49327
2.2447,0.49371
2.2456,0.49421
2.2466,0.49445
2.2476,0.49459
2.2486,0.49493
2.2495,0.49539
2.2505,0.49589
2.2515,0.49647
2.2525,0.49689
2.2535,0.49726
2.2544,0.49805
2.2554,0.49909
2.2564,0.49983
2.2574,0.50026
2.2584,0.50074
2.2593,0.50139
2.2603,0.50208
2.2613,0.50282
2.2623,0.5036
2.2633,0.50417
2.2643,0.50446
2.2653,0.50479
2.2663,0.50531
2.2672,0.50577
2.2682,0.50609
2.2692,0.50654
2.2702,0.50711
2.2712,0.5077
2.2722,0.50806
2.2732,0.50824
2.2742,0.50855
2.2752,0.50905
2.2762,0.50959
2.2772,0.51007
2.2782,0.51055
2.2792,0.51095
2.2802,0.51098
2.2812,0.51082
2.2822,0.51074
2.2832,0.51094
2.2842,0.51121
2.2852,0.51137
2.2862,0.51126
2.2873,0.51097
2.2883,0.51049
2.2893,0.51002
2.2903,0.50998
2.2913,0.51025
2.2923,0.51051
2.2933,0.51051
2.2943,0.51038
2.2954,0.51026
2.2964,0.51027
2.2974,0.51034
2.2984,0.51038
2.2994,0.5105
2.3004,0.51081
2.3015,0.51114
2.3025,0.51128
2.3035,0.51115
2.3045,0.51093
2.3056,0.51087
2.3066,0.51076
2.3076,0.51057
2.3086,0.5103
2.3097,0.50981
2.3107,0.50947
2.3117,0.50967
2.3128,0.5101
2.3138,0.51018
2.3148,0.51023
2.3159,0.51072
2.3169,0.51116
2.3179,0.5116
2.319,0.51215
2.32,0.51274
2.321,0.51303
2.3221,0.51312
2.3231,0.51328
2.3242,0.51373
2.3252,0.5145
2.3262,0.51519
2.3273,0.51609
2.3283,0.51704
2.3294,0.51786
2.3304,0.51863
2.3315,0.51934
2.3325,0.52006
2.3336,0.52086
2.3346,0.52157
2.3357,0.52219
2.3367,0.52286
2.3378,0.52362
2.3388,0.52435
2.3399,0.52513
2.341,0.52573
2.342,0.52605
2.3431,0.5264
2.3441,0.52702
2.3452,0.52762
2.3462,0.5282
2.3473,0.52887
2.3484,0.52953
2.3494,0.53011
2.3505,0.53065
2.3516,0.53113
2.3526,0.53146
2.3537,0.53177
2.3548,0.53205
2.3558,0.53239
2.3569,0.5329
2.358,0.53347
2.3591,0.53395
2.3601,0.53448
2.3612,0.53471
2.3623,0.53473
2.3634,0.53483
2.3644,0.53528
2.3655,0.53574
2.3666,0.53572
2.3677,0.53548
2.3688,0.53569
2.3698,0.53639
2.3709,0.53696
2.372,0.53716
2.3731,0.53721
2.3742,0.5374
2.3753,0.53774
2.3764,0.53813
2.3774,0.53838
2.3785,0.53857
2.3796,0.53876
2.3807,0.53899
2.3818,0.53912
2.3829,0.53931
2.384,0.53966
2.3851,0.53991
2.3862,0.54004
2.3873,0.54019
2.3884,0.54041
2.3895,0.54062
2.3906,0.54074
2.3917,0.54094
2.3928,0.54142
2.3939,0.54177
2.395,0.54172
2.3961,0.54197
2.3972,0.54269
2.3983,0.54335
2.3994,0.54376
2.4006,0.54416
2.4017,0.54448
2.4028,0.5447
2.4039,0.54507
2.405,0.54568
2.4061,0.54615
2.4072,0.54664
2.4084,0.5472
2.4095,0.54745
2.4106,0.5475
2.4117,0.54773
2.4128,0.54819
2.414,0.54852
2.4151,0.54863
2.4162,0.5488
2.4173,0.54904
2.4185,0.54923
2.4196,0.5495
2.4207,0.54989
2.4219,0.55003
2.423,0.55009
2.4241,0.5504
2.4253,0.55104
2.4264,0.5518
2.4275,0.55201
2.4287,0.552
2.4298,0.55219
2.4309,0.55222
2.4321,0.55191
2.4332,0.55168
2.4344,0.55154
2.4355,0.55181
2.4367,0.55211
2.4378,0.55207
2.4389,0.55181
2.4401,0.55146
2.4412,0.5513
2.4424,0.55147
2.4435,0.55183
2.4447,0.55203
2.4458,0.55226
2.447,0.55192
2.4482,0.55158
2.4493,0.55143
2.4505,0.55126
2.4516,0.55113
2.4528,0.55093
2.454,0.55119
2.4551,0.55126
2.4563,0.55124
2.4574,0.5515
2.4586,0.55162
2.4598,0.55144
2.4609,0.55131
2.4621,0.55118
2.4633,0.55085
2.4645,0.55063
2.4656,0.55037
2.4668,0.55079
2.468,0.55123
2.4691,0.55146
2.4703,0.55146
2.4715,0.5514
2.4727,0.5514
2.4739,0.55183
2.475,0.55136
2.4762,0.55043
2.4774,0.55092
2.4786,0.55197
2.4798,0.55205
2.481,0.55211
2.4821,0.55229
2.4833,0.55291
2.4845,0.55319
2.4857,0.55351
2.4869,0.55386
2.4881,0.55321
2.4893,0.55433
2.4905,0.55383
2.4917,0.55345
2.4929,0.55434
2.4929,0.55476
2.4941,0.55475
2.4953,0.55514
2.4965,0.5558
2.4977,0.55615
2.4989,0.55671
2.5001,0.55773
2.5013,0.5576
2.5025,0.55627
2.5037,0.55646
2.5049,0.55867
2.5061,0.55992
2.5074,0.55864
2.5086,0.55681
2.5098,0.55668
2.511,0.55796
2.5122,0.55885
2.5134,0.55879
2.5146,0.55841
2.5159,0.55788
2.5171,0.55717
2.5183,0.55673
2.5195,0.55681
2.5208,0.55716
2.522,0.55724
2.5232,0.55645
2.5244,0.55502
2.5257,0.55419
2.5269,0.55456
2.5281,0.55536
2.5294,0.55614
2.5306,0.55715
2.5318,0.55773
2.5331,0.55694
2.5343,0.55596
2.5356,0.55667
2.5368,0.55789
2.538,0.55707
2.5393,0.55481
2.5405,0.55406
2.5418,0.55544
2.543,0.55693
2.5443,0.55755
2.5455,0.55758
2.5468,0.55719
2.548,0.55699
2.5493,0.55734
2.5505,0.55756
2.5518,0.55789
2.553,0.55907
2.5543,0.55986
2.5555,0.55892
2.5568,0.55728
2.5581,0.55671
2.5593,0.55809
2.5606,0.56059
2.5619,0.56181
2.5631,0.56082
2.5644,0.55904
2.5657,0.55787
2.5669,0.5579
2.5682,0.5587
2.5695,0.55886
2.5708,0.55859
2.572,0.55946
2.5733,0.56088
2.5746,0.56144
2.5759,0.56163
2.5771,0.56218
2.5784,0.56279
2.5797,0.563
2.581,0.56268
2.5823,0.56253
2.5836,0.56348
2.5848,0.5649
2.5861,0.56567
2.5874,0.56584
2.5887,0.56593
2.59,0.56593
2.5913,0.56602
2.5926,0.56686
2.5939,0.56815
2.5952,0.56795
2.5965,0.56559
2.5978,0.56323
2.5991,0.56272
2.6004,0.56379
2.6017,0.56547
2.603,0.56656
2.6043,0.56629
2.6056,0.56558
2.6069,0.56557
2.6082,0.56568
2.6096,0.56536
2.6109,0.5654
2.6122,0.56626
2.6135,0.56682
2.6148,0.56638
2.6162,0.56597
2.6175,0.56637
2.6188,0.56683
2.6201,0.56683
2.6214,0.56664
2.6228,0.56643
2.6241,0.56644
2.6254,0.56627
2.6267,0.56535
2.6281,0.56478
2.6294,0.5655
2.6307,0.56594
2.6321,0.5652
2.6334,0.56421
2.6348,0.56302
